[1.760s] Invoking command in '/home/punished_venom/DroneControls/build/rplidar_ros': CMAKE_PREFIX_PATH=/opt/ros/lyrical /usr/bin/cmake /home/punished_venom/DroneControls/src/rplidar_ros -DAMENT_CMAKE_SYMLINK_INSTALL=1 -DCMAKE_INSTALL_PREFIX=/home/punished_venom/DroneControls/install/rplidar_ros
[1.792s] [0mCMake Deprecation Warning at CMakeLists.txt:4 (cmake_minimum_required):
[1.792s]   Compatibility with CMake < 3.10 will be removed from a future version of
[1.796s]   CMake.
[1.797s] 
[1.797s]   Update the VERSION argument <min> value.  Or, use the <min>...<max> syntax
[1.798s]   to tell CMake that the project requires at least <min> but has been updated
[1.802s]   to work with policies introduced by <max> or earlier.
[1.804s] 
[1.804s] [0m
[2.074s] -- The C compiler identification is GNU 15.2.0
[2.446s] -- The CXX compiler identification is GNU 15.2.0
[2.512s] -- Detecting C compiler ABI info
[2.981s] -- Detecting C compiler ABI info - done
[3.080s] -- Check for working C compiler: /usr/bin/cc - skipped
[3.082s] -- Detecting C compile features
[3.083s] -- Detecting C compile features - done
[3.142s] -- Detecting CXX compiler ABI info
[3.623s] -- Detecting CXX compiler ABI info - done
[3.712s] -- Check for working CXX compiler: /usr/bin/c++ - skipped
[3.714s] -- Detecting CXX compile features
[3.715s] -- Detecting CXX compile features - done
[3.755s] -- Found ament_cmake: 2.8.8 (/opt/ros/lyrical/share/ament_cmake/cmake)
[4.962s] -- Override CMake install command with custom implementation using symlinks instead of copying resources
[5.134s] -- Found rclcpp: 32.0.3 (/opt/ros/lyrical/share/rclcpp/cmake)
[5.396s] -- Found rosidl_generator_c: 5.2.1 (/opt/ros/lyrical/share/rosidl_generator_c/cmake)
[5.453s] -- Found rosidl_generator_cpp: 5.2.1 (/opt/ros/lyrical/share/rosidl_generator_cpp/cmake)
[5.533s] -- Using all available rosidl_typesupport_c: rosidl_typesupport_fastrtps_c;rosidl_typesupport_introspection_c
[5.607s] -- Using all available rosidl_typesupport_cpp: rosidl_typesupport_fastrtps_cpp;rosidl_typesupport_introspection_cpp
[5.968s] -- Found rmw_implementation_cmake: 7.10.2 (/opt/ros/lyrical/share/rmw_implementation_cmake/cmake)
[5.979s] -- Found rmw_fastrtps_cpp: 9.4.10 (/opt/ros/lyrical/share/rmw_fastrtps_cpp/cmake)
[6.139s] -- Using RMW implementation 'rmw_fastrtps_cpp' as default
[6.650s] -- Found sensor_msgs: 5.9.3 (/opt/ros/lyrical/share/sensor_msgs/cmake)
[6.945s] -- Found std_srvs: 5.9.3 (/opt/ros/lyrical/share/std_srvs/cmake)
[7.779s] -- Configuring done (6.0s)
[7.996s] -- Generating done (0.2s)
[8.214s] -- Build files have been written to: /home/punished_venom/DroneControls/build/rplidar_ros
[8.247s] Invoked command in '/home/punished_venom/DroneControls/build/rplidar_ros' returned '0': CMAKE_PREFIX_PATH=/opt/ros/lyrical /usr/bin/cmake /home/punished_venom/DroneControls/src/rplidar_ros -DAMENT_CMAKE_SYMLINK_INSTALL=1 -DCMAKE_INSTALL_PREFIX=/home/punished_venom/DroneControls/install/rplidar_ros
[8.249s] Invoking command in '/home/punished_venom/DroneControls/build/rplidar_ros': CMAKE_PREFIX_PATH=/opt/ros/lyrical /usr/bin/cmake --build /home/punished_venom/DroneControls/build/rplidar_ros -- -j4 -l4
[8.459s] [  2%] [32mBuilding CXX object CMakeFiles/rplidar_node.dir/src/rplidar_node.cpp.o[0m
[8.462s] [  5%] [32mBuilding CXX object CMakeFiles/rplidar_node.dir/sdk/src/arch/linux/net_serial.cpp.o[0m
[10.949s] [01m[K/home/punished_venom/DroneControls/src/rplidar_ros/sdk/src/arch/linux/net_serial.cpp:[m[K In member function ‘[01m[Kbool rp::arch::net::raw_serial::[01;32m[Kopen[m[K(const char*, uint32_t, uint32_t)[m[K’:
[10.951s] [01m[K/home/punished_venom/DroneControls/src/rplidar_ros/sdk/src/arch/linux/net_serial.cpp:97:74:[m[K [01;35m[Kwarning: [m[Kunused parameter ‘[01m[Kflags[m[K’ [[01;35m[K-Wunused-parameter[m[K]
[10.952s]    97 | bool raw_serial::open(const char * portname, uint32_t baudrate, [01;35m[Kuint32_t flags[m[K)
[10.954s]       |                                                                 [01;35m[K~~~~~~~~~^~~~~[m[K
[10.954s] [01m[K/home/punished_venom/DroneControls/src/rplidar_ros/sdk/src/arch/linux/net_serial.cpp:[m[K In member function ‘[01m[Kvirtual void rp::arch::net::raw_serial::[01;32m[Kflush[m[K(_u32)[m[K’:
[10.955s] [01m[K/home/punished_venom/DroneControls/src/rplidar_ros/sdk/src/arch/linux/net_serial.cpp:281:30:[m[K [01;35m[Kwarning: [m[Kunused parameter ‘[01m[Kflags[m[K’ [[01;35m[K-Wunused-parameter[m[K]
[10.957s]   281 | void raw_serial::flush( [01;35m[K_u32 flags[m[K)
[10.961s]       |                         [01;35m[K~~~~~^~~~~[m[K
[10.962s] [01m[K/home/punished_venom/DroneControls/src/rplidar_ros/sdk/src/arch/linux/net_serial.cpp:[m[K In member function ‘[01m[Kvirtual int rp::arch::net::raw_serial::[01;32m[Kwaitforsent[m[K(_u32, size_t*)[m[K’:
[10.962s] [01m[K/home/punished_venom/DroneControls/src/rplidar_ros/sdk/src/arch/linux/net_serial.cpp:286:34:[m[K [01;35m[Kwarning: [m[Kunused parameter ‘[01m[Ktimeout[m[K’ [[01;35m[K-Wunused-parameter[m[K]
[10.963s]   286 | int raw_serial::waitforsent([01;35m[K_u32 timeout[m[K, size_t * returned_size)
[10.963s]       |                             [01;35m[K~~~~~^~~~~~~[m[K
[10.969s] [01m[K/home/punished_venom/DroneControls/src/rplidar_ros/sdk/src/arch/linux/net_serial.cpp:[m[K In member function ‘[01m[Kvirtual int rp::arch::net::raw_serial::[01;32m[Kwaitforrecv[m[K(_u32, size_t*)[m[K’:
[10.972s] [01m[K/home/punished_venom/DroneControls/src/rplidar_ros/sdk/src/arch/linux/net_serial.cpp:292:34:[m[K [01;35m[Kwarning: [m[Kunused parameter ‘[01m[Ktimeout[m[K’ [[01;35m[K-Wunused-parameter[m[K]
[10.972s]   292 | int raw_serial::waitforrecv([01;35m[K_u32 timeout[m[K, size_t * returned_size)
[10.973s]       |                             [01;35m[K~~~~~^~~~~~~[m[K
[10.973s] [01m[K/home/punished_venom/DroneControls/src/rplidar_ros/sdk/src/arch/linux/net_serial.cpp:[m[K In member function ‘[01m[Kvirtual void rp::arch::net::raw_serial::[01;32m[KcancelOperation[m[K()[m[K’:
[10.974s] [01m[K/home/punished_venom/DroneControls/src/rplidar_ros/sdk/src/arch/linux/net_serial.cpp:427:5:[m[K [01;35m[Kwarning: [m[Kvalue computed is not used [[01;35m[K-Wunused-value[m[K]
[10.976s]   427 |     [01;35m[K(int)::write(_selfpipe[1], "x", 1)[m[K;
[10.977s]       |     [01;35m[K^~~~~~~~~~~~~~~~~~~~~~~~~~~~~~~~~~[m[K
[11.812s] [  7%] [32mBuilding CXX object CMakeFiles/rplidar_node.dir/sdk/src/arch/linux/net_socket.cpp.o[0m
[13.575s] In file included from [01m[K/home/punished_venom/DroneControls/src/rplidar_ros/sdk/include/rplidar_protocol.h:36[m[K,
[13.575s]                  from [01m[K/home/punished_venom/DroneControls/src/rplidar_ros/sdk/include/rplidar.h:39[m[K,
[13.576s]                  from [01m[K/home/punished_venom/DroneControls/src/rplidar_ros/sdk/src/sdkcommon.h:49[m[K,
[13.576s]                  from [01m[K/home/punished_venom/DroneControls/src/rplidar_ros/sdk/src/arch/linux/net_socket.cpp:10[m[K:
[13.577s] [01m[K/home/punished_venom/DroneControls/src/rplidar_ros/sdk/include/sl_lidar_protocol.h:66:16:[m[K [01;35m[Kwarning: [m[KISO C++ forbids zero-size array ‘[01m[Kdata[m[K’ [[01;35m[K-Wpedantic[m[K]
[13.577s]    66 |     sl_u8 data[[01;35m[K0[m[K];
[13.578s]       |                [01;35m[K^[m[K
[13.578s] In file included from [01m[K/home/punished_venom/DroneControls/src/rplidar_ros/sdk/include/rplidar_cmd.h:36[m[K,
[13.578s]                  from [01m[K/home/punished_venom/DroneControls/src/rplidar_ros/sdk/include/rplidar.h:40[m[K:
[13.579s] [01m[K/home/punished_venom/DroneControls/src/rplidar_ros/sdk/include/sl_lidar_cmd.h:324:20:[m[K [01;35m[Kwarning: [m[KISO C++ forbids zero-size array ‘[01m[Kpayload[m[K’ [[01;35m[K-Wpedantic[m[K]
[13.579s]   324 |     sl_u8  payload[[01;35m[K0[m[K];
[13.580s]       |                    [01;35m[K^[m[K
[13.726s] In file included from [01m[K/home/punished_venom/DroneControls/src/rplidar_ros/sdk/src/arch/linux/arch_linux.h:42[m[K,
[13.727s]                  from [01m[K/home/punished_venom/DroneControls/src/rplidar_ros/sdk/src/sdkcommon.h:41[m[K:
[13.727s] [01m[K/home/punished_venom/DroneControls/src/rplidar_ros/sdk/src/arch/linux/net_socket.cpp:[m[K In member function ‘[01m[Kvirtual u_result rp::arch::net::DGramSocketImpl::[01;32m[KsendTo[m[K(const rp::net::SocketAddress*, const void*, size_t)[m[K’:
[13.727s] [01m[K/home/punished_venom/DroneControls/src/rplidar_ros/sdk/src/arch/linux/net_socket.cpp:733:24:[m[K [01;35m[Kwarning: [m[Kcomparison of integer expressions of different signedness: ‘[01m[Kint[m[K’ and ‘[01m[Ksize_t[m[K’ {aka ‘[01m[Klong unsigned int[m[K’} [[01;35m[K-Wsign-compare[m[K]
[13.728s]   733 |             assert([01;35m[Kans == len[m[K);
[13.728s]       |                    [01;35m[K~~~~^~~~~~[m[K
[14.526s] [ 10%] [32mBuilding CXX object CMakeFiles/rplidar_node.dir/sdk/src/arch/linux/timer.cpp.o[0m
[16.551s] [ 13%] [32mBuilding CXX object CMakeFiles/rplidar_node.dir/sdk/src/dataunpacker/dataunpacker.cpp.o[0m
[18.390s] In file included from [01m[K/home/punished_venom/DroneControls/src/rplidar_ros/sdk/include/rplidar_protocol.h:36[m[K,
[18.390s]                  from [01m[K/home/punished_venom/DroneControls/src/rplidar_ros/sdk/include/rplidar.h:39[m[K,
[18.391s]                  from [01m[K/home/punished_venom/DroneControls/src/rplidar_ros/sdk/src/sdkcommon.h:49[m[K,
[18.391s]                  from [01m[K/home/punished_venom/DroneControls/src/rplidar_ros/sdk/src/dataunpacker/dataunnpacker_commondef.h:41[m[K,
[18.392s]                  from [01m[K/home/punished_venom/DroneControls/src/rplidar_ros/sdk/src/dataunpacker/dataunpacker.cpp:39[m[K:
[18.392s] [01m[K/home/punished_venom/DroneControls/src/rplidar_ros/sdk/include/sl_lidar_protocol.h:66:16:[m[K [01;35m[Kwarning: [m[KISO C++ forbids zero-size array ‘[01m[Kdata[m[K’ [[01;35m[K-Wpedantic[m[K]
[18.393s]    66 |     sl_u8 data[[01;35m[K0[m[K];
[18.393s]       |                [01;35m[K^[m[K
[18.393s] In file included from [01m[K/home/punished_venom/DroneControls/src/rplidar_ros/sdk/include/rplidar_cmd.h:36[m[K,
[18.394s]                  from [01m[K/home/punished_venom/DroneControls/src/rplidar_ros/sdk/include/rplidar.h:40[m[K:
[18.394s] [01m[K/home/punished_venom/DroneControls/src/rplidar_ros/sdk/include/sl_lidar_cmd.h:324:20:[m[K [01;35m[Kwarning: [m[KISO C++ forbids zero-size array ‘[01m[Kpayload[m[K’ [[01;35m[K-Wpedantic[m[K]
[18.395s]   324 |     sl_u8  payload[[01;35m[K0[m[K];
[18.395s]       |                    [01;35m[K^[m[K
[18.880s] In file included from [01m[K/home/punished_venom/DroneControls/src/rplidar_ros/sdk/src/dataunpacker/dataunpacker.cpp:40[m[K:
[18.880s] [01m[K/home/punished_venom/DroneControls/src/rplidar_ros/sdk/src/dataunpacker/dataunpacker.h:[m[K In member function ‘[01m[Kvirtual void sl::internal::LIDARSampleDataListener::[01;32m[KonCustomSampleDataDecoded[m[K(_u8, _u32, const void*, size_t)[m[K’:
[18.881s] [01m[K/home/punished_venom/DroneControls/src/rplidar_ros/sdk/src/dataunpacker/dataunpacker.h:54:52:[m[K [01;35m[Kwarning: [m[Kunused parameter ‘[01m[KansType[m[K’ [[01;35m[K-Wunused-parameter[m[K]
[18.882s]    54 |         virtual void onCustomSampleDataDecoded([01;35m[K_u8 ansType[m[K, _u32 customCode, const void* data, size_t size) {}
[18.882s]       |                                                [01;35m[K~~~~^~~~~~~[m[K
[18.883s] [01m[K/home/punished_venom/DroneControls/src/rplidar_ros/sdk/src/dataunpacker/dataunpacker.h:54:66:[m[K [01;35m[Kwarning: [m[Kunused parameter ‘[01m[KcustomCode[m[K’ [[01;35m[K-Wunused-parameter[m[K]
[18.884s]    54 |         virtual void onCustomSampleDataDecoded(_u8 ansType, [01;35m[K_u32 customCode[m[K, const void* data, size_t size) {}
[18.885s]       |                                                             [01;35m[K~~~~~^~~~~~~~~~[m[K
[18.886s] [01m[K/home/punished_venom/DroneControls/src/rplidar_ros/sdk/src/dataunpacker/dataunpacker.h:54:90:[m[K [01;35m[Kwarning: [m[Kunused parameter ‘[01m[Kdata[m[K’ [[01;35m[K-Wunused-parameter[m[K]
[18.887s]    54 |         virtual void onCustomSampleDataDecoded(_u8 ansType, _u32 customCode, [01;35m[Kconst void* data[m[K, size_t size) {}
[18.888s]       |                                                                              [01;35m[K~~~~~~~~~~~~^~~~[m[K
[18.889s] [01m[K/home/punished_venom/DroneControls/src/rplidar_ros/sdk/src/dataunpacker/dataunpacker.h:54:103:[m[K [01;35m[Kwarning: [m[Kunused parameter ‘[01m[Ksize[m[K’ [[01;35m[K-Wunused-parameter[m[K]
[18.891s]    54 |         virtual void onCustomSampleDataDecoded(_u8 ansType, _u32 customCode, const void* data, [01;35m[Ksize_t size[m[K) {}
[18.892s]       |                                                                                                [01;35m[K~~~~~~~^~~~[m[K
[18.892s] [01m[K/home/punished_venom/DroneControls/src/rplidar_ros/sdk/src/dataunpacker/dataunpacker.h:[m[K In member function ‘[01m[Kvirtual void sl::internal::LIDARSampleDataListener::[01;32m[KonDecodingError[m[K(int, _u8, const void*, size_t)[m[K’:
[18.893s] [01m[K/home/punished_venom/DroneControls/src/rplidar_ros/sdk/src/dataunpacker/dataunpacker.h:56:42:[m[K [01;35m[Kwarning: [m[Kunused parameter ‘[01m[KerrMsg[m[K’ [[01;35m[K-Wunused-parameter[m[K]
[18.894s]    56 |         virtual void onDecodingError([01;35m[Kint errMsg[m[K, _u8 ansType, const void* payload, size_t size) {}
[18.894s]       |                                      [01;35m[K~~~~^~~~~~[m[K
[18.895s] [01m[K/home/punished_venom/DroneControls/src/rplidar_ros/sdk/src/dataunpacker/dataunpacker.h:56:54:[m[K [01;35m[Kwarning: [m[Kunused parameter ‘[01m[KansType[m[K’ [[01;35m[K-Wunused-parameter[m[K]
[18.895s]    56 |         virtual void onDecodingError(int errMsg, [01;35m[K_u8 ansType[m[K, const void* payload, size_t size) {}
[18.896s]       |                                                  [01;35m[K~~~~^~~~~~~[m[K
[18.896s] [01m[K/home/punished_venom/DroneControls/src/rplidar_ros/sdk/src/dataunpacker/dataunpacker.h:56:75:[m[K [01;35m[Kwarning: [m[Kunused parameter ‘[01m[Kpayload[m[K’ [[01;35m[K-Wunused-parameter[m[K]
[18.896s]    56 |         virtual void onDecodingError(int errMsg, _u8 ansType, [01;35m[Kconst void* payload[m[K, size_t size) {}
[18.897s]       |                                                               [01;35m[K~~~~~~~~~~~~^~~~~~~[m[K
[18.897s] [01m[K/home/punished_venom/DroneControls/src/rplidar_ros/sdk/src/dataunpacker/dataunpacker.h:56:91:[m[K [01;35m[Kwarning: [m[Kunused parameter ‘[01m[Ksize[m[K’ [[01;35m[K-Wunused-parameter[m[K]
[18.898s]    56 |         virtual void onDecodingError(int errMsg, _u8 ansType, const void* payload, [01;35m[Ksize_t size[m[K) {}
[18.898s]       |                                                                                    [01;35m[K~~~~~~~^~~~[m[K
[19.717s] In file included from [01m[K/home/punished_venom/DroneControls/src/rplidar_ros/sdk/include/sl_lidar_cmd.h:41[m[K,
[19.718s]                  from [01m[K/home/punished_venom/DroneControls/src/rplidar_ros/sdk/include/sl_lidar_driver.h:54[m[K,
[19.718s]                  from [01m[K/home/punished_venom/DroneControls/src/rplidar_ros/sdk/include/sl_lidar.h:36[m[K,
[19.718s]                  from [01m[K/home/punished_venom/DroneControls/src/rplidar_ros/src/rplidar_node.cpp:38[m[K:
[19.719s] [01m[K/home/punished_venom/DroneControls/src/rplidar_ros/sdk/include/sl_lidar_protocol.h:66:16:[m[K [01;35m[Kwarning: [m[KISO C++ forbids zero-size array ‘[01m[Kdata[m[K’ [[01;35m[K-Wpedantic[m[K]
[19.719s]    66 |     sl_u8 data[[01;35m[K0[m[K];
[19.720s]       |                [01;35m[K^[m[K
[19.720s] [01m[K/home/punished_venom/DroneControls/src/rplidar_ros/sdk/include/sl_lidar_cmd.h:324:20:[m[K [01;35m[Kwarning: [m[KISO C++ forbids zero-size array ‘[01m[Kpayload[m[K’ [[01;35m[K-Wpedantic[m[K]
[19.721s]   324 |     sl_u8  payload[[01;35m[K0[m[K];
[19.721s]       |                    [01;35m[K^[m[K
[19.919s] [ 15%] [32mBuilding CXX object CMakeFiles/rplidar_node.dir/sdk/src/dataunpacker/unpacker/handler_capsules.cpp.o[0m
[19.956s] [01m[K/home/punished_venom/DroneControls/src/rplidar_ros/src/rplidar_node.cpp:[m[K In member function ‘[01m[Kint RPlidarNode::[01;32m[Kwork_loop[m[K()[m[K’:
[19.957s] [01m[K/home/punished_venom/DroneControls/src/rplidar_ros/src/rplidar_node.cpp:543:30:[m[K [01;35m[Kwarning: [m[K‘[01m[Kvoid rclcpp::[01;32m[Kspin_some[m[K(const Node::SharedPtr&)[m[K’ is deprecated: use SingleThreadedExecutor::spin_some instead [[01;35m[K-Wdeprecated-declarations[m[K]
[19.957s]   543 |             [01;35m[Krclcpp::spin_some(shared_from_this())[m[K;
[19.958s]       |             [01;35m[K~~~~~~~~~~~~~~~~~^~~~~~~~~~~~~~~~~~~~[m[K
[19.958s] In file included from [01m[K/opt/ros/lyrical/include/rclcpp/rclcpp/rclcpp.hpp:174[m[K,
[19.958s]                  from [01m[K/home/punished_venom/DroneControls/src/rplidar_ros/src/rplidar_node.cpp:35[m[K:
[19.959s] [01m[K/opt/ros/lyrical/include/rclcpp/rclcpp/executors.hpp:110:1:[m[K [01;36m[Knote: [m[Kdeclared here
[19.959s]   110 | [01;36m[Kspin_some[m[K(const rclcpp::Node::SharedPtr & node_ptr);
[19.959s]       | [01;36m[K^~~~~~~~~[m[K
[21.747s] In file included from [01m[K/home/punished_venom/DroneControls/src/rplidar_ros/sdk/include/rplidar_protocol.h:36[m[K,
[21.748s]                  from [01m[K/home/punished_venom/DroneControls/src/rplidar_ros/sdk/include/rplidar.h:39[m[K,
[21.748s]                  from [01m[K/home/punished_venom/DroneControls/src/rplidar_ros/sdk/src/sdkcommon.h:49[m[K,
[21.748s]                  from [01m[K/home/punished_venom/DroneControls/src/rplidar_ros/sdk/src/dataunpacker/unpacker/../dataunnpacker_commondef.h:41[m[K,
[21.749s]                  from [01m[K/home/punished_venom/DroneControls/src/rplidar_ros/sdk/src/dataunpacker/unpacker/handler_capsules.cpp:39[m[K:
[21.749s] [01m[K/home/punished_venom/DroneControls/src/rplidar_ros/sdk/include/sl_lidar_protocol.h:66:16:[m[K [01;35m[Kwarning: [m[KISO C++ forbids zero-size array ‘[01m[Kdata[m[K’ [[01;35m[K-Wpedantic[m[K]
[21.750s]    66 |     sl_u8 data[[01;35m[K0[m[K];
[21.750s]       |                [01;35m[K^[m[K
[21.751s] In file included from [01m[K/home/punished_venom/DroneControls/src/rplidar_ros/sdk/include/rplidar_cmd.h:36[m[K,
[21.751s]                  from [01m[K/home/punished_venom/DroneControls/src/rplidar_ros/sdk/include/rplidar.h:40[m[K:
[21.751s] [01m[K/home/punished_venom/DroneControls/src/rplidar_ros/sdk/include/sl_lidar_cmd.h:324:20:[m[K [01;35m[Kwarning: [m[KISO C++ forbids zero-size array ‘[01m[Kpayload[m[K’ [[01;35m[K-Wpedantic[m[K]
[21.752s]   324 |     sl_u8  payload[[01;35m[K0[m[K];
[21.752s]       |                    [01;35m[K^[m[K
[22.240s] In file included from [01m[K/home/punished_venom/DroneControls/src/rplidar_ros/sdk/src/dataunpacker/unpacker/handler_capsules.cpp:40[m[K:
[22.240s] [01m[K/home/punished_venom/DroneControls/src/rplidar_ros/sdk/src/dataunpacker/unpacker/../dataunpacker.h:[m[K In member function ‘[01m[Kvirtual void sl::internal::LIDARSampleDataListener::[01;32m[KonCustomSampleDataDecoded[m[K(_u8, _u32, const void*, size_t)[m[K’:
[22.241s] [01m[K/home/punished_venom/DroneControls/src/rplidar_ros/sdk/src/dataunpacker/unpacker/../dataunpacker.h:54:52:[m[K [01;35m[Kwarning: [m[Kunused parameter ‘[01m[KansType[m[K’ [[01;35m[K-Wunused-parameter[m[K]
[22.241s]    54 |         virtual void onCustomSampleDataDecoded([01;35m[K_u8 ansType[m[K, _u32 customCode, const void* data, size_t size) {}
[22.242s]       |                                                [01;35m[K~~~~^~~~~~~[m[K
[22.242s] [01m[K/home/punished_venom/DroneControls/src/rplidar_ros/sdk/src/dataunpacker/unpacker/../dataunpacker.h:54:66:[m[K [01;35m[Kwarning: [m[Kunused parameter ‘[01m[KcustomCode[m[K’ [[01;35m[K-Wunused-parameter[m[K]
[22.243s]    54 |         virtual void onCustomSampleDataDecoded(_u8 ansType, [01;35m[K_u32 customCode[m[K, const void* data, size_t size) {}
[22.244s]       |                                                             [01;35m[K~~~~~^~~~~~~~~~[m[K
[22.245s] [01m[K/home/punished_venom/DroneControls/src/rplidar_ros/sdk/src/dataunpacker/unpacker/../dataunpacker.h:54:90:[m[K [01;35m[Kwarning: [m[Kunused parameter ‘[01m[Kdata[m[K’ [[01;35m[K-Wunused-parameter[m[K]
[22.245s]    54 |         virtual void onCustomSampleDataDecoded(_u8 ansType, _u32 customCode, [01;35m[Kconst void* data[m[K, size_t size) {}
[22.246s]       |                                                                              [01;35m[K~~~~~~~~~~~~^~~~[m[K
[22.247s] [01m[K/home/punished_venom/DroneControls/src/rplidar_ros/sdk/src/dataunpacker/unpacker/../dataunpacker.h:54:103:[m[K [01;35m[Kwarning: [m[Kunused parameter ‘[01m[Ksize[m[K’ [[01;35m[K-Wunused-parameter[m[K]
[22.248s]    54 |         virtual void onCustomSampleDataDecoded(_u8 ansType, _u32 customCode, const void* data, [01;35m[Ksize_t size[m[K) {}
[22.248s]       |                                                                                                [01;35m[K~~~~~~~^~~~[m[K
[22.249s] [01m[K/home/punished_venom/DroneControls/src/rplidar_ros/sdk/src/dataunpacker/unpacker/../dataunpacker.h:[m[K In member function ‘[01m[Kvirtual void sl::internal::LIDARSampleDataListener::[01;32m[KonDecodingError[m[K(int, _u8, const void*, size_t)[m[K’:
[22.250s] [01m[K/home/punished_venom/DroneControls/src/rplidar_ros/sdk/src/dataunpacker/unpacker/../dataunpacker.h:56:42:[m[K [01;35m[Kwarning: [m[Kunused parameter ‘[01m[KerrMsg[m[K’ [[01;35m[K-Wunused-parameter[m[K]
[22.251s]    56 |         virtual void onDecodingError([01;35m[Kint errMsg[m[K, _u8 ansType, const void* payload, size_t size) {}
[22.251s]       |                                      [01;35m[K~~~~^~~~~~[m[K
[22.251s] [01m[K/home/punished_venom/DroneControls/src/rplidar_ros/sdk/src/dataunpacker/unpacker/../dataunpacker.h:56:54:[m[K [01;35m[Kwarning: [m[Kunused parameter ‘[01m[KansType[m[K’ [[01;35m[K-Wunused-parameter[m[K]
[22.252s]    56 |         virtual void onDecodingError(int errMsg, [01;35m[K_u8 ansType[m[K, const void* payload, size_t size) {}
[22.252s]       |                                                  [01;35m[K~~~~^~~~~~~[m[K
[22.253s] [01m[K/home/punished_venom/DroneControls/src/rplidar_ros/sdk/src/dataunpacker/unpacker/../dataunpacker.h:56:75:[m[K [01;35m[Kwarning: [m[Kunused parameter ‘[01m[Kpayload[m[K’ [[01;35m[K-Wunused-parameter[m[K]
[22.253s]    56 |         virtual void onDecodingError(int errMsg, _u8 ansType, [01;35m[Kconst void* payload[m[K, size_t size) {}
[22.253s]       |                                                               [01;35m[K~~~~~~~~~~~~^~~~~~~[m[K
[22.254s] [01m[K/home/punished_venom/DroneControls/src/rplidar_ros/sdk/src/dataunpacker/unpacker/../dataunpacker.h:56:91:[m[K [01;35m[Kwarning: [m[Kunused parameter ‘[01m[Ksize[m[K’ [[01;35m[K-Wunused-parameter[m[K]
[22.254s]    56 |         virtual void onDecodingError(int errMsg, _u8 ansType, const void* payload, [01;35m[Ksize_t size[m[K) {}
[22.255s]       |                                                                                    [01;35m[K~~~~~~~^~~~[m[K
[22.294s] [01m[K/home/punished_venom/DroneControls/src/rplidar_ros/sdk/src/dataunpacker/unpacker/handler_capsules.cpp:[m[K In member function ‘[01m[Kvoid sl::internal::unpacker::UnpackerHandler_DenseCapsuleNode::[01;32m[K_onScanNodeDenseCapsuleData[m[K(rplidar_response_dense_capsule_measurement_nodes_t&, sl::internal::LIDARSampleDataUnpackerInner*)[m[K’:
[22.294s] [01m[K/home/punished_venom/DroneControls/src/rplidar_ros/sdk/src/dataunpacker/unpacker/handler_capsules.cpp:763:30:[m[K [01;35m[Kwarning: [m[Ktype qualifiers ignored on cast result type [[01;35m[K-Wignored-qualifiers[m[K]
[22.295s]   763 |             const int dist = [01;35m[Kstatic_cast<const int>(_cached_previous_dense_capsuledata.cabins[pos].distance)[m[K;
[22.295s]       |                              [01;35m[K^~~~~~~~~~~~~~~~~~~~~~~~~~~~~~~~~~~~~~~~~~~~~~~~~~~~~~~~~~~~~~~~~~~~~~~~~~~~~~~[m[K
[23.072s] [ 18%] [32mBuilding CXX object CMakeFiles/rplidar_node.dir/sdk/src/dataunpacker/unpacker/handler_hqnode.cpp.o[0m
[25.021s] In file included from [01m[K/home/punished_venom/DroneControls/src/rplidar_ros/sdk/include/rplidar_protocol.h:36[m[K,
[25.022s]                  from [01m[K/home/punished_venom/DroneControls/src/rplidar_ros/sdk/include/rplidar.h:39[m[K,
[25.022s]                  from [01m[K/home/punished_venom/DroneControls/src/rplidar_ros/sdk/src/sdkcommon.h:49[m[K,
[25.023s]                  from [01m[K/home/punished_venom/DroneControls/src/rplidar_ros/sdk/src/dataunpacker/unpacker/../dataunnpacker_commondef.h:41[m[K,
[25.023s]                  from [01m[K/home/punished_venom/DroneControls/src/rplidar_ros/sdk/src/dataunpacker/unpacker/handler_hqnode.cpp:39[m[K:
[25.024s] [01m[K/home/punished_venom/DroneControls/src/rplidar_ros/sdk/include/sl_lidar_protocol.h:66:16:[m[K [01;35m[Kwarning: [m[KISO C++ forbids zero-size array ‘[01m[Kdata[m[K’ [[01;35m[K-Wpedantic[m[K]
[25.024s]    66 |     sl_u8 data[[01;35m[K0[m[K];
[25.025s]       |                [01;35m[K^[m[K
[25.025s] In file included from [01m[K/home/punished_venom/DroneControls/src/rplidar_ros/sdk/include/rplidar_cmd.h:36[m[K,
[25.025s]                  from [01m[K/home/punished_venom/DroneControls/src/rplidar_ros/sdk/include/rplidar.h:40[m[K:
[25.026s] [01m[K/home/punished_venom/DroneControls/src/rplidar_ros/sdk/include/sl_lidar_cmd.h:324:20:[m[K [01;35m[Kwarning: [m[KISO C++ forbids zero-size array ‘[01m[Kpayload[m[K’ [[01;35m[K-Wpedantic[m[K]
[25.026s]   324 |     sl_u8  payload[[01;35m[K0[m[K];
[25.027s]       |                    [01;35m[K^[m[K
[25.516s] In file included from [01m[K/home/punished_venom/DroneControls/src/rplidar_ros/sdk/src/dataunpacker/unpacker/handler_hqnode.cpp:40[m[K:
[25.517s] [01m[K/home/punished_venom/DroneControls/src/rplidar_ros/sdk/src/dataunpacker/unpacker/../dataunpacker.h:[m[K In member function ‘[01m[Kvirtual void sl::internal::LIDARSampleDataListener::[01;32m[KonCustomSampleDataDecoded[m[K(_u8, _u32, const void*, size_t)[m[K’:
[25.517s] [01m[K/home/punished_venom/DroneControls/src/rplidar_ros/sdk/src/dataunpacker/unpacker/../dataunpacker.h:54:52:[m[K [01;35m[Kwarning: [m[Kunused parameter ‘[01m[KansType[m[K’ [[01;35m[K-Wunused-parameter[m[K]
[25.518s]    54 |         virtual void onCustomSampleDataDecoded([01;35m[K_u8 ansType[m[K, _u32 customCode, const void* data, size_t size) {}
[25.518s]       |                                                [01;35m[K~~~~^~~~~~~[m[K
[25.519s] [01m[K/home/punished_venom/DroneControls/src/rplidar_ros/sdk/src/dataunpacker/unpacker/../dataunpacker.h:54:66:[m[K [01;35m[Kwarning: [m[Kunused parameter ‘[01m[KcustomCode[m[K’ [[01;35m[K-Wunused-parameter[m[K]
[25.519s]    54 |         virtual void onCustomSampleDataDecoded(_u8 ansType, [01;35m[K_u32 customCode[m[K, const void* data, size_t size) {}
[25.520s]       |                                                             [01;35m[K~~~~~^~~~~~~~~~[m[K
[25.521s] [01m[K/home/punished_venom/DroneControls/src/rplidar_ros/sdk/src/dataunpacker/unpacker/../dataunpacker.h:54:90:[m[K [01;35m[Kwarning: [m[Kunused parameter ‘[01m[Kdata[m[K’ [[01;35m[K-Wunused-parameter[m[K]
[25.521s]    54 |         virtual void onCustomSampleDataDecoded(_u8 ansType, _u32 customCode, [01;35m[Kconst void* data[m[K, size_t size) {}
[25.522s]       |                                                                              [01;35m[K~~~~~~~~~~~~^~~~[m[K
[25.523s] [01m[K/home/punished_venom/DroneControls/src/rplidar_ros/sdk/src/dataunpacker/unpacker/../dataunpacker.h:54:103:[m[K [01;35m[Kwarning: [m[Kunused parameter ‘[01m[Ksize[m[K’ [[01;35m[K-Wunused-parameter[m[K]
[25.524s]    54 |         virtual void onCustomSampleDataDecoded(_u8 ansType, _u32 customCode, const void* data, [01;35m[Ksize_t size[m[K) {}
[25.525s]       |                                                                                                [01;35m[K~~~~~~~^~~~[m[K
[25.525s] [01m[K/home/punished_venom/DroneControls/src/rplidar_ros/sdk/src/dataunpacker/unpacker/../dataunpacker.h:[m[K In member function ‘[01m[Kvirtual void sl::internal::LIDARSampleDataListener::[01;32m[KonDecodingError[m[K(int, _u8, const void*, size_t)[m[K’:
[25.526s] [01m[K/home/punished_venom/DroneControls/src/rplidar_ros/sdk/src/dataunpacker/unpacker/../dataunpacker.h:56:42:[m[K [01;35m[Kwarning: [m[Kunused parameter ‘[01m[KerrMsg[m[K’ [[01;35m[K-Wunused-parameter[m[K]
[25.527s]    56 |         virtual void onDecodingError([01;35m[Kint errMsg[m[K, _u8 ansType, const void* payload, size_t size) {}
[25.527s]       |                                      [01;35m[K~~~~^~~~~~[m[K
[25.528s] [01m[K/home/punished_venom/DroneControls/src/rplidar_ros/sdk/src/dataunpacker/unpacker/../dataunpacker.h:56:54:[m[K [01;35m[Kwarning: [m[Kunused parameter ‘[01m[KansType[m[K’ [[01;35m[K-Wunused-parameter[m[K]
[25.528s]    56 |         virtual void onDecodingError(int errMsg, [01;35m[K_u8 ansType[m[K, const void* payload, size_t size) {}
[25.529s]       |                                                  [01;35m[K~~~~^~~~~~~[m[K
[25.529s] [01m[K/home/punished_venom/DroneControls/src/rplidar_ros/sdk/src/dataunpacker/unpacker/../dataunpacker.h:56:75:[m[K [01;35m[Kwarning: [m[Kunused parameter ‘[01m[Kpayload[m[K’ [[01;35m[K-Wunused-parameter[m[K]
[25.529s]    56 |         virtual void onDecodingError(int errMsg, _u8 ansType, [01;35m[Kconst void* payload[m[K, size_t size) {}
[25.530s]       |                                                               [01;35m[K~~~~~~~~~~~~^~~~~~~[m[K
[25.531s] [01m[K/home/punished_venom/DroneControls/src/rplidar_ros/sdk/src/dataunpacker/unpacker/../dataunpacker.h:56:91:[m[K [01;35m[Kwarning: [m[Kunused parameter ‘[01m[Ksize[m[K’ [[01;35m[K-Wunused-parameter[m[K]
[25.532s]    56 |         virtual void onDecodingError(int errMsg, _u8 ansType, const void* payload, [01;35m[Ksize_t size[m[K) {}
[25.532s]       |                                                                                    [01;35m[K~~~~~~~^~~~[m[K
[26.167s] [ 21%] [32mBuilding CXX object CMakeFiles/rplidar_node.dir/sdk/src/dataunpacker/unpacker/handler_normalnode.cpp.o[0m
[28.089s] In file included from [01m[K/home/punished_venom/DroneControls/src/rplidar_ros/sdk/include/rplidar_protocol.h:36[m[K,
[28.090s]                  from [01m[K/home/punished_venom/DroneControls/src/rplidar_ros/sdk/include/rplidar.h:39[m[K,
[28.090s]                  from [01m[K/home/punished_venom/DroneControls/src/rplidar_ros/sdk/src/sdkcommon.h:49[m[K,
[28.091s]                  from [01m[K/home/punished_venom/DroneControls/src/rplidar_ros/sdk/src/dataunpacker/unpacker/../dataunnpacker_commondef.h:41[m[K,
[28.091s]                  from [01m[K/home/punished_venom/DroneControls/src/rplidar_ros/sdk/src/dataunpacker/unpacker/handler_normalnode.cpp:39[m[K:
[28.092s] [01m[K/home/punished_venom/DroneControls/src/rplidar_ros/sdk/include/sl_lidar_protocol.h:66:16:[m[K [01;35m[Kwarning: [m[KISO C++ forbids zero-size array ‘[01m[Kdata[m[K’ [[01;35m[K-Wpedantic[m[K]
[28.092s]    66 |     sl_u8 data[[01;35m[K0[m[K];
[28.093s]       |                [01;35m[K^[m[K
[28.093s] In file included from [01m[K/home/punished_venom/DroneControls/src/rplidar_ros/sdk/include/rplidar_cmd.h:36[m[K,
[28.094s]                  from [01m[K/home/punished_venom/DroneControls/src/rplidar_ros/sdk/include/rplidar.h:40[m[K:
[28.094s] [01m[K/home/punished_venom/DroneControls/src/rplidar_ros/sdk/include/sl_lidar_cmd.h:324:20:[m[K [01;35m[Kwarning: [m[KISO C++ forbids zero-size array ‘[01m[Kpayload[m[K’ [[01;35m[K-Wpedantic[m[K]
[28.094s]   324 |     sl_u8  payload[[01;35m[K0[m[K];
[28.095s]       |                    [01;35m[K^[m[K
[28.612s] In file included from [01m[K/home/punished_venom/DroneControls/src/rplidar_ros/sdk/src/dataunpacker/unpacker/handler_normalnode.cpp:40[m[K:
[28.612s] [01m[K/home/punished_venom/DroneControls/src/rplidar_ros/sdk/src/dataunpacker/unpacker/../dataunpacker.h:[m[K In member function ‘[01m[Kvirtual void sl::internal::LIDARSampleDataListener::[01;32m[KonCustomSampleDataDecoded[m[K(_u8, _u32, const void*, size_t)[m[K’:
[28.613s] [01m[K/home/punished_venom/DroneControls/src/rplidar_ros/sdk/src/dataunpacker/unpacker/../dataunpacker.h:54:52:[m[K [01;35m[Kwarning: [m[Kunused parameter ‘[01m[KansType[m[K’ [[01;35m[K-Wunused-parameter[m[K]
[28.613s]    54 |         virtual void onCustomSampleDataDecoded([01;35m[K_u8 ansType[m[K, _u32 customCode, const void* data, size_t size) {}
[28.613s]       |                                                [01;35m[K~~~~^~~~~~~[m[K
[28.614s] [01m[K/home/punished_venom/DroneControls/src/rplidar_ros/sdk/src/dataunpacker/unpacker/../dataunpacker.h:54:66:[m[K [01;35m[Kwarning: [m[Kunused parameter ‘[01m[KcustomCode[m[K’ [[01;35m[K-Wunused-parameter[m[K]
[28.614s]    54 |         virtual void onCustomSampleDataDecoded(_u8 ansType, [01;35m[K_u32 customCode[m[K, const void* data, size_t size) {}
[28.614s]       |                                                             [01;35m[K~~~~~^~~~~~~~~~[m[K
[28.615s] [01m[K/home/punished_venom/DroneControls/src/rplidar_ros/sdk/src/dataunpacker/unpacker/../dataunpacker.h:54:90:[m[K [01;35m[Kwarning: [m[Kunused parameter ‘[01m[Kdata[m[K’ [[01;35m[K-Wunused-parameter[m[K]
[28.616s]    54 |         virtual void onCustomSampleDataDecoded(_u8 ansType, _u32 customCode, [01;35m[Kconst void* data[m[K, size_t size) {}
[28.616s]       |                                                                              [01;35m[K~~~~~~~~~~~~^~~~[m[K
[28.617s] [01m[K/home/punished_venom/DroneControls/src/rplidar_ros/sdk/src/dataunpacker/unpacker/../dataunpacker.h:54:103:[m[K [01;35m[Kwarning: [m[Kunused parameter ‘[01m[Ksize[m[K’ [[01;35m[K-Wunused-parameter[m[K]
[28.618s]    54 |         virtual void onCustomSampleDataDecoded(_u8 ansType, _u32 customCode, const void* data, [01;35m[Ksize_t size[m[K) {}
[28.619s]       |                                                                                                [01;35m[K~~~~~~~^~~~[m[K
[28.619s] [01m[K/home/punished_venom/DroneControls/src/rplidar_ros/sdk/src/dataunpacker/unpacker/../dataunpacker.h:[m[K In member function ‘[01m[Kvirtual void sl::internal::LIDARSampleDataListener::[01;32m[KonDecodingError[m[K(int, _u8, const void*, size_t)[m[K’:
[28.620s] [01m[K/home/punished_venom/DroneControls/src/rplidar_ros/sdk/src/dataunpacker/unpacker/../dataunpacker.h:56:42:[m[K [01;35m[Kwarning: [m[Kunused parameter ‘[01m[KerrMsg[m[K’ [[01;35m[K-Wunused-parameter[m[K]
[28.621s]    56 |         virtual void onDecodingError([01;35m[Kint errMsg[m[K, _u8 ansType, const void* payload, size_t size) {}
[28.622s]       |                                      [01;35m[K~~~~^~~~~~[m[K
[28.622s] [01m[K/home/punished_venom/DroneControls/src/rplidar_ros/sdk/src/dataunpacker/unpacker/../dataunpacker.h:56:54:[m[K [01;35m[Kwarning: [m[Kunused parameter ‘[01m[KansType[m[K’ [[01;35m[K-Wunused-parameter[m[K]
[28.623s]    56 |         virtual void onDecodingError(int errMsg, [01;35m[K_u8 ansType[m[K, const void* payload, size_t size) {}
[28.623s]       |                                                  [01;35m[K~~~~^~~~~~~[m[K
[28.624s] [01m[K/home/punished_venom/DroneControls/src/rplidar_ros/sdk/src/dataunpacker/unpacker/../dataunpacker.h:56:75:[m[K [01;35m[Kwarning: [m[Kunused parameter ‘[01m[Kpayload[m[K’ [[01;35m[K-Wunused-parameter[m[K]
[28.624s]    56 |         virtual void onDecodingError(int errMsg, _u8 ansType, [01;35m[Kconst void* payload[m[K, size_t size) {}
[28.624s]       |                                                               [01;35m[K~~~~~~~~~~~~^~~~~~~[m[K
[28.625s] [01m[K/home/punished_venom/DroneControls/src/rplidar_ros/sdk/src/dataunpacker/unpacker/../dataunpacker.h:56:91:[m[K [01;35m[Kwarning: [m[Kunused parameter ‘[01m[Ksize[m[K’ [[01;35m[K-Wunused-parameter[m[K]
[28.625s]    56 |         virtual void onDecodingError(int errMsg, _u8 ansType, const void* payload, [01;35m[Ksize_t size[m[K) {}
[28.626s]       |                                                                                    [01;35m[K~~~~~~~^~~~[m[K
[29.340s] [ 23%] [32mBuilding CXX object CMakeFiles/rplidar_node.dir/sdk/src/hal/thread.cpp.o[0m
[31.176s] In file included from [01m[K/home/punished_venom/DroneControls/src/rplidar_ros/sdk/include/rplidar_protocol.h:36[m[K,
[31.176s]                  from [01m[K/home/punished_venom/DroneControls/src/rplidar_ros/sdk/include/rplidar.h:39[m[K,
[31.177s]                  from [01m[K/home/punished_venom/DroneControls/src/rplidar_ros/sdk/src/sdkcommon.h:49[m[K,
[31.177s]                  from [01m[K/home/punished_venom/DroneControls/src/rplidar_ros/sdk/src/hal/thread.cpp:35[m[K:
[31.177s] [01m[K/home/punished_venom/DroneControls/src/rplidar_ros/sdk/include/sl_lidar_protocol.h:66:16:[m[K [01;35m[Kwarning: [m[KISO C++ forbids zero-size array ‘[01m[Kdata[m[K’ [[01;35m[K-Wpedantic[m[K]
[31.178s]    66 |     sl_u8 data[[01;35m[K0[m[K];
[31.178s]       |                [01;35m[K^[m[K
[31.179s] In file included from [01m[K/home/punished_venom/DroneControls/src/rplidar_ros/sdk/include/rplidar_cmd.h:36[m[K,
[31.179s]                  from [01m[K/home/punished_venom/DroneControls/src/rplidar_ros/sdk/include/rplidar.h:40[m[K:
[31.180s] [01m[K/home/punished_venom/DroneControls/src/rplidar_ros/sdk/include/sl_lidar_cmd.h:324:20:[m[K [01;35m[Kwarning: [m[KISO C++ forbids zero-size array ‘[01m[Kpayload[m[K’ [[01;35m[K-Wpedantic[m[K]
[31.180s]   324 |     sl_u8  payload[[01;35m[K0[m[K];
[31.180s]       |                    [01;35m[K^[m[K
[31.284s] In file included from [01m[K/home/punished_venom/DroneControls/src/rplidar_ros/sdk/src/hal/thread.cpp:43[m[K:
[31.284s] [01m[K/home/punished_venom/DroneControls/src/rplidar_ros/sdk/src/arch/linux/thread.hpp:[m[K In static member function ‘[01m[Kstatic rp::hal::Thread rp::hal::Thread::[01;32m[Kcreate[m[K(thread_proc_t, void*)[m[K’:
[31.285s] [01m[K/home/punished_venom/DroneControls/src/rplidar_ros/sdk/src/arch/linux/thread.hpp:52:57:[m[K [01;35m[Kwarning: [m[Kcast between incompatible function types from ‘[01m[K[01;32m[Kthread_proc_t[m[K’ {aka ‘[01m[K[01;32m[Klong unsigned int (*)(void*)[m[K’} to ‘[01m[K[01;34m[Kvoid* (*)(void*)[m[K[m[K’ [[01;35m[K-Wcast-function-type[m[K]
[31.285s]    52 |     pthread_create((pthread_t *)&newborn._handle, NULL, [01;35m[K(void * (*)(void *))proc[m[K, data);
[31.286s]       |                                                         [01;35m[K^~~~~~~~~~~~~~~~~~~~~~~~[m[K
[31.289s] [01m[K/home/punished_venom/DroneControls/src/rplidar_ros/sdk/src/arch/linux/thread.hpp:[m[K In member function ‘[01m[Ku_result rp::hal::Thread::[01;32m[Kjoin[m[K(long unsigned int)[m[K’:
[31.289s] [01m[K/home/punished_venom/DroneControls/src/rplidar_ros/sdk/src/arch/linux/thread.hpp:176:37:[m[K [01;35m[Kwarning: [m[Kunused parameter ‘[01m[Ktimeout[m[K’ [[01;35m[K-Wunused-parameter[m[K]
[31.289s]   176 | u_result Thread::join([01;35m[Kunsigned long timeout[m[K)
[31.290s]       |                       [01;35m[K~~~~~~~~~~~~~~^~~~~~~[m[K
[31.738s] [ 26%] [32mBuilding CXX object CMakeFiles/rplidar_node.dir/sdk/src/rplidar_driver.cpp.o[0m
[33.594s] In file included from [01m[K/home/punished_venom/DroneControls/src/rplidar_ros/sdk/include/rplidar_protocol.h:36[m[K,
[33.595s]                  from [01m[K/home/punished_venom/DroneControls/src/rplidar_ros/sdk/include/rplidar.h:39[m[K,
[33.595s]                  from [01m[K/home/punished_venom/DroneControls/src/rplidar_ros/sdk/src/sdkcommon.h:49[m[K,
[33.595s]                  from [01m[K/home/punished_venom/DroneControls/src/rplidar_ros/sdk/src/rplidar_driver.cpp:33[m[K:
[33.596s] [01m[K/home/punished_venom/DroneControls/src/rplidar_ros/sdk/include/sl_lidar_protocol.h:66:16:[m[K [01;35m[Kwarning: [m[KISO C++ forbids zero-size array ‘[01m[Kdata[m[K’ [[01;35m[K-Wpedantic[m[K]
[33.597s]    66 |     sl_u8 data[[01;35m[K0[m[K];
[33.597s]       |                [01;35m[K^[m[K
[33.597s] In file included from [01m[K/home/punished_venom/DroneControls/src/rplidar_ros/sdk/include/rplidar_cmd.h:36[m[K,
[33.598s]                  from [01m[K/home/punished_venom/DroneControls/src/rplidar_ros/sdk/include/rplidar.h:40[m[K:
[33.598s] [01m[K/home/punished_venom/DroneControls/src/rplidar_ros/sdk/include/sl_lidar_cmd.h:324:20:[m[K [01;35m[Kwarning: [m[KISO C++ forbids zero-size array ‘[01m[Kpayload[m[K’ [[01;35m[K-Wpedantic[m[K]
[33.599s]   324 |     sl_u8  payload[[01;35m[K0[m[K];
[33.599s]       |                    [01;35m[K^[m[K
[33.901s] [01m[K/home/punished_venom/DroneControls/src/rplidar_ros/sdk/src/rplidar_driver.cpp:[m[K In member function ‘[01m[Ku_result rp::standalone::rplidar::RPlidarDriver::[01;32m[Kconnect[m[K(const char*, _u32, _u32)[m[K’:
[33.902s] [01m[K/home/punished_venom/DroneControls/src/rplidar_ros/sdk/src/rplidar_driver.cpp:67:77:[m[K [01;35m[Kwarning: [m[Kunused parameter ‘[01m[Kflag[m[K’ [[01;35m[K-Wunused-parameter[m[K]
[33.902s]    67 |     u_result RPlidarDriver::connect(const char *path, _u32 portOrBaud, [01;35m[K_u32 flag[m[K)
[33.903s]       |                                                                        [01;35m[K~~~~~^~~~[m[K
[33.903s] [01m[K/home/punished_venom/DroneControls/src/rplidar_ros/sdk/src/rplidar_driver.cpp:[m[K In member function ‘[01m[Ku_result rp::standalone::rplidar::RPlidarDriver::[01;32m[Kreset[m[K(_u32)[m[K’:
[33.904s] [01m[K/home/punished_venom/DroneControls/src/rplidar_ros/sdk/src/rplidar_driver.cpp:101:40:[m[K [01;35m[Kwarning: [m[Kunused parameter ‘[01m[Ktimeout[m[K’ [[01;35m[K-Wunused-parameter[m[K]
[33.905s]   101 |     u_result RPlidarDriver::reset([01;35m[K_u32 timeout[m[K)
[33.906s]       |                                   [01;35m[K~~~~~^~~~~~~[m[K
[33.909s] [01m[K/home/punished_venom/DroneControls/src/rplidar_ros/sdk/src/rplidar_driver.cpp:[m[K In member function ‘[01m[Ku_result rp::standalone::rplidar::RPlidarDriver::[01;32m[KgetScanDataWithInterval[m[K(rplidar_response_measurement_node_t*, size_t&)[m[K’:
[33.910s] [01m[K/home/punished_venom/DroneControls/src/rplidar_ros/sdk/src/rplidar_driver.cpp:180:91:[m[K [01;35m[Kwarning: [m[Kunused parameter ‘[01m[Knodebuffer[m[K’ [[01;35m[K-Wunused-parameter[m[K]
[33.911s]   180 |     u_result RPlidarDriver::getScanDataWithInterval([01;35m[Krplidar_response_measurement_node_t * nodebuffer[m[K, size_t & count)
[33.912s]       |                                                     [01;35m[K~~~~~~~~~~~~~~~~~~~~~~~~~~~~~~~~~~~~~~^~~~~~~~~~[m[K
[33.912s] [01m[K/home/punished_venom/DroneControls/src/rplidar_ros/sdk/src/rplidar_driver.cpp:180:112:[m[K [01;35m[Kwarning: [m[Kunused parameter ‘[01m[Kcount[m[K’ [[01;35m[K-Wunused-parameter[m[K]
[33.912s]   180 |     u_result RPlidarDriver::getScanDataWithInterval(rplidar_response_measurement_node_t * nodebuffer, [01;35m[Ksize_t & count[m[K)
[33.913s]       |                                                                                                       [01;35m[K~~~~~~~~~^~~~~[m[K
[34.529s] [ 28%] [32mBuilding CXX object CMakeFiles/rplidar_node.dir/sdk/src/sl_async_transceiver.cpp.o[0m
[35.298s] [ 31%] [32mBuilding CXX object CMakeFiles/rplidar_node.dir/sdk/src/sl_crc.cpp.o[0m
[35.361s] In file included from [01m[K/home/punished_venom/DroneControls/src/rplidar_ros/sdk/include/sl_lidar_cmd.h:41[m[K,
[35.362s]                  from [01m[K/home/punished_venom/DroneControls/src/rplidar_ros/sdk/include/sl_crc.h:36[m[K,
[35.362s]                  from [01m[K/home/punished_venom/DroneControls/src/rplidar_ros/sdk/src/sl_crc.cpp:33[m[K:
[35.362s] [01m[K/home/punished_venom/DroneControls/src/rplidar_ros/sdk/include/sl_lidar_protocol.h:66:16:[m[K [01;35m[Kwarning: [m[KISO C++ forbids zero-size array ‘[01m[Kdata[m[K’ [[01;35m[K-Wpedantic[m[K]
[35.363s]    66 |     sl_u8 data[[01;35m[K0[m[K];
[35.363s]       |                [01;35m[K^[m[K
[35.364s] [01m[K/home/punished_venom/DroneControls/src/rplidar_ros/sdk/include/sl_lidar_cmd.h:324:20:[m[K [01;35m[Kwarning: [m[KISO C++ forbids zero-size array ‘[01m[Kpayload[m[K’ [[01;35m[K-Wpedantic[m[K]
[35.364s]   324 |     sl_u8  payload[[01;35m[K0[m[K];
[35.364s]       |                    [01;35m[K^[m[K
[35.438s] [ 34%] [32mBuilding CXX object CMakeFiles/rplidar_node.dir/sdk/src/sl_lidar_driver.cpp.o[0m
[36.356s] In file included from [01m[K/home/punished_venom/DroneControls/src/rplidar_ros/sdk/include/rplidar_protocol.h:36[m[K,
[36.357s]                  from [01m[K/home/punished_venom/DroneControls/src/rplidar_ros/sdk/include/rplidar.h:39[m[K,
[36.357s]                  from [01m[K/home/punished_venom/DroneControls/src/rplidar_ros/sdk/src/sdkcommon.h:49[m[K,
[36.357s]                  from [01m[K/home/punished_venom/DroneControls/src/rplidar_ros/sdk/src/sl_async_transceiver.cpp:35[m[K:
[36.358s] [01m[K/home/punished_venom/DroneControls/src/rplidar_ros/sdk/include/sl_lidar_protocol.h:66:16:[m[K [01;35m[Kwarning: [m[KISO C++ forbids zero-size array ‘[01m[Kdata[m[K’ [[01;35m[K-Wpedantic[m[K]
[36.358s]    66 |     sl_u8 data[[01;35m[K0[m[K];
[36.359s]       |                [01;35m[K^[m[K
[36.359s] In file included from [01m[K/home/punished_venom/DroneControls/src/rplidar_ros/sdk/include/rplidar_cmd.h:36[m[K,
[36.360s]                  from [01m[K/home/punished_venom/DroneControls/src/rplidar_ros/sdk/include/rplidar.h:40[m[K:
[36.360s] [01m[K/home/punished_venom/DroneControls/src/rplidar_ros/sdk/include/sl_lidar_cmd.h:324:20:[m[K [01;35m[Kwarning: [m[KISO C++ forbids zero-size array ‘[01m[Kpayload[m[K’ [[01;35m[K-Wpedantic[m[K]
[36.360s]   324 |     sl_u8  payload[[01;35m[K0[m[K];
[36.361s]       |                    [01;35m[K^[m[K
[36.709s] In file included from [01m[K/home/punished_venom/DroneControls/src/rplidar_ros/sdk/src/sl_async_transceiver.cpp:44[m[K:
[36.710s] [01m[K/home/punished_venom/DroneControls/src/rplidar_ros/sdk/src/sl_async_transceiver.h:[m[K In member function ‘[01m[Kvirtual void sl::internal::IAsyncProtocolCodec::[01;32m[KonChannelError[m[K(u_result)[m[K’:
[36.710s] [01m[K/home/punished_venom/DroneControls/src/rplidar_ros/sdk/src/sl_async_transceiver.h:90:48:[m[K [01;35m[Kwarning: [m[Kunused parameter ‘[01m[KerrCode[m[K’ [[01;35m[K-Wunused-parameter[m[K]
[36.711s]    90 |         virtual void   onChannelError([01;35m[Ku_result errCode[m[K) {}
[36.711s]       |                                       [01;35m[K~~~~~~~~~^~~~~~~[m[K
[37.263s] In file included from [01m[K/home/punished_venom/DroneControls/src/rplidar_ros/sdk/include/rplidar_protocol.h:36[m[K,
[37.264s]                  from [01m[K/home/punished_venom/DroneControls/src/rplidar_ros/sdk/include/rplidar.h:39[m[K,
[37.264s]                  from [01m[K/home/punished_venom/DroneControls/src/rplidar_ros/sdk/src/sdkcommon.h:49[m[K,
[37.264s]                  from [01m[K/home/punished_venom/DroneControls/src/rplidar_ros/sdk/src/sl_lidar_driver.cpp:33[m[K:
[37.265s] [01m[K/home/punished_venom/DroneControls/src/rplidar_ros/sdk/include/sl_lidar_protocol.h:66:16:[m[K [01;35m[Kwarning: [m[KISO C++ forbids zero-size array ‘[01m[Kdata[m[K’ [[01;35m[K-Wpedantic[m[K]
[37.265s]    66 |     sl_u8 data[[01;35m[K0[m[K];
[37.266s]       |                [01;35m[K^[m[K
[37.266s] In file included from [01m[K/home/punished_venom/DroneControls/src/rplidar_ros/sdk/include/rplidar_cmd.h:36[m[K,
[37.267s]                  from [01m[K/home/punished_venom/DroneControls/src/rplidar_ros/sdk/include/rplidar.h:40[m[K:
[37.267s] [01m[K/home/punished_venom/DroneControls/src/rplidar_ros/sdk/include/sl_lidar_cmd.h:324:20:[m[K [01;35m[Kwarning: [m[KISO C++ forbids zero-size array ‘[01m[Kpayload[m[K’ [[01;35m[K-Wpedantic[m[K]
[37.267s]   324 |     sl_u8  payload[[01;35m[K0[m[K];
[37.268s]       |                    [01;35m[K^[m[K
[37.465s] [ 36%] [32mBuilding CXX object CMakeFiles/rplidar_node.dir/sdk/src/sl_lidarprotocol_codec.cpp.o[0m
[37.882s] In file included from [01m[K/home/punished_venom/DroneControls/src/rplidar_ros/sdk/src/sl_lidar_driver.cpp:50[m[K:
[37.883s] [01m[K/home/punished_venom/DroneControls/src/rplidar_ros/sdk/src/dataunpacker/dataunpacker.h:[m[K In member function ‘[01m[Kvirtual void sl::internal::LIDARSampleDataListener::[01;32m[KonCustomSampleDataDecoded[m[K(_u8, _u32, const void*, size_t)[m[K’:
[37.883s] [01m[K/home/punished_venom/DroneControls/src/rplidar_ros/sdk/src/dataunpacker/dataunpacker.h:54:52:[m[K [01;35m[Kwarning: [m[Kunused parameter ‘[01m[KansType[m[K’ [[01;35m[K-Wunused-parameter[m[K]
[37.884s]    54 |         virtual void onCustomSampleDataDecoded([01;35m[K_u8 ansType[m[K, _u32 customCode, const void* data, size_t size) {}
[37.884s]       |                                                [01;35m[K~~~~^~~~~~~[m[K
[37.884s] [01m[K/home/punished_venom/DroneControls/src/rplidar_ros/sdk/src/dataunpacker/dataunpacker.h:54:66:[m[K [01;35m[Kwarning: [m[Kunused parameter ‘[01m[KcustomCode[m[K’ [[01;35m[K-Wunused-parameter[m[K]
[37.885s]    54 |         virtual void onCustomSampleDataDecoded(_u8 ansType, [01;35m[K_u32 customCode[m[K, const void* data, size_t size) {}
[37.885s]       |                                                             [01;35m[K~~~~~^~~~~~~~~~[m[K
[37.885s] [01m[K/home/punished_venom/DroneControls/src/rplidar_ros/sdk/src/dataunpacker/dataunpacker.h:54:90:[m[K [01;35m[Kwarning: [m[Kunused parameter ‘[01m[Kdata[m[K’ [[01;35m[K-Wunused-parameter[m[K]
[37.886s]    54 |         virtual void onCustomSampleDataDecoded(_u8 ansType, _u32 customCode, [01;35m[Kconst void* data[m[K, size_t size) {}
[37.886s]       |                                                                              [01;35m[K~~~~~~~~~~~~^~~~[m[K
[37.886s] [01m[K/home/punished_venom/DroneControls/src/rplidar_ros/sdk/src/dataunpacker/dataunpacker.h:54:103:[m[K [01;35m[Kwarning: [m[Kunused parameter ‘[01m[Ksize[m[K’ [[01;35m[K-Wunused-parameter[m[K]
[37.887s]    54 |         virtual void onCustomSampleDataDecoded(_u8 ansType, _u32 customCode, const void* data, [01;35m[Ksize_t size[m[K) {}
[37.887s]       |                                                                                                [01;35m[K~~~~~~~^~~~[m[K
[37.887s] [01m[K/home/punished_venom/DroneControls/src/rplidar_ros/sdk/src/dataunpacker/dataunpacker.h:[m[K In member function ‘[01m[Kvirtual void sl::internal::LIDARSampleDataListener::[01;32m[KonDecodingError[m[K(int, _u8, const void*, size_t)[m[K’:
[37.888s] [01m[K/home/punished_venom/DroneControls/src/rplidar_ros/sdk/src/dataunpacker/dataunpacker.h:56:42:[m[K [01;35m[Kwarning: [m[Kunused parameter ‘[01m[KerrMsg[m[K’ [[01;35m[K-Wunused-parameter[m[K]
[37.888s]    56 |         virtual void onDecodingError([01;35m[Kint errMsg[m[K, _u8 ansType, const void* payload, size_t size) {}
[37.888s]       |                                      [01;35m[K~~~~^~~~~~[m[K
[37.889s] [01m[K/home/punished_venom/DroneControls/src/rplidar_ros/sdk/src/dataunpacker/dataunpacker.h:56:54:[m[K [01;35m[Kwarning: [m[Kunused parameter ‘[01m[KansType[m[K’ [[01;35m[K-Wunused-parameter[m[K]
[37.889s]    56 |         virtual void onDecodingError(int errMsg, [01;35m[K_u8 ansType[m[K, const void* payload, size_t size) {}
[37.889s]       |                                                  [01;35m[K~~~~^~~~~~~[m[K
[37.890s] [01m[K/home/punished_venom/DroneControls/src/rplidar_ros/sdk/src/dataunpacker/dataunpacker.h:56:75:[m[K [01;35m[Kwarning: [m[Kunused parameter ‘[01m[Kpayload[m[K’ [[01;35m[K-Wunused-parameter[m[K]
[37.890s]    56 |         virtual void onDecodingError(int errMsg, _u8 ansType, [01;35m[Kconst void* payload[m[K, size_t size) {}
[37.890s]       |                                                               [01;35m[K~~~~~~~~~~~~^~~~~~~[m[K
[37.891s] [01m[K/home/punished_venom/DroneControls/src/rplidar_ros/sdk/src/dataunpacker/dataunpacker.h:56:91:[m[K [01;35m[Kwarning: [m[Kunused parameter ‘[01m[Ksize[m[K’ [[01;35m[K-Wunused-parameter[m[K]
[37.891s]    56 |         virtual void onDecodingError(int errMsg, _u8 ansType, const void* payload, [01;35m[Ksize_t size[m[K) {}
[37.891s]       |                                                                                    [01;35m[K~~~~~~~^~~~[m[K
[37.926s] In file included from [01m[K/home/punished_venom/DroneControls/src/rplidar_ros/sdk/src/sl_lidar_driver.cpp:51[m[K:
[37.926s] [01m[K/home/punished_venom/DroneControls/src/rplidar_ros/sdk/src/sl_async_transceiver.h:[m[K In member function ‘[01m[Kvirtual void sl::internal::IAsyncProtocolCodec::[01;32m[KonChannelError[m[K(u_result)[m[K’:
[37.927s] [01m[K/home/punished_venom/DroneControls/src/rplidar_ros/sdk/src/sl_async_transceiver.h:90:48:[m[K [01;35m[Kwarning: [m[Kunused parameter ‘[01m[KerrCode[m[K’ [[01;35m[K-Wunused-parameter[m[K]
[37.927s]    90 |         virtual void   onChannelError([01;35m[Ku_result errCode[m[K) {}
[37.927s]       |                                       [01;35m[K~~~~~~~~~^~~~~~~[m[K
[38.016s] [01m[K/home/punished_venom/DroneControls/src/rplidar_ros/sdk/src/sl_lidar_driver.cpp:[m[K In member function ‘[01m[Kvirtual sl_result sl::SlamtecLidarDriver::[01;32m[Kreset[m[K(sl_u32)[m[K’:
[38.016s] [01m[K/home/punished_venom/DroneControls/src/rplidar_ros/sdk/src/sl_lidar_driver.cpp:511:32:[m[K [01;35m[Kwarning: [m[Kunused parameter ‘[01m[KtimeoutInMs[m[K’ [[01;35m[K-Wunused-parameter[m[K]
[38.016s]   511 |         sl_result reset([01;35m[Ksl_u32 timeoutInMs = DEFAULT_TIMEOUT[m[K)
[38.017s]       |                         [01;35m[K~~~~~~~^~~~~~~~~~~~~~~~~~~~~~~~~~~~~[m[K
[38.030s] [01m[K/home/punished_venom/DroneControls/src/rplidar_ros/sdk/src/sl_lidar_driver.cpp:[m[K In member function ‘[01m[Kvirtual sl_result sl::SlamtecLidarDriver::[01;32m[KstartScan[m[K(bool, bool, sl_u32, sl::LidarScanMode*)[m[K’:
[38.030s] [01m[K/home/punished_venom/DroneControls/src/rplidar_ros/sdk/src/sl_lidar_driver.cpp:586:69:[m[K [01;35m[Kwarning: [m[Kunused parameter ‘[01m[Koptions[m[K’ [[01;35m[K-Wunused-parameter[m[K]
[38.031s]   586 |         sl_result startScan(bool force, bool useTypicalScan, [01;35m[Ksl_u32 options = 0[m[K, LidarScanMode* outUsedScanMode = nullptr)
[38.031s]       |                                                              [01;35m[K~~~~~~~^~~~~~~~~~~[m[K
[38.039s] [01m[K/home/punished_venom/DroneControls/src/rplidar_ros/sdk/src/sl_lidar_driver.cpp:[m[K In member function ‘[01m[Kvirtual sl_result sl::SlamtecLidarDriver::[01;32m[Kstop[m[K(sl_u32)[m[K’:
[38.039s] [01m[K/home/punished_venom/DroneControls/src/rplidar_ros/sdk/src/sl_lidar_driver.cpp:763:31:[m[K [01;35m[Kwarning: [m[Kunused parameter ‘[01m[Ktimeout[m[K’ [[01;35m[K-Wunused-parameter[m[K]
[38.040s]   763 |         sl_result stop([01;35m[Ksl_u32 timeout = DEFAULT_TIMEOUT[m[K)
[38.040s]       |                        [01;35m[K~~~~~~~^~~~~~~~~~~~~~~~~~~~~~~~~[m[K
[38.048s] [01m[K/home/punished_venom/DroneControls/src/rplidar_ros/sdk/src/sl_lidar_driver.cpp:[m[K In member function ‘[01m[Kvirtual sl_result sl::SlamtecLidarDriver::[01;32m[KgetFrequency[m[K(const sl::LidarScanMode&, const sl_lidar_response_measurement_node_hq_t*, size_t, float&)[m[K’:
[38.048s] [01m[K/home/punished_venom/DroneControls/src/rplidar_ros/sdk/src/sl_lidar_driver.cpp:880:110:[m[K [01;35m[Kwarning: [m[Kunused parameter ‘[01m[Knodes[m[K’ [[01;35m[K-Wunused-parameter[m[K]
[38.048s]   880 |         sl_result getFrequency(const LidarScanMode& scanMode, [01;35m[Kconst sl_lidar_response_measurement_node_hq_t* nodes[m[K, size_t count, float& frequency)
[38.049s]       |                                                               [01;35m[K~~~~~~~~~~~~~~~~~~~~~~~~~~~~~~~~~~~~~~~~~~~~~~~^~~~~[m[K
[38.060s] [01m[K/home/punished_venom/DroneControls/src/rplidar_ros/sdk/src/sl_lidar_driver.cpp:[m[K In member function ‘[01m[Kvirtual sl_result sl::SlamtecLidarDriver::[01;32m[KgetMotorInfo[m[K(sl::LidarMotorInfo&, sl_u32)[m[K’:
[38.060s] [01m[K/home/punished_venom/DroneControls/src/rplidar_ros/sdk/src/sl_lidar_driver.cpp:1023:66:[m[K [01;35m[Kwarning: [m[Kunused parameter ‘[01m[KtimeoutInMs[m[K’ [[01;35m[K-Wunused-parameter[m[K]
[38.060s]  1023 |         sl_result getMotorInfo(LidarMotorInfo &motorInfo, [01;35m[Ksl_u32 timeoutInMs[m[K)
[38.061s]       |                                                           [01;35m[K~~~~~~~^~~~~~~~~~~[m[K
[38.066s] [01m[K/home/punished_venom/DroneControls/src/rplidar_ros/sdk/src/sl_lidar_driver.cpp:[m[K In member function ‘[01m[Ku_result sl::SlamtecLidarDriver::[01;32m[KgetScanModeCount[m[K(sl_u16&, sl_u32)[m[K’:
[38.067s] [01m[K/home/punished_venom/DroneControls/src/rplidar_ros/sdk/src/sl_lidar_driver.cpp:1199:61:[m[K [01;35m[Kwarning: [m[Kunused parameter ‘[01m[KtimeoutInMs[m[K’ [[01;35m[K-Wunused-parameter[m[K]
[38.067s]  1199 |         u_result getScanModeCount(sl_u16& modeCount, [01;35m[Ksl_u32 timeoutInMs = DEFAULT_TIMEOUT[m[K)
[38.068s]       |                                                      [01;35m[K~~~~~~~^~~~~~~~~~~~~~~~~~~~~~~~~~~~~[m[K
[38.259s] /home/punished_venom/DroneControls/src/rplidar_ros/sdk/src/sl_lidar_driver.cpp: In instantiation of ‘[01m[Kvoid sl::RawSampleNodeHolder<T>::[01;32m[KpushNode[m[K(_u64, const T*) [35m[K[with T = sl_lidar_response_measurement_node_hq_t; _u64 = long unsigned int][m[K[m[K’:
[38.260s] [01m[K/home/punished_venom/DroneControls/src/rplidar_ros/sdk/src/sl_lidar_driver.cpp:1648:42:[m[K   required from here
[38.260s]  1648 |             [01;36m[K_rawSampleNodeHolder.pushNode(timestamp_uS, node)[m[K;
[38.261s]       |             [01;36m[K~~~~~~~~~~~~~~~~~~~~~~~~~~~~~^~~~~~~~~~~~~~~~~~~~[m[K
[38.261s] [01m[K/home/punished_venom/DroneControls/src/rplidar_ros/sdk/src/sl_lidar_driver.cpp:202:28:[m[K [01;35m[Kwarning: [m[Kunused parameter ‘[01m[Ktimestamp_uS[m[K’ [[01;35m[K-Wunused-parameter[m[K]
[38.261s]   202 |         void pushNode([01;35m[K_u64 timestamp_uS[m[K, const T* node)
[38.262s]       |                       [01;35m[K~~~~~^~~~~~~~~~~~[m[K
[38.840s] [01m[K/home/punished_venom/DroneControls/src/rplidar_ros/sdk/src/sl_lidar_driver.cpp:[m[K At global scope:
[38.841s] [01m[K/home/punished_venom/DroneControls/src/rplidar_ros/sdk/src/sl_lidar_driver.cpp:83:17:[m[K [01;35m[Kwarning: [m[K‘[01m[Kvoid sl::[01;32m[Kconvert[m[K(const sl_lidar_response_measurement_node_hq_t&, sl_lidar_response_measurement_node_t&)[m[K’ defined but not used [[01;35m[K-Wunused-function[m[K]
[38.842s]    83 |     static void [01;35m[Kconvert[m[K(const sl_lidar_response_measurement_node_hq_t& from, sl_lidar_response_measurement_node_t& to)
[38.842s]       |                 [01;35m[K^~~~~~~[m[K
[38.843s] [01m[K/home/punished_venom/DroneControls/src/rplidar_ros/sdk/src/sl_lidar_driver.cpp:75:17:[m[K [01;35m[Kwarning: [m[K‘[01m[Kvoid sl::[01;32m[Kconvert[m[K(const sl_lidar_response_measurement_node_t&, sl_lidar_response_measurement_node_hq_t&)[m[K’ defined but not used [[01;35m[K-Wunused-function[m[K]
[38.843s]    75 |     static void [01;35m[Kconvert[m[K(const sl_lidar_response_measurement_node_t& from, sl_lidar_response_measurement_node_hq_t& to)
[38.844s]       |                 [01;35m[K^~~~~~~[m[K
[38.844s] [01m[K/home/punished_venom/DroneControls/src/rplidar_ros/sdk/src/sl_lidar_driver.cpp:70:17:[m[K [01;35m[Kwarning: [m[K‘[01m[Kvoid sl::[01;32m[KprintDeprecationWarn[m[K(const char*, const char*)[m[K’ defined but not used [[01;35m[K-Wunused-function[m[K]
[38.845s]    70 |     static void [01;35m[KprintDeprecationWarn[m[K(const char* fn, const char* replacement)
[38.846s]       |                 [01;35m[K^~~~~~~~~~~~~~~~~~~~[m[K
[39.345s] In file included from [01m[K/home/punished_venom/DroneControls/src/rplidar_ros/sdk/include/rplidar_protocol.h:36[m[K,
[39.346s]                  from [01m[K/home/punished_venom/DroneControls/src/rplidar_ros/sdk/include/rplidar.h:39[m[K,
[39.346s]                  from [01m[K/home/punished_venom/DroneControls/src/rplidar_ros/sdk/src/sdkcommon.h:49[m[K,
[39.346s]                  from [01m[K/home/punished_venom/DroneControls/src/rplidar_ros/sdk/src/sl_lidarprotocol_codec.cpp:35[m[K:
[39.347s] [01m[K/home/punished_venom/DroneControls/src/rplidar_ros/sdk/include/sl_lidar_protocol.h:66:16:[m[K [01;35m[Kwarning: [m[KISO C++ forbids zero-size array ‘[01m[Kdata[m[K’ [[01;35m[K-Wpedantic[m[K]
[39.347s]    66 |     sl_u8 data[[01;35m[K0[m[K];
[39.348s]       |                [01;35m[K^[m[K
[39.348s] In file included from [01m[K/home/punished_venom/DroneControls/src/rplidar_ros/sdk/include/rplidar_cmd.h:36[m[K,
[39.349s]                  from [01m[K/home/punished_venom/DroneControls/src/rplidar_ros/sdk/include/rplidar.h:40[m[K:
[39.349s] [01m[K/home/punished_venom/DroneControls/src/rplidar_ros/sdk/include/sl_lidar_cmd.h:324:20:[m[K [01;35m[Kwarning: [m[KISO C++ forbids zero-size array ‘[01m[Kpayload[m[K’ [[01;35m[K-Wpedantic[m[K]
[39.350s]   324 |     sl_u8  payload[[01;35m[K0[m[K];
[39.351s]       |                    [01;35m[K^[m[K
[39.919s] In file included from [01m[K/home/punished_venom/DroneControls/src/rplidar_ros/sdk/src/sl_lidarprotocol_codec.cpp:49[m[K:
[39.920s] [01m[K/home/punished_venom/DroneControls/src/rplidar_ros/sdk/src/sl_async_transceiver.h:[m[K In member function ‘[01m[Kvirtual void sl::internal::IAsyncProtocolCodec::[01;32m[KonChannelError[m[K(u_result)[m[K’:
[39.920s] [01m[K/home/punished_venom/DroneControls/src/rplidar_ros/sdk/src/sl_async_transceiver.h:90:48:[m[K [01;35m[Kwarning: [m[Kunused parameter ‘[01m[KerrCode[m[K’ [[01;35m[K-Wunused-parameter[m[K]
[39.921s]    90 |         virtual void   onChannelError([01;35m[Ku_result errCode[m[K) {}
[39.921s]       |                                       [01;35m[K~~~~~~~~~^~~~~~~[m[K
[40.484s] [ 39%] [32mBuilding CXX object CMakeFiles/rplidar_node.dir/sdk/src/sl_serial_channel.cpp.o[0m
[40.610s] [ 42%] [32mBuilding CXX object CMakeFiles/rplidar_node.dir/sdk/src/sl_tcp_channel.cpp.o[0m
[41.586s] In file included from [01m[K/home/punished_venom/DroneControls/src/rplidar_ros/sdk/include/sl_lidar_cmd.h:41[m[K,
[41.587s]                  from [01m[K/home/punished_venom/DroneControls/src/rplidar_ros/sdk/include/sl_lidar_driver.h:54[m[K,
[41.587s]                  from [01m[K/home/punished_venom/DroneControls/src/rplidar_ros/sdk/src/sl_serial_channel.cpp:33[m[K:
[41.587s] [01m[K/home/punished_venom/DroneControls/src/rplidar_ros/sdk/include/sl_lidar_protocol.h:66:16:[m[K [01;35m[Kwarning: [m[KISO C++ forbids zero-size array ‘[01m[Kdata[m[K’ [[01;35m[K-Wpedantic[m[K]
[41.588s]    66 |     sl_u8 data[[01;35m[K0[m[K];
[41.588s]       |                [01;35m[K^[m[K
[41.589s] [01m[K/home/punished_venom/DroneControls/src/rplidar_ros/sdk/include/sl_lidar_cmd.h:324:20:[m[K [01;35m[Kwarning: [m[KISO C++ forbids zero-size array ‘[01m[Kpayload[m[K’ [[01;35m[K-Wpedantic[m[K]
[41.589s]   324 |     sl_u8  payload[[01;35m[K0[m[K];
[41.590s]       |                    [01;35m[K^[m[K
[41.728s] In file included from [01m[K/home/punished_venom/DroneControls/src/rplidar_ros/sdk/include/sl_lidar_cmd.h:41[m[K,
[41.728s]                  from [01m[K/home/punished_venom/DroneControls/src/rplidar_ros/sdk/include/sl_lidar_driver.h:54[m[K,
[41.729s]                  from [01m[K/home/punished_venom/DroneControls/src/rplidar_ros/sdk/src/sl_tcp_channel.cpp:33[m[K:
[41.729s] [01m[K/home/punished_venom/DroneControls/src/rplidar_ros/sdk/include/sl_lidar_protocol.h:66:16:[m[K [01;35m[Kwarning: [m[KISO C++ forbids zero-size array ‘[01m[Kdata[m[K’ [[01;35m[K-Wpedantic[m[K]
[41.729s]    66 |     sl_u8 data[[01;35m[K0[m[K];
[41.730s]       |                [01;35m[K^[m[K
[41.730s] [01m[K/home/punished_venom/DroneControls/src/rplidar_ros/sdk/include/sl_lidar_cmd.h:324:20:[m[K [01;35m[Kwarning: [m[KISO C++ forbids zero-size array ‘[01m[Kpayload[m[K’ [[01;35m[K-Wpedantic[m[K]
[41.731s]   324 |     sl_u8  payload[[01;35m[K0[m[K];
[41.731s]       |                    [01;35m[K^[m[K
[41.747s] [01m[K/home/punished_venom/DroneControls/src/rplidar_ros/sdk/src/sl_tcp_channel.cpp:[m[K In member function ‘[01m[Kvoid sl::TcpChannel::[01;32m[KsetStatus[m[K(_u32)[m[K’:
[41.747s] [01m[K/home/punished_venom/DroneControls/src/rplidar_ros/sdk/src/sl_tcp_channel.cpp:109:29:[m[K [01;35m[Kwarning: [m[Kunused parameter ‘[01m[Kflag[m[K’ [[01;35m[K-Wunused-parameter[m[K]
[41.747s]   109 |         void setStatus([01;35m[K_u32 flag[m[K){}
[41.748s]       |                        [01;35m[K~~~~~^~~~[m[K
[42.017s] [ 44%] [32mBuilding CXX object CMakeFiles/rplidar_node.dir/sdk/src/sl_udp_channel.cpp.o[0m
[43.043s] In file included from [01m[K/home/punished_venom/DroneControls/src/rplidar_ros/sdk/include/sl_lidar_cmd.h:41[m[K,
[43.044s]                  from [01m[K/home/punished_venom/DroneControls/src/rplidar_ros/sdk/include/sl_lidar_driver.h:54[m[K,
[43.044s]                  from [01m[K/home/punished_venom/DroneControls/src/rplidar_ros/sdk/src/sl_udp_channel.cpp:33[m[K:
[43.044s] [01m[K/home/punished_venom/DroneControls/src/rplidar_ros/sdk/include/sl_lidar_protocol.h:66:16:[m[K [01;35m[Kwarning: [m[KISO C++ forbids zero-size array ‘[01m[Kdata[m[K’ [[01;35m[K-Wpedantic[m[K]
[43.045s]    66 |     sl_u8 data[[01;35m[K0[m[K];
[43.045s]       |                [01;35m[K^[m[K
[43.045s] [01m[K/home/punished_venom/DroneControls/src/rplidar_ros/sdk/include/sl_lidar_cmd.h:324:20:[m[K [01;35m[Kwarning: [m[KISO C++ forbids zero-size array ‘[01m[Kpayload[m[K’ [[01;35m[K-Wpedantic[m[K]
[43.046s]   324 |     sl_u8  payload[[01;35m[K0[m[K];
[43.046s]       |                    [01;35m[K^[m[K
[43.059s] [01m[K/home/punished_venom/DroneControls/src/rplidar_ros/sdk/src/sl_udp_channel.cpp:[m[K In member function ‘[01m[Kvoid sl::UdpChannel::[01;32m[KsetStatus[m[K(_u32)[m[K’:
[43.060s] [01m[K/home/punished_venom/DroneControls/src/rplidar_ros/sdk/src/sl_udp_channel.cpp:112:29:[m[K [01;35m[Kwarning: [m[Kunused parameter ‘[01m[Kflag[m[K’ [[01;35m[K-Wunused-parameter[m[K]
[43.060s]   112 |         void setStatus([01;35m[K_u32 flag[m[K){}
[43.060s]       |                        [01;35m[K~~~~~^~~~[m[K
[43.403s] [ 47%] [1m[32mLinking CXX executable rplidar_node[0m
[44.502s] [ 47%] Built target rplidar_node
[44.576s] [ 50%] [32mBuilding CXX object CMakeFiles/rplidar_client.dir/src/rplidar_client.cpp.o[0m
[44.582s] [ 52%] [32mBuilding CXX object CMakeFiles/rplidar_composition.dir/src/rplidar_node.cpp.o[0m
[44.584s] [ 57%] [32mBuilding CXX object CMakeFiles/rplidar_composition.dir/sdk/src/arch/linux/net_socket.cpp.o[0m
[44.587s] [ 57%] [32mBuilding CXX object CMakeFiles/rplidar_composition.dir/sdk/src/arch/linux/net_serial.cpp.o[0m
[46.610s] In file included from [01m[K/home/punished_venom/DroneControls/src/rplidar_ros/sdk/include/rplidar_protocol.h:36[m[K,
[46.611s]                  from [01m[K/home/punished_venom/DroneControls/src/rplidar_ros/sdk/include/rplidar.h:39[m[K,
[46.611s]                  from [01m[K/home/punished_venom/DroneControls/src/rplidar_ros/sdk/src/sdkcommon.h:49[m[K,
[46.615s]                  from [01m[K/home/punished_venom/DroneControls/src/rplidar_ros/sdk/src/arch/linux/net_socket.cpp:10[m[K:
[46.616s] [01m[K/home/punished_venom/DroneControls/src/rplidar_ros/sdk/include/sl_lidar_protocol.h:66:16:[m[K [01;35m[Kwarning: [m[KISO C++ forbids zero-size array ‘[01m[Kdata[m[K’ [[01;35m[K-Wpedantic[m[K]
[46.617s]    66 |     sl_u8 data[[01;35m[K0[m[K];
[46.617s]       |                [01;35m[K^[m[K
[46.618s] In file included from [01m[K/home/punished_venom/DroneControls/src/rplidar_ros/sdk/include/rplidar_cmd.h:36[m[K,
[46.622s]                  from [01m[K/home/punished_venom/DroneControls/src/rplidar_ros/sdk/include/rplidar.h:40[m[K:
[46.622s] [01m[K/home/punished_venom/DroneControls/src/rplidar_ros/sdk/include/sl_lidar_cmd.h:324:20:[m[K [01;35m[Kwarning: [m[KISO C++ forbids zero-size array ‘[01m[Kpayload[m[K’ [[01;35m[K-Wpedantic[m[K]
[46.623s]   324 |     sl_u8  payload[[01;35m[K0[m[K];
[46.624s]       |                    [01;35m[K^[m[K
[46.649s] [01m[K/home/punished_venom/DroneControls/src/rplidar_ros/sdk/src/arch/linux/net_serial.cpp:[m[K In member function ‘[01m[Kbool rp::arch::net::raw_serial::[01;32m[Kopen[m[K(const char*, uint32_t, uint32_t)[m[K’:
[46.650s] [01m[K/home/punished_venom/DroneControls/src/rplidar_ros/sdk/src/arch/linux/net_serial.cpp:97:74:[m[K [01;35m[Kwarning: [m[Kunused parameter ‘[01m[Kflags[m[K’ [[01;35m[K-Wunused-parameter[m[K]
[46.650s]    97 | bool raw_serial::open(const char * portname, uint32_t baudrate, [01;35m[Kuint32_t flags[m[K)
[46.651s]       |                                                                 [01;35m[K~~~~~~~~~^~~~~[m[K
[46.655s] [01m[K/home/punished_venom/DroneControls/src/rplidar_ros/sdk/src/arch/linux/net_serial.cpp:[m[K In member function ‘[01m[Kvirtual void rp::arch::net::raw_serial::[01;32m[Kflush[m[K(_u32)[m[K’:
[46.656s] [01m[K/home/punished_venom/DroneControls/src/rplidar_ros/sdk/src/arch/linux/net_serial.cpp:281:30:[m[K [01;35m[Kwarning: [m[Kunused parameter ‘[01m[Kflags[m[K’ [[01;35m[K-Wunused-parameter[m[K]
[46.656s]   281 | void raw_serial::flush( [01;35m[K_u32 flags[m[K)
[46.660s]       |                         [01;35m[K~~~~~^~~~~[m[K
[46.661s] [01m[K/home/punished_venom/DroneControls/src/rplidar_ros/sdk/src/arch/linux/net_serial.cpp:[m[K In member function ‘[01m[Kvirtual int rp::arch::net::raw_serial::[01;32m[Kwaitforsent[m[K(_u32, size_t*)[m[K’:
[46.662s] [01m[K/home/punished_venom/DroneControls/src/rplidar_ros/sdk/src/arch/linux/net_serial.cpp:286:34:[m[K [01;35m[Kwarning: [m[Kunused parameter ‘[01m[Ktimeout[m[K’ [[01;35m[K-Wunused-parameter[m[K]
[46.665s]   286 | int raw_serial::waitforsent([01;35m[K_u32 timeout[m[K, size_t * returned_size)
[46.665s]       |                             [01;35m[K~~~~~^~~~~~~[m[K
[46.666s] [01m[K/home/punished_venom/DroneControls/src/rplidar_ros/sdk/src/arch/linux/net_serial.cpp:[m[K In member function ‘[01m[Kvirtual int rp::arch::net::raw_serial::[01;32m[Kwaitforrecv[m[K(_u32, size_t*)[m[K’:
[46.667s] [01m[K/home/punished_venom/DroneControls/src/rplidar_ros/sdk/src/arch/linux/net_serial.cpp:292:34:[m[K [01;35m[Kwarning: [m[Kunused parameter ‘[01m[Ktimeout[m[K’ [[01;35m[K-Wunused-parameter[m[K]
[46.670s]   292 | int raw_serial::waitforrecv([01;35m[K_u32 timeout[m[K, size_t * returned_size)
[46.671s]       |                             [01;35m[K~~~~~^~~~~~~[m[K
[46.672s] [01m[K/home/punished_venom/DroneControls/src/rplidar_ros/sdk/src/arch/linux/net_serial.cpp:[m[K In member function ‘[01m[Kvirtual void rp::arch::net::raw_serial::[01;32m[KcancelOperation[m[K()[m[K’:
[46.672s] [01m[K/home/punished_venom/DroneControls/src/rplidar_ros/sdk/src/arch/linux/net_serial.cpp:427:5:[m[K [01;35m[Kwarning: [m[Kvalue computed is not used [[01;35m[K-Wunused-value[m[K]
[46.676s]   427 |     [01;35m[K(int)::write(_selfpipe[1], "x", 1)[m[K;
[46.677s]       |     [01;35m[K^~~~~~~~~~~~~~~~~~~~~~~~~~~~~~~~~~[m[K
[46.800s] In file included from [01m[K/home/punished_venom/DroneControls/src/rplidar_ros/sdk/src/arch/linux/arch_linux.h:42[m[K,
[46.801s]                  from [01m[K/home/punished_venom/DroneControls/src/rplidar_ros/sdk/src/sdkcommon.h:41[m[K:
[46.802s] [01m[K/home/punished_venom/DroneControls/src/rplidar_ros/sdk/src/arch/linux/net_socket.cpp:[m[K In member function ‘[01m[Kvirtual u_result rp::arch::net::DGramSocketImpl::[01;32m[KsendTo[m[K(const rp::net::SocketAddress*, const void*, size_t)[m[K’:
[46.803s] [01m[K/home/punished_venom/DroneControls/src/rplidar_ros/sdk/src/arch/linux/net_socket.cpp:733:24:[m[K [01;35m[Kwarning: [m[Kcomparison of integer expressions of different signedness: ‘[01m[Kint[m[K’ and ‘[01m[Ksize_t[m[K’ {aka ‘[01m[Klong unsigned int[m[K’} [[01;35m[K-Wsign-compare[m[K]
[46.805s]   733 |             assert([01;35m[Kans == len[m[K);
[46.806s]       |                    [01;35m[K~~~~^~~~~~[m[K
[47.307s] [ 60%] [32mBuilding CXX object CMakeFiles/rplidar_composition.dir/sdk/src/arch/linux/timer.cpp.o[0m
[47.823s] [ 63%] [32mBuilding CXX object CMakeFiles/rplidar_composition.dir/sdk/src/dataunpacker/dataunpacker.cpp.o[0m
[50.035s] In file included from [01m[K/home/punished_venom/DroneControls/src/rplidar_ros/sdk/include/rplidar_protocol.h:36[m[K,
[50.036s]                  from [01m[K/home/punished_venom/DroneControls/src/rplidar_ros/sdk/include/rplidar.h:39[m[K,
[50.036s]                  from [01m[K/home/punished_venom/DroneControls/src/rplidar_ros/sdk/src/sdkcommon.h:49[m[K,
[50.036s]                  from [01m[K/home/punished_venom/DroneControls/src/rplidar_ros/sdk/src/dataunpacker/dataunnpacker_commondef.h:41[m[K,
[50.037s]                  from [01m[K/home/punished_venom/DroneControls/src/rplidar_ros/sdk/src/dataunpacker/dataunpacker.cpp:39[m[K:
[50.040s] [01m[K/home/punished_venom/DroneControls/src/rplidar_ros/sdk/include/sl_lidar_protocol.h:66:16:[m[K [01;35m[Kwarning: [m[KISO C++ forbids zero-size array ‘[01m[Kdata[m[K’ [[01;35m[K-Wpedantic[m[K]
[50.041s]    66 |     sl_u8 data[[01;35m[K0[m[K];
[50.041s]       |                [01;35m[K^[m[K
[50.042s] In file included from [01m[K/home/punished_venom/DroneControls/src/rplidar_ros/sdk/include/rplidar_cmd.h:36[m[K,
[50.042s]                  from [01m[K/home/punished_venom/DroneControls/src/rplidar_ros/sdk/include/rplidar.h:40[m[K:
[50.043s] [01m[K/home/punished_venom/DroneControls/src/rplidar_ros/sdk/include/sl_lidar_cmd.h:324:20:[m[K [01;35m[Kwarning: [m[KISO C++ forbids zero-size array ‘[01m[Kpayload[m[K’ [[01;35m[K-Wpedantic[m[K]
[50.044s]   324 |     sl_u8  payload[[01;35m[K0[m[K];
[50.044s]       |                    [01;35m[K^[m[K
[50.561s] In file included from [01m[K/home/punished_venom/DroneControls/src/rplidar_ros/sdk/src/dataunpacker/dataunpacker.cpp:40[m[K:
[50.562s] [01m[K/home/punished_venom/DroneControls/src/rplidar_ros/sdk/src/dataunpacker/dataunpacker.h:[m[K In member function ‘[01m[Kvirtual void sl::internal::LIDARSampleDataListener::[01;32m[KonCustomSampleDataDecoded[m[K(_u8, _u32, const void*, size_t)[m[K’:
[50.563s] [01m[K/home/punished_venom/DroneControls/src/rplidar_ros/sdk/src/dataunpacker/dataunpacker.h:54:52:[m[K [01;35m[Kwarning: [m[Kunused parameter ‘[01m[KansType[m[K’ [[01;35m[K-Wunused-parameter[m[K]
[50.564s]    54 |         virtual void onCustomSampleDataDecoded([01;35m[K_u8 ansType[m[K, _u32 customCode, const void* data, size_t size) {}
[50.566s]       |                                                [01;35m[K~~~~^~~~~~~[m[K
[50.567s] [01m[K/home/punished_venom/DroneControls/src/rplidar_ros/sdk/src/dataunpacker/dataunpacker.h:54:66:[m[K [01;35m[Kwarning: [m[Kunused parameter ‘[01m[KcustomCode[m[K’ [[01;35m[K-Wunused-parameter[m[K]
[50.568s]    54 |         virtual void onCustomSampleDataDecoded(_u8 ansType, [01;35m[K_u32 customCode[m[K, const void* data, size_t size) {}
[50.569s]       |                                                             [01;35m[K~~~~~^~~~~~~~~~[m[K
[50.571s] [01m[K/home/punished_venom/DroneControls/src/rplidar_ros/sdk/src/dataunpacker/dataunpacker.h:54:90:[m[K [01;35m[Kwarning: [m[Kunused parameter ‘[01m[Kdata[m[K’ [[01;35m[K-Wunused-parameter[m[K]
[50.571s]    54 |         virtual void onCustomSampleDataDecoded(_u8 ansType, _u32 customCode, [01;35m[Kconst void* data[m[K, size_t size) {}
[50.572s]       |                                                                              [01;35m[K~~~~~~~~~~~~^~~~[m[K
[50.573s] [01m[K/home/punished_venom/DroneControls/src/rplidar_ros/sdk/src/dataunpacker/dataunpacker.h:54:103:[m[K [01;35m[Kwarning: [m[Kunused parameter ‘[01m[Ksize[m[K’ [[01;35m[K-Wunused-parameter[m[K]
[50.573s]    54 |         virtual void onCustomSampleDataDecoded(_u8 ansType, _u32 customCode, const void* data, [01;35m[Ksize_t size[m[K) {}
[50.574s]       |                                                                                                [01;35m[K~~~~~~~^~~~[m[K
[50.574s] [01m[K/home/punished_venom/DroneControls/src/rplidar_ros/sdk/src/dataunpacker/dataunpacker.h:[m[K In member function ‘[01m[Kvirtual void sl::internal::LIDARSampleDataListener::[01;32m[KonDecodingError[m[K(int, _u8, const void*, size_t)[m[K’:
[50.575s] [01m[K/home/punished_venom/DroneControls/src/rplidar_ros/sdk/src/dataunpacker/dataunpacker.h:56:42:[m[K [01;35m[Kwarning: [m[Kunused parameter ‘[01m[KerrMsg[m[K’ [[01;35m[K-Wunused-parameter[m[K]
[50.576s]    56 |         virtual void onDecodingError([01;35m[Kint errMsg[m[K, _u8 ansType, const void* payload, size_t size) {}
[50.576s]       |                                      [01;35m[K~~~~^~~~~~[m[K
[50.577s] [01m[K/home/punished_venom/DroneControls/src/rplidar_ros/sdk/src/dataunpacker/dataunpacker.h:56:54:[m[K [01;35m[Kwarning: [m[Kunused parameter ‘[01m[KansType[m[K’ [[01;35m[K-Wunused-parameter[m[K]
[50.577s]    56 |         virtual void onDecodingError(int errMsg, [01;35m[K_u8 ansType[m[K, const void* payload, size_t size) {}
[50.578s]       |                                                  [01;35m[K~~~~^~~~~~~[m[K
[50.578s] [01m[K/home/punished_venom/DroneControls/src/rplidar_ros/sdk/src/dataunpacker/dataunpacker.h:56:75:[m[K [01;35m[Kwarning: [m[Kunused parameter ‘[01m[Kpayload[m[K’ [[01;35m[K-Wunused-parameter[m[K]
[50.579s]    56 |         virtual void onDecodingError(int errMsg, _u8 ansType, [01;35m[Kconst void* payload[m[K, size_t size) {}
[50.579s]       |                                                               [01;35m[K~~~~~~~~~~~~^~~~~~~[m[K
[50.580s] [01m[K/home/punished_venom/DroneControls/src/rplidar_ros/sdk/src/dataunpacker/dataunpacker.h:56:91:[m[K [01;35m[Kwarning: [m[Kunused parameter ‘[01m[Ksize[m[K’ [[01;35m[K-Wunused-parameter[m[K]
[50.580s]    56 |         virtual void onDecodingError(int errMsg, _u8 ansType, const void* payload, [01;35m[Ksize_t size[m[K) {}
[50.581s]       |                                                                                    [01;35m[K~~~~~~~^~~~[m[K
[51.737s] [ 65%] [32mBuilding CXX object CMakeFiles/rplidar_composition.dir/sdk/src/dataunpacker/unpacker/handler_capsules.cpp.o[0m
[51.740s] [ 68%] [32mBuilding CXX object CMakeFiles/rplidar_composition.dir/sdk/src/dataunpacker/unpacker/handler_hqnode.cpp.o[0m
[54.128s] In file included from [01m[K/home/punished_venom/DroneControls/src/rplidar_ros/sdk/include/rplidar_protocol.h:36[m[K,
[54.129s]                  from [01m[K/home/punished_venom/DroneControls/src/rplidar_ros/sdk/include/rplidar.h:39[m[K,
[54.130s]                  from [01m[K/home/punished_venom/DroneControls/src/rplidar_ros/sdk/src/sdkcommon.h:49[m[K,
[54.131s]                  from [01m[K/home/punished_venom/DroneControls/src/rplidar_ros/sdk/src/dataunpacker/unpacker/../dataunnpacker_commondef.h:41[m[K,
[54.134s]                  from [01m[K/home/punished_venom/DroneControls/src/rplidar_ros/sdk/src/dataunpacker/unpacker/handler_hqnode.cpp:39[m[K:
[54.134s] [01m[K/home/punished_venom/DroneControls/src/rplidar_ros/sdk/include/sl_lidar_protocol.h:66:16:[m[K [01;35m[Kwarning: [m[KISO C++ forbids zero-size array ‘[01m[Kdata[m[K’ [[01;35m[K-Wpedantic[m[K]
[54.135s]    66 |     sl_u8 data[[01;35m[K0[m[K];
[54.136s]       |                [01;35m[K^[m[K
[54.139s] In file included from [01m[K/home/punished_venom/DroneControls/src/rplidar_ros/sdk/include/rplidar_cmd.h:36[m[K,
[54.140s]                  from [01m[K/home/punished_venom/DroneControls/src/rplidar_ros/sdk/include/rplidar.h:40[m[K:
[54.141s] [01m[K/home/punished_venom/DroneControls/src/rplidar_ros/sdk/include/sl_lidar_cmd.h:324:20:[m[K [01;35m[Kwarning: [m[KISO C++ forbids zero-size array ‘[01m[Kpayload[m[K’ [[01;35m[K-Wpedantic[m[K]
[54.141s]   324 |     sl_u8  payload[[01;35m[K0[m[K];
[54.145s]       |                    [01;35m[K^[m[K
[54.146s] In file included from [01m[K/home/punished_venom/DroneControls/src/rplidar_ros/sdk/include/rplidar_protocol.h:36[m[K,
[54.148s]                  from [01m[K/home/punished_venom/DroneControls/src/rplidar_ros/sdk/include/rplidar.h:39[m[K,
[54.150s]                  from [01m[K/home/punished_venom/DroneControls/src/rplidar_ros/sdk/src/sdkcommon.h:49[m[K,
[54.151s]                  from [01m[K/home/punished_venom/DroneControls/src/rplidar_ros/sdk/src/dataunpacker/unpacker/../dataunnpacker_commondef.h:41[m[K,
[54.152s]                  from [01m[K/home/punished_venom/DroneControls/src/rplidar_ros/sdk/src/dataunpacker/unpacker/handler_capsules.cpp:39[m[K:
[54.152s] [01m[K/home/punished_venom/DroneControls/src/rplidar_ros/sdk/include/sl_lidar_protocol.h:66:16:[m[K [01;35m[Kwarning: [m[KISO C++ forbids zero-size array ‘[01m[Kdata[m[K’ [[01;35m[K-Wpedantic[m[K]
[54.153s]    66 |     sl_u8 data[[01;35m[K0[m[K];
[54.157s]       |                [01;35m[K^[m[K
[54.157s] In file included from [01m[K/home/punished_venom/DroneControls/src/rplidar_ros/sdk/include/rplidar_cmd.h:36[m[K,
[54.162s]                  from [01m[K/home/punished_venom/DroneControls/src/rplidar_ros/sdk/include/rplidar.h:40[m[K:
[54.163s] [01m[K/home/punished_venom/DroneControls/src/rplidar_ros/sdk/include/sl_lidar_cmd.h:324:20:[m[K [01;35m[Kwarning: [m[KISO C++ forbids zero-size array ‘[01m[Kpayload[m[K’ [[01;35m[K-Wpedantic[m[K]
[54.164s]   324 |     sl_u8  payload[[01;35m[K0[m[K];
[54.167s]       |                    [01;35m[K^[m[K
[54.766s] In file included from [01m[K/home/punished_venom/DroneControls/src/rplidar_ros/sdk/src/dataunpacker/unpacker/handler_hqnode.cpp:40[m[K:
[54.767s] [01m[K/home/punished_venom/DroneControls/src/rplidar_ros/sdk/src/dataunpacker/unpacker/../dataunpacker.h:[m[K In member function ‘[01m[Kvirtual void sl::internal::LIDARSampleDataListener::[01;32m[KonCustomSampleDataDecoded[m[K(_u8, _u32, const void*, size_t)[m[K’:
[54.768s] [01m[K/home/punished_venom/DroneControls/src/rplidar_ros/sdk/src/dataunpacker/unpacker/../dataunpacker.h:54:52:[m[K [01;35m[Kwarning: [m[Kunused parameter ‘[01m[KansType[m[K’ [[01;35m[K-Wunused-parameter[m[K]
[54.771s]    54 |         virtual void onCustomSampleDataDecoded([01;35m[K_u8 ansType[m[K, _u32 customCode, const void* data, size_t size) {}
[54.776s]       |                                                [01;35m[K~~~~^~~~~~~[m[K
[54.777s] [01m[K/home/punished_venom/DroneControls/src/rplidar_ros/sdk/src/dataunpacker/unpacker/../dataunpacker.h:54:66:[m[K [01;35m[Kwarning: [m[Kunused parameter ‘[01m[KcustomCode[m[K’ [[01;35m[K-Wunused-parameter[m[K]
[54.779s]    54 |         virtual void onCustomSampleDataDecoded(_u8 ansType, [01;35m[K_u32 customCode[m[K, const void* data, size_t size) {}
[54.783s]       |                                                             [01;35m[K~~~~~^~~~~~~~~~[m[K
[54.783s] [01m[K/home/punished_venom/DroneControls/src/rplidar_ros/sdk/src/dataunpacker/unpacker/../dataunpacker.h:54:90:[m[K [01;35m[Kwarning: [m[Kunused parameter ‘[01m[Kdata[m[K’ [[01;35m[K-Wunused-parameter[m[K]
[54.784s]    54 |         virtual void onCustomSampleDataDecoded(_u8 ansType, _u32 customCode, [01;35m[Kconst void* data[m[K, size_t size) {}
[54.785s]       |                                                                              [01;35m[K~~~~~~~~~~~~^~~~[m[K
[54.788s] [01m[K/home/punished_venom/DroneControls/src/rplidar_ros/sdk/src/dataunpacker/unpacker/../dataunpacker.h:54:103:[m[K [01;35m[Kwarning: [m[Kunused parameter ‘[01m[Ksize[m[K’ [[01;35m[K-Wunused-parameter[m[K]
[54.789s]    54 |         virtual void onCustomSampleDataDecoded(_u8 ansType, _u32 customCode, const void* data, [01;35m[Ksize_t size[m[K) {}
[54.790s]       |                                                                                                [01;35m[K~~~~~~~^~~~[m[K
[54.791s] [01m[K/home/punished_venom/DroneControls/src/rplidar_ros/sdk/src/dataunpacker/unpacker/../dataunpacker.h:[m[K In member function ‘[01m[Kvirtual void sl::internal::LIDARSampleDataListener::[01;32m[KonDecodingError[m[K(int, _u8, const void*, size_t)[m[K’:
[54.794s] [01m[K/home/punished_venom/DroneControls/src/rplidar_ros/sdk/src/dataunpacker/unpacker/../dataunpacker.h:56:42:[m[K [01;35m[Kwarning: [m[Kunused parameter ‘[01m[KerrMsg[m[K’ [[01;35m[K-Wunused-parameter[m[K]
[54.795s]    56 |         virtual void onDecodingError([01;35m[Kint errMsg[m[K, _u8 ansType, const void* payload, size_t size) {}
[54.796s]       |                                      [01;35m[K~~~~^~~~~~[m[K
[54.799s] [01m[K/home/punished_venom/DroneControls/src/rplidar_ros/sdk/src/dataunpacker/unpacker/../dataunpacker.h:56:54:[m[K [01;35m[Kwarning: [m[Kunused parameter ‘[01m[KansType[m[K’ [[01;35m[K-Wunused-parameter[m[K]
[54.800s]    56 |         virtual void onDecodingError(int errMsg, [01;35m[K_u8 ansType[m[K, const void* payload, size_t size) {}
[54.802s]       |                                                  [01;35m[K~~~~^~~~~~~[m[K
[54.806s] [01m[K/home/punished_venom/DroneControls/src/rplidar_ros/sdk/src/dataunpacker/unpacker/../dataunpacker.h:56:75:[m[K [01;35m[Kwarning: [m[Kunused parameter ‘[01m[Kpayload[m[K’ [[01;35m[K-Wunused-parameter[m[K]
[54.807s]    56 |         virtual void onDecodingError(int errMsg, _u8 ansType, [01;35m[Kconst void* payload[m[K, size_t size) {}
[54.808s]       |                                                               [01;35m[K~~~~~~~~~~~~^~~~~~~[m[K
[54.809s] [01m[K/home/punished_venom/DroneControls/src/rplidar_ros/sdk/src/dataunpacker/unpacker/../dataunpacker.h:56:91:[m[K [01;35m[Kwarning: [m[Kunused parameter ‘[01m[Ksize[m[K’ [[01;35m[K-Wunused-parameter[m[K]
[54.810s]    56 |         virtual void onDecodingError(int errMsg, _u8 ansType, const void* payload, [01;35m[Ksize_t size[m[K) {}
[54.811s]       |                                                                                    [01;35m[K~~~~~~~^~~~[m[K
[54.812s] In file included from [01m[K/home/punished_venom/DroneControls/src/rplidar_ros/sdk/src/dataunpacker/unpacker/handler_capsules.cpp:40[m[K:
[54.812s] [01m[K/home/punished_venom/DroneControls/src/rplidar_ros/sdk/src/dataunpacker/unpacker/../dataunpacker.h:[m[K In member function ‘[01m[Kvirtual void sl::internal::LIDARSampleDataListener::[01;32m[KonCustomSampleDataDecoded[m[K(_u8, _u32, const void*, size_t)[m[K’:
[54.813s] [01m[K/home/punished_venom/DroneControls/src/rplidar_ros/sdk/src/dataunpacker/unpacker/../dataunpacker.h:54:52:[m[K [01;35m[Kwarning: [m[Kunused parameter ‘[01m[KansType[m[K’ [[01;35m[K-Wunused-parameter[m[K]
[54.814s]    54 |         virtual void onCustomSampleDataDecoded([01;35m[K_u8 ansType[m[K, _u32 customCode, const void* data, size_t size) {}
[54.814s]       |                                                [01;35m[K~~~~^~~~~~~[m[K
[54.815s] [01m[K/home/punished_venom/DroneControls/src/rplidar_ros/sdk/src/dataunpacker/unpacker/../dataunpacker.h:54:66:[m[K [01;35m[Kwarning: [m[Kunused parameter ‘[01m[KcustomCode[m[K’ [[01;35m[K-Wunused-parameter[m[K]
[54.816s]    54 |         virtual void onCustomSampleDataDecoded(_u8 ansType, [01;35m[K_u32 customCode[m[K, const void* data, size_t size) {}
[54.816s]       |                                                             [01;35m[K~~~~~^~~~~~~~~~[m[K
[54.817s] [01m[K/home/punished_venom/DroneControls/src/rplidar_ros/sdk/src/dataunpacker/unpacker/../dataunpacker.h:54:90:[m[K [01;35m[Kwarning: [m[Kunused parameter ‘[01m[Kdata[m[K’ [[01;35m[K-Wunused-parameter[m[K]
[54.817s]    54 |         virtual void onCustomSampleDataDecoded(_u8 ansType, _u32 customCode, [01;35m[Kconst void* data[m[K, size_t size) {}
[54.818s]       |                                                                              [01;35m[K~~~~~~~~~~~~^~~~[m[K
[54.819s] [01m[K/home/punished_venom/DroneControls/src/rplidar_ros/sdk/src/dataunpacker/unpacker/../dataunpacker.h:54:103:[m[K [01;35m[Kwarning: [m[Kunused parameter ‘[01m[Ksize[m[K’ [[01;35m[K-Wunused-parameter[m[K]
[54.819s]    54 |         virtual void onCustomSampleDataDecoded(_u8 ansType, _u32 customCode, const void* data, [01;35m[Ksize_t size[m[K) {}
[54.820s]       |                                                                                                [01;35m[K~~~~~~~^~~~[m[K
[54.820s] [01m[K/home/punished_venom/DroneControls/src/rplidar_ros/sdk/src/dataunpacker/unpacker/../dataunpacker.h:[m[K In member function ‘[01m[Kvirtual void sl::internal::LIDARSampleDataListener::[01;32m[KonDecodingError[m[K(int, _u8, const void*, size_t)[m[K’:
[54.821s] [01m[K/home/punished_venom/DroneControls/src/rplidar_ros/sdk/src/dataunpacker/unpacker/../dataunpacker.h:56:42:[m[K [01;35m[Kwarning: [m[Kunused parameter ‘[01m[KerrMsg[m[K’ [[01;35m[K-Wunused-parameter[m[K]
[54.822s]    56 |         virtual void onDecodingError([01;35m[Kint errMsg[m[K, _u8 ansType, const void* payload, size_t size) {}
[54.822s]       |                                      [01;35m[K~~~~^~~~~~[m[K
[54.823s] [01m[K/home/punished_venom/DroneControls/src/rplidar_ros/sdk/src/dataunpacker/unpacker/../dataunpacker.h:56:54:[m[K [01;35m[Kwarning: [m[Kunused parameter ‘[01m[KansType[m[K’ [[01;35m[K-Wunused-parameter[m[K]
[54.823s]    56 |         virtual void onDecodingError(int errMsg, [01;35m[K_u8 ansType[m[K, const void* payload, size_t size) {}
[54.824s]       |                                                  [01;35m[K~~~~^~~~~~~[m[K
[54.825s] [01m[K/home/punished_venom/DroneControls/src/rplidar_ros/sdk/src/dataunpacker/unpacker/../dataunpacker.h:56:75:[m[K [01;35m[Kwarning: [m[Kunused parameter ‘[01m[Kpayload[m[K’ [[01;35m[K-Wunused-parameter[m[K]
[54.825s]    56 |         virtual void onDecodingError(int errMsg, _u8 ansType, [01;35m[Kconst void* payload[m[K, size_t size) {}
[54.828s]       |                                                               [01;35m[K~~~~~~~~~~~~^~~~~~~[m[K
[54.829s] [01m[K/home/punished_venom/DroneControls/src/rplidar_ros/sdk/src/dataunpacker/unpacker/../dataunpacker.h:56:91:[m[K [01;35m[Kwarning: [m[Kunused parameter ‘[01m[Ksize[m[K’ [[01;35m[K-Wunused-parameter[m[K]
[54.829s]    56 |         virtual void onDecodingError(int errMsg, _u8 ansType, const void* payload, [01;35m[Ksize_t size[m[K) {}
[54.830s]       |                                                                                    [01;35m[K~~~~~~~^~~~[m[K
[54.880s] [01m[K/home/punished_venom/DroneControls/src/rplidar_ros/sdk/src/dataunpacker/unpacker/handler_capsules.cpp:[m[K In member function ‘[01m[Kvoid sl::internal::unpacker::UnpackerHandler_DenseCapsuleNode::[01;32m[K_onScanNodeDenseCapsuleData[m[K(rplidar_response_dense_capsule_measurement_nodes_t&, sl::internal::LIDARSampleDataUnpackerInner*)[m[K’:
[54.880s] [01m[K/home/punished_venom/DroneControls/src/rplidar_ros/sdk/src/dataunpacker/unpacker/handler_capsules.cpp:763:30:[m[K [01;35m[Kwarning: [m[Ktype qualifiers ignored on cast result type [[01;35m[K-Wignored-qualifiers[m[K]
[54.881s]   763 |             const int dist = [01;35m[Kstatic_cast<const int>(_cached_previous_dense_capsuledata.cabins[pos].distance)[m[K;
[54.881s]       |                              [01;35m[K^~~~~~~~~~~~~~~~~~~~~~~~~~~~~~~~~~~~~~~~~~~~~~~~~~~~~~~~~~~~~~~~~~~~~~~~~~~~~~~[m[K
[55.643s] [ 71%] [32mBuilding CXX object CMakeFiles/rplidar_composition.dir/sdk/src/dataunpacker/unpacker/handler_normalnode.cpp.o[0m
[55.947s] [ 73%] [32mBuilding CXX object CMakeFiles/rplidar_composition.dir/sdk/src/hal/thread.cpp.o[0m
[57.634s] In file included from [01m[K/home/punished_venom/DroneControls/src/rplidar_ros/sdk/include/sl_lidar_cmd.h:41[m[K,
[57.635s]                  from [01m[K/home/punished_venom/DroneControls/src/rplidar_ros/sdk/include/sl_lidar_driver.h:54[m[K,
[57.637s]                  from [01m[K/home/punished_venom/DroneControls/src/rplidar_ros/sdk/include/sl_lidar.h:36[m[K,
[57.638s]                  from [01m[K/home/punished_venom/DroneControls/src/rplidar_ros/src/rplidar_node.cpp:38[m[K:
[57.639s] [01m[K/home/punished_venom/DroneControls/src/rplidar_ros/sdk/include/sl_lidar_protocol.h:66:16:[m[K [01;35m[Kwarning: [m[KISO C++ forbids zero-size array ‘[01m[Kdata[m[K’ [[01;35m[K-Wpedantic[m[K]
[57.643s]    66 |     sl_u8 data[[01;35m[K0[m[K];
[57.643s]       |                [01;35m[K^[m[K
[57.645s] [01m[K/home/punished_venom/DroneControls/src/rplidar_ros/sdk/include/sl_lidar_cmd.h:324:20:[m[K [01;35m[Kwarning: [m[KISO C++ forbids zero-size array ‘[01m[Kpayload[m[K’ [[01;35m[K-Wpedantic[m[K]
[57.645s]   324 |     sl_u8  payload[[01;35m[K0[m[K];
[57.646s]       |                    [01;35m[K^[m[K
[57.929s] [01m[K/home/punished_venom/DroneControls/src/rplidar_ros/src/rplidar_node.cpp:[m[K In member function ‘[01m[Kint RPlidarNode::[01;32m[Kwork_loop[m[K()[m[K’:
[57.929s] [01m[K/home/punished_venom/DroneControls/src/rplidar_ros/src/rplidar_node.cpp:543:30:[m[K [01;35m[Kwarning: [m[K‘[01m[Kvoid rclcpp::[01;32m[Kspin_some[m[K(const Node::SharedPtr&)[m[K’ is deprecated: use SingleThreadedExecutor::spin_some instead [[01;35m[K-Wdeprecated-declarations[m[K]
[57.930s]   543 |             [01;35m[Krclcpp::spin_some(shared_from_this())[m[K;
[57.931s]       |             [01;35m[K~~~~~~~~~~~~~~~~~^~~~~~~~~~~~~~~~~~~~[m[K
[57.933s] In file included from [01m[K/opt/ros/lyrical/include/rclcpp/rclcpp/rclcpp.hpp:174[m[K,
[57.934s]                  from [01m[K/home/punished_venom/DroneControls/src/rplidar_ros/src/rplidar_node.cpp:35[m[K:
[57.934s] [01m[K/opt/ros/lyrical/include/rclcpp/rclcpp/executors.hpp:110:1:[m[K [01;36m[Knote: [m[Kdeclared here
[57.935s]   110 | [01;36m[Kspin_some[m[K(const rclcpp::Node::SharedPtr & node_ptr);
[57.940s]       | [01;36m[K^~~~~~~~~[m[K
[57.975s] In file included from [01m[K/home/punished_venom/DroneControls/src/rplidar_ros/sdk/include/rplidar_protocol.h:36[m[K,
[57.976s]                  from [01m[K/home/punished_venom/DroneControls/src/rplidar_ros/sdk/include/rplidar.h:39[m[K,
[57.977s]                  from [01m[K/home/punished_venom/DroneControls/src/rplidar_ros/sdk/src/sdkcommon.h:49[m[K,
[57.981s]                  from [01m[K/home/punished_venom/DroneControls/src/rplidar_ros/sdk/src/dataunpacker/unpacker/../dataunnpacker_commondef.h:41[m[K,
[57.982s]                  from [01m[K/home/punished_venom/DroneControls/src/rplidar_ros/sdk/src/dataunpacker/unpacker/handler_normalnode.cpp:39[m[K:
[57.983s] [01m[K/home/punished_venom/DroneControls/src/rplidar_ros/sdk/include/sl_lidar_protocol.h:66:16:[m[K [01;35m[Kwarning: [m[KISO C++ forbids zero-size array ‘[01m[Kdata[m[K’ [[01;35m[K-Wpedantic[m[K]
[57.983s]    66 |     sl_u8 data[[01;35m[K0[m[K];
[57.984s]       |                [01;35m[K^[m[K
[57.984s] In file included from [01m[K/home/punished_venom/DroneControls/src/rplidar_ros/sdk/include/rplidar_cmd.h:36[m[K,
[57.985s]                  from [01m[K/home/punished_venom/DroneControls/src/rplidar_ros/sdk/include/rplidar.h:40[m[K:
[57.985s] [01m[K/home/punished_venom/DroneControls/src/rplidar_ros/sdk/include/sl_lidar_cmd.h:324:20:[m[K [01;35m[Kwarning: [m[KISO C++ forbids zero-size array ‘[01m[Kpayload[m[K’ [[01;35m[K-Wpedantic[m[K]
[57.986s]   324 |     sl_u8  payload[[01;35m[K0[m[K];
[57.987s]       |                    [01;35m[K^[m[K
[58.156s] In file included from [01m[K/home/punished_venom/DroneControls/src/rplidar_ros/sdk/include/rplidar_protocol.h:36[m[K,
[58.157s]                  from [01m[K/home/punished_venom/DroneControls/src/rplidar_ros/sdk/include/rplidar.h:39[m[K,
[58.157s]                  from [01m[K/home/punished_venom/DroneControls/src/rplidar_ros/sdk/src/sdkcommon.h:49[m[K,
[58.161s]                  from [01m[K/home/punished_venom/DroneControls/src/rplidar_ros/sdk/src/hal/thread.cpp:35[m[K:
[58.162s] [01m[K/home/punished_venom/DroneControls/src/rplidar_ros/sdk/include/sl_lidar_protocol.h:66:16:[m[K [01;35m[Kwarning: [m[KISO C++ forbids zero-size array ‘[01m[Kdata[m[K’ [[01;35m[K-Wpedantic[m[K]
[58.162s]    66 |     sl_u8 data[[01;35m[K0[m[K];
[58.163s]       |                [01;35m[K^[m[K
[58.163s] In file included from [01m[K/home/punished_venom/DroneControls/src/rplidar_ros/sdk/include/rplidar_cmd.h:36[m[K,
[58.167s]                  from [01m[K/home/punished_venom/DroneControls/src/rplidar_ros/sdk/include/rplidar.h:40[m[K:
[58.168s] [01m[K/home/punished_venom/DroneControls/src/rplidar_ros/sdk/include/sl_lidar_cmd.h:324:20:[m[K [01;35m[Kwarning: [m[KISO C++ forbids zero-size array ‘[01m[Kpayload[m[K’ [[01;35m[K-Wpedantic[m[K]
[58.169s]   324 |     sl_u8  payload[[01;35m[K0[m[K];
[58.169s]       |                    [01;35m[K^[m[K
[58.288s] In file included from [01m[K/home/punished_venom/DroneControls/src/rplidar_ros/sdk/src/hal/thread.cpp:43[m[K:
[58.289s] [01m[K/home/punished_venom/DroneControls/src/rplidar_ros/sdk/src/arch/linux/thread.hpp:[m[K In static member function ‘[01m[Kstatic rp::hal::Thread rp::hal::Thread::[01;32m[Kcreate[m[K(thread_proc_t, void*)[m[K’:
[58.292s] [01m[K/home/punished_venom/DroneControls/src/rplidar_ros/sdk/src/arch/linux/thread.hpp:52:57:[m[K [01;35m[Kwarning: [m[Kcast between incompatible function types from ‘[01m[K[01;32m[Kthread_proc_t[m[K’ {aka ‘[01m[K[01;32m[Klong unsigned int (*)(void*)[m[K’} to ‘[01m[K[01;34m[Kvoid* (*)(void*)[m[K[m[K’ [[01;35m[K-Wcast-function-type[m[K]
[58.293s]    52 |     pthread_create((pthread_t *)&newborn._handle, NULL, [01;35m[K(void * (*)(void *))proc[m[K, data);
[58.294s]       |                                                         [01;35m[K^~~~~~~~~~~~~~~~~~~~~~~~[m[K
[58.294s] [01m[K/home/punished_venom/DroneControls/src/rplidar_ros/sdk/src/arch/linux/thread.hpp:[m[K In member function ‘[01m[Ku_result rp::hal::Thread::[01;32m[Kjoin[m[K(long unsigned int)[m[K’:
[58.298s] [01m[K/home/punished_venom/DroneControls/src/rplidar_ros/sdk/src/arch/linux/thread.hpp:176:37:[m[K [01;35m[Kwarning: [m[Kunused parameter ‘[01m[Ktimeout[m[K’ [[01;35m[K-Wunused-parameter[m[K]
[58.299s]   176 | u_result Thread::join([01;35m[Kunsigned long timeout[m[K)
[58.300s]       |                       [01;35m[K~~~~~~~~~~~~~~^~~~~~~[m[K
[58.648s] In file included from [01m[K/home/punished_venom/DroneControls/src/rplidar_ros/sdk/src/dataunpacker/unpacker/handler_normalnode.cpp:40[m[K:
[58.649s] [01m[K/home/punished_venom/DroneControls/src/rplidar_ros/sdk/src/dataunpacker/unpacker/../dataunpacker.h:[m[K In member function ‘[01m[Kvirtual void sl::internal::LIDARSampleDataListener::[01;32m[KonCustomSampleDataDecoded[m[K(_u8, _u32, const void*, size_t)[m[K’:
[58.649s] [01m[K/home/punished_venom/DroneControls/src/rplidar_ros/sdk/src/dataunpacker/unpacker/../dataunpacker.h:54:52:[m[K [01;35m[Kwarning: [m[Kunused parameter ‘[01m[KansType[m[K’ [[01;35m[K-Wunused-parameter[m[K]
[58.654s]    54 |         virtual void onCustomSampleDataDecoded([01;35m[K_u8 ansType[m[K, _u32 customCode, const void* data, size_t size) {}
[58.655s]       |                                                [01;35m[K~~~~^~~~~~~[m[K
[58.656s] [01m[K/home/punished_venom/DroneControls/src/rplidar_ros/sdk/src/dataunpacker/unpacker/../dataunpacker.h:54:66:[m[K [01;35m[Kwarning: [m[Kunused parameter ‘[01m[KcustomCode[m[K’ [[01;35m[K-Wunused-parameter[m[K]
[58.660s]    54 |         virtual void onCustomSampleDataDecoded(_u8 ansType, [01;35m[K_u32 customCode[m[K, const void* data, size_t size) {}
[58.660s]       |                                                             [01;35m[K~~~~~^~~~~~~~~~[m[K
[58.661s] [01m[K/home/punished_venom/DroneControls/src/rplidar_ros/sdk/src/dataunpacker/unpacker/../dataunpacker.h:54:90:[m[K [01;35m[Kwarning: [m[Kunused parameter ‘[01m[Kdata[m[K’ [[01;35m[K-Wunused-parameter[m[K]
[58.662s]    54 |         virtual void onCustomSampleDataDecoded(_u8 ansType, _u32 customCode, [01;35m[Kconst void* data[m[K, size_t size) {}
[58.665s]       |                                                                              [01;35m[K~~~~~~~~~~~~^~~~[m[K
[58.666s] [01m[K/home/punished_venom/DroneControls/src/rplidar_ros/sdk/src/dataunpacker/unpacker/../dataunpacker.h:54:103:[m[K [01;35m[Kwarning: [m[Kunused parameter ‘[01m[Ksize[m[K’ [[01;35m[K-Wunused-parameter[m[K]
[58.667s]    54 |         virtual void onCustomSampleDataDecoded(_u8 ansType, _u32 customCode, const void* data, [01;35m[Ksize_t size[m[K) {}
[58.667s]       |                                                                                                [01;35m[K~~~~~~~^~~~[m[K
[58.671s] [01m[K/home/punished_venom/DroneControls/src/rplidar_ros/sdk/src/dataunpacker/unpacker/../dataunpacker.h:[m[K In member function ‘[01m[Kvirtual void sl::internal::LIDARSampleDataListener::[01;32m[KonDecodingError[m[K(int, _u8, const void*, size_t)[m[K’:
[58.672s] [01m[K/home/punished_venom/DroneControls/src/rplidar_ros/sdk/src/dataunpacker/unpacker/../dataunpacker.h:56:42:[m[K [01;35m[Kwarning: [m[Kunused parameter ‘[01m[KerrMsg[m[K’ [[01;35m[K-Wunused-parameter[m[K]
[58.673s]    56 |         virtual void onDecodingError([01;35m[Kint errMsg[m[K, _u8 ansType, const void* payload, size_t size) {}
[58.673s]       |                                      [01;35m[K~~~~^~~~~~[m[K
[58.674s] [01m[K/home/punished_venom/DroneControls/src/rplidar_ros/sdk/src/dataunpacker/unpacker/../dataunpacker.h:56:54:[m[K [01;35m[Kwarning: [m[Kunused parameter ‘[01m[KansType[m[K’ [[01;35m[K-Wunused-parameter[m[K]
[58.677s]    56 |         virtual void onDecodingError(int errMsg, [01;35m[K_u8 ansType[m[K, const void* payload, size_t size) {}
[58.677s]       |                                                  [01;35m[K~~~~^~~~~~~[m[K
[58.679s] [01m[K/home/punished_venom/DroneControls/src/rplidar_ros/sdk/src/dataunpacker/unpacker/../dataunpacker.h:56:75:[m[K [01;35m[Kwarning: [m[Kunused parameter ‘[01m[Kpayload[m[K’ [[01;35m[K-Wunused-parameter[m[K]
[58.682s]    56 |         virtual void onDecodingError(int errMsg, _u8 ansType, [01;35m[Kconst void* payload[m[K, size_t size) {}
[58.683s]       |                                                               [01;35m[K~~~~~~~~~~~~^~~~~~~[m[K
[58.684s] [01m[K/home/punished_venom/DroneControls/src/rplidar_ros/sdk/src/dataunpacker/unpacker/../dataunpacker.h:56:91:[m[K [01;35m[Kwarning: [m[Kunused parameter ‘[01m[Ksize[m[K’ [[01;35m[K-Wunused-parameter[m[K]
[58.685s]    56 |         virtual void onDecodingError(int errMsg, _u8 ansType, const void* payload, [01;35m[Ksize_t size[m[K) {}
[58.688s]       |                                                                                    [01;35m[K~~~~~~~^~~~[m[K
[58.834s] [ 76%] [32mBuilding CXX object CMakeFiles/rplidar_composition.dir/sdk/src/rplidar_driver.cpp.o[0m
[60.503s] [ 78%] [32mBuilding CXX object CMakeFiles/rplidar_composition.dir/sdk/src/sl_async_transceiver.cpp.o[0m
[60.999s] In file included from [01m[K/home/punished_venom/DroneControls/src/rplidar_ros/sdk/include/rplidar_protocol.h:36[m[K,
[61.000s]                  from [01m[K/home/punished_venom/DroneControls/src/rplidar_ros/sdk/include/rplidar.h:39[m[K,
[61.000s]                  from [01m[K/home/punished_venom/DroneControls/src/rplidar_ros/sdk/src/sdkcommon.h:49[m[K,
[61.001s]                  from [01m[K/home/punished_venom/DroneControls/src/rplidar_ros/sdk/src/rplidar_driver.cpp:33[m[K:
[61.004s] [01m[K/home/punished_venom/DroneControls/src/rplidar_ros/sdk/include/sl_lidar_protocol.h:66:16:[m[K [01;35m[Kwarning: [m[KISO C++ forbids zero-size array ‘[01m[Kdata[m[K’ [[01;35m[K-Wpedantic[m[K]
[61.005s]    66 |     sl_u8 data[[01;35m[K0[m[K];
[61.005s]       |                [01;35m[K^[m[K
[61.006s] In file included from [01m[K/home/punished_venom/DroneControls/src/rplidar_ros/sdk/include/rplidar_cmd.h:36[m[K,
[61.007s]                  from [01m[K/home/punished_venom/DroneControls/src/rplidar_ros/sdk/include/rplidar.h:40[m[K:
[61.011s] [01m[K/home/punished_venom/DroneControls/src/rplidar_ros/sdk/include/sl_lidar_cmd.h:324:20:[m[K [01;35m[Kwarning: [m[KISO C++ forbids zero-size array ‘[01m[Kpayload[m[K’ [[01;35m[K-Wpedantic[m[K]
[61.013s]   324 |     sl_u8  payload[[01;35m[K0[m[K];
[61.014s]       |                    [01;35m[K^[m[K
[61.383s] [01m[K/home/punished_venom/DroneControls/src/rplidar_ros/sdk/src/rplidar_driver.cpp:[m[K In member function ‘[01m[Ku_result rp::standalone::rplidar::RPlidarDriver::[01;32m[Kconnect[m[K(const char*, _u32, _u32)[m[K’:
[61.383s] [01m[K/home/punished_venom/DroneControls/src/rplidar_ros/sdk/src/rplidar_driver.cpp:67:77:[m[K [01;35m[Kwarning: [m[Kunused parameter ‘[01m[Kflag[m[K’ [[01;35m[K-Wunused-parameter[m[K]
[61.386s]    67 |     u_result RPlidarDriver::connect(const char *path, _u32 portOrBaud, [01;35m[K_u32 flag[m[K)
[61.390s]       |                                                                        [01;35m[K~~~~~^~~~[m[K
[61.392s] [01m[K/home/punished_venom/DroneControls/src/rplidar_ros/sdk/src/rplidar_driver.cpp:[m[K In member function ‘[01m[Ku_result rp::standalone::rplidar::RPlidarDriver::[01;32m[Kreset[m[K(_u32)[m[K’:
[61.393s] [01m[K/home/punished_venom/DroneControls/src/rplidar_ros/sdk/src/rplidar_driver.cpp:101:40:[m[K [01;35m[Kwarning: [m[Kunused parameter ‘[01m[Ktimeout[m[K’ [[01;35m[K-Wunused-parameter[m[K]
[61.393s]   101 |     u_result RPlidarDriver::reset([01;35m[K_u32 timeout[m[K)
[61.396s]       |                                   [01;35m[K~~~~~^~~~~~~[m[K
[61.397s] [01m[K/home/punished_venom/DroneControls/src/rplidar_ros/sdk/src/rplidar_driver.cpp:[m[K In member function ‘[01m[Ku_result rp::standalone::rplidar::RPlidarDriver::[01;32m[KgetScanDataWithInterval[m[K(rplidar_response_measurement_node_t*, size_t&)[m[K’:
[61.397s] [01m[K/home/punished_venom/DroneControls/src/rplidar_ros/sdk/src/rplidar_driver.cpp:180:91:[m[K [01;35m[Kwarning: [m[Kunused parameter ‘[01m[Knodebuffer[m[K’ [[01;35m[K-Wunused-parameter[m[K]
[61.398s]   180 |     u_result RPlidarDriver::getScanDataWithInterval([01;35m[Krplidar_response_measurement_node_t * nodebuffer[m[K, size_t & count)
[61.399s]       |                                                     [01;35m[K~~~~~~~~~~~~~~~~~~~~~~~~~~~~~~~~~~~~~~^~~~~~~~~~[m[K
[61.403s] [01m[K/home/punished_venom/DroneControls/src/rplidar_ros/sdk/src/rplidar_driver.cpp:180:112:[m[K [01;35m[Kwarning: [m[Kunused parameter ‘[01m[Kcount[m[K’ [[01;35m[K-Wunused-parameter[m[K]
[61.403s]   180 |     u_result RPlidarDriver::getScanDataWithInterval(rplidar_response_measurement_node_t * nodebuffer, [01;35m[Ksize_t & count[m[K)
[61.404s]       |                                                                                                       [01;35m[K~~~~~~~~~^~~~~[m[K
[62.167s] [ 81%] [32mBuilding CXX object CMakeFiles/rplidar_composition.dir/sdk/src/sl_crc.cpp.o[0m
[62.252s] In file included from [01m[K/home/punished_venom/DroneControls/src/rplidar_ros/sdk/include/sl_lidar_cmd.h:41[m[K,
[62.253s]                  from [01m[K/home/punished_venom/DroneControls/src/rplidar_ros/sdk/include/sl_crc.h:36[m[K,
[62.253s]                  from [01m[K/home/punished_venom/DroneControls/src/rplidar_ros/sdk/src/sl_crc.cpp:33[m[K:
[62.258s] [01m[K/home/punished_venom/DroneControls/src/rplidar_ros/sdk/include/sl_lidar_protocol.h:66:16:[m[K [01;35m[Kwarning: [m[KISO C++ forbids zero-size array ‘[01m[Kdata[m[K’ [[01;35m[K-Wpedantic[m[K]
[62.260s]    66 |     sl_u8 data[[01;35m[K0[m[K];
[62.260s]       |                [01;35m[K^[m[K
[62.261s] [01m[K/home/punished_venom/DroneControls/src/rplidar_ros/sdk/include/sl_lidar_cmd.h:324:20:[m[K [01;35m[Kwarning: [m[KISO C++ forbids zero-size array ‘[01m[Kpayload[m[K’ [[01;35m[K-Wpedantic[m[K]
[62.263s]   324 |     sl_u8  payload[[01;35m[K0[m[K];
[62.264s]       |                    [01;35m[K^[m[K
[62.367s] [ 84%] [32mBuilding CXX object CMakeFiles/rplidar_composition.dir/sdk/src/sl_lidar_driver.cpp.o[0m
[63.244s] In file included from [01m[K/home/punished_venom/DroneControls/src/rplidar_ros/sdk/include/rplidar_protocol.h:36[m[K,
[63.245s]                  from [01m[K/home/punished_venom/DroneControls/src/rplidar_ros/sdk/include/rplidar.h:39[m[K,
[63.250s]                  from [01m[K/home/punished_venom/DroneControls/src/rplidar_ros/sdk/src/sdkcommon.h:49[m[K,
[63.250s]                  from [01m[K/home/punished_venom/DroneControls/src/rplidar_ros/sdk/src/sl_async_transceiver.cpp:35[m[K:
[63.251s] [01m[K/home/punished_venom/DroneControls/src/rplidar_ros/sdk/include/sl_lidar_protocol.h:66:16:[m[K [01;35m[Kwarning: [m[KISO C++ forbids zero-size array ‘[01m[Kdata[m[K’ [[01;35m[K-Wpedantic[m[K]
[63.257s]    66 |     sl_u8 data[[01;35m[K0[m[K];
[63.258s]       |                [01;35m[K^[m[K
[63.258s] In file included from [01m[K/home/punished_venom/DroneControls/src/rplidar_ros/sdk/include/rplidar_cmd.h:36[m[K,
[63.263s]                  from [01m[K/home/punished_venom/DroneControls/src/rplidar_ros/sdk/include/rplidar.h:40[m[K:
[63.263s] [01m[K/home/punished_venom/DroneControls/src/rplidar_ros/sdk/include/sl_lidar_cmd.h:324:20:[m[K [01;35m[Kwarning: [m[KISO C++ forbids zero-size array ‘[01m[Kpayload[m[K’ [[01;35m[K-Wpedantic[m[K]
[63.264s]   324 |     sl_u8  payload[[01;35m[K0[m[K];
[63.268s]       |                    [01;35m[K^[m[K
[63.764s] In file included from [01m[K/home/punished_venom/DroneControls/src/rplidar_ros/sdk/src/sl_async_transceiver.cpp:44[m[K:
[63.764s] [01m[K/home/punished_venom/DroneControls/src/rplidar_ros/sdk/src/sl_async_transceiver.h:[m[K In member function ‘[01m[Kvirtual void sl::internal::IAsyncProtocolCodec::[01;32m[KonChannelError[m[K(u_result)[m[K’:
[63.765s] [01m[K/home/punished_venom/DroneControls/src/rplidar_ros/sdk/src/sl_async_transceiver.h:90:48:[m[K [01;35m[Kwarning: [m[Kunused parameter ‘[01m[KerrCode[m[K’ [[01;35m[K-Wunused-parameter[m[K]
[63.766s]    90 |         virtual void   onChannelError([01;35m[Ku_result errCode[m[K) {}
[63.766s]       |                                       [01;35m[K~~~~~~~~~^~~~~~~[m[K
[64.774s] [ 86%] [32mBuilding CXX object CMakeFiles/rplidar_composition.dir/sdk/src/sl_lidarprotocol_codec.cpp.o[0m
[64.994s] In file included from [01m[K/home/punished_venom/DroneControls/src/rplidar_ros/sdk/include/rplidar_protocol.h:36[m[K,
[64.995s]                  from [01m[K/home/punished_venom/DroneControls/src/rplidar_ros/sdk/include/rplidar.h:39[m[K,
[64.995s]                  from [01m[K/home/punished_venom/DroneControls/src/rplidar_ros/sdk/src/sdkcommon.h:49[m[K,
[64.998s]                  from [01m[K/home/punished_venom/DroneControls/src/rplidar_ros/sdk/src/sl_lidar_driver.cpp:33[m[K:
[64.999s] [01m[K/home/punished_venom/DroneControls/src/rplidar_ros/sdk/include/sl_lidar_protocol.h:66:16:[m[K [01;35m[Kwarning: [m[KISO C++ forbids zero-size array ‘[01m[Kdata[m[K’ [[01;35m[K-Wpedantic[m[K]
[64.999s]    66 |     sl_u8 data[[01;35m[K0[m[K];
[65.000s]       |                [01;35m[K^[m[K
[65.003s] In file included from [01m[K/home/punished_venom/DroneControls/src/rplidar_ros/sdk/include/rplidar_cmd.h:36[m[K,
[65.005s]                  from [01m[K/home/punished_venom/DroneControls/src/rplidar_ros/sdk/include/rplidar.h:40[m[K:
[65.006s] [01m[K/home/punished_venom/DroneControls/src/rplidar_ros/sdk/include/sl_lidar_cmd.h:324:20:[m[K [01;35m[Kwarning: [m[KISO C++ forbids zero-size array ‘[01m[Kpayload[m[K’ [[01;35m[K-Wpedantic[m[K]
[65.007s]   324 |     sl_u8  payload[[01;35m[K0[m[K];
[65.011s]       |                    [01;35m[K^[m[K
[65.842s] In file included from [01m[K/home/punished_venom/DroneControls/src/rplidar_ros/sdk/src/sl_lidar_driver.cpp:50[m[K:
[65.842s] [01m[K/home/punished_venom/DroneControls/src/rplidar_ros/sdk/src/dataunpacker/dataunpacker.h:[m[K In member function ‘[01m[Kvirtual void sl::internal::LIDARSampleDataListener::[01;32m[KonCustomSampleDataDecoded[m[K(_u8, _u32, const void*, size_t)[m[K’:
[65.843s] [01m[K/home/punished_venom/DroneControls/src/rplidar_ros/sdk/src/dataunpacker/dataunpacker.h:54:52:[m[K [01;35m[Kwarning: [m[Kunused parameter ‘[01m[KansType[m[K’ [[01;35m[K-Wunused-parameter[m[K]
[65.844s]    54 |         virtual void onCustomSampleDataDecoded([01;35m[K_u8 ansType[m[K, _u32 customCode, const void* data, size_t size) {}
[65.848s]       |                                                [01;35m[K~~~~^~~~~~~[m[K
[65.849s] [01m[K/home/punished_venom/DroneControls/src/rplidar_ros/sdk/src/dataunpacker/dataunpacker.h:54:66:[m[K [01;35m[Kwarning: [m[Kunused parameter ‘[01m[KcustomCode[m[K’ [[01;35m[K-Wunused-parameter[m[K]
[65.852s]    54 |         virtual void onCustomSampleDataDecoded(_u8 ansType, [01;35m[K_u32 customCode[m[K, const void* data, size_t size) {}
[65.853s]       |                                                             [01;35m[K~~~~~^~~~~~~~~~[m[K
[65.854s] [01m[K/home/punished_venom/DroneControls/src/rplidar_ros/sdk/src/dataunpacker/dataunpacker.h:54:90:[m[K [01;35m[Kwarning: [m[Kunused parameter ‘[01m[Kdata[m[K’ [[01;35m[K-Wunused-parameter[m[K]
[65.855s]    54 |         virtual void onCustomSampleDataDecoded(_u8 ansType, _u32 customCode, [01;35m[Kconst void* data[m[K, size_t size) {}
[65.855s]       |                                                                              [01;35m[K~~~~~~~~~~~~^~~~[m[K
[65.859s] [01m[K/home/punished_venom/DroneControls/src/rplidar_ros/sdk/src/dataunpacker/dataunpacker.h:54:103:[m[K [01;35m[Kwarning: [m[Kunused parameter ‘[01m[Ksize[m[K’ [[01;35m[K-Wunused-parameter[m[K]
[65.860s]    54 |         virtual void onCustomSampleDataDecoded(_u8 ansType, _u32 customCode, const void* data, [01;35m[Ksize_t size[m[K) {}
[65.863s]       |                                                                                                [01;35m[K~~~~~~~^~~~[m[K
[65.863s] [01m[K/home/punished_venom/DroneControls/src/rplidar_ros/sdk/src/dataunpacker/dataunpacker.h:[m[K In member function ‘[01m[Kvirtual void sl::internal::LIDARSampleDataListener::[01;32m[KonDecodingError[m[K(int, _u8, const void*, size_t)[m[K’:
[65.865s] [01m[K/home/punished_venom/DroneControls/src/rplidar_ros/sdk/src/dataunpacker/dataunpacker.h:56:42:[m[K [01;35m[Kwarning: [m[Kunused parameter ‘[01m[KerrMsg[m[K’ [[01;35m[K-Wunused-parameter[m[K]
[65.866s]    56 |         virtual void onDecodingError([01;35m[Kint errMsg[m[K, _u8 ansType, const void* payload, size_t size) {}
[65.867s]       |                                      [01;35m[K~~~~^~~~~~[m[K
[65.870s] [01m[K/home/punished_venom/DroneControls/src/rplidar_ros/sdk/src/dataunpacker/dataunpacker.h:56:54:[m[K [01;35m[Kwarning: [m[Kunused parameter ‘[01m[KansType[m[K’ [[01;35m[K-Wunused-parameter[m[K]
[65.872s]    56 |         virtual void onDecodingError(int errMsg, [01;35m[K_u8 ansType[m[K, const void* payload, size_t size) {}
[65.872s]       |                                                  [01;35m[K~~~~^~~~~~~[m[K
[65.873s] [01m[K/home/punished_venom/DroneControls/src/rplidar_ros/sdk/src/dataunpacker/dataunpacker.h:56:75:[m[K [01;35m[Kwarning: [m[Kunused parameter ‘[01m[Kpayload[m[K’ [[01;35m[K-Wunused-parameter[m[K]
[65.873s]    56 |         virtual void onDecodingError(int errMsg, _u8 ansType, [01;35m[Kconst void* payload[m[K, size_t size) {}
[65.874s]       |                                                               [01;35m[K~~~~~~~~~~~~^~~~~~~[m[K
[65.878s] [01m[K/home/punished_venom/DroneControls/src/rplidar_ros/sdk/src/dataunpacker/dataunpacker.h:56:91:[m[K [01;35m[Kwarning: [m[Kunused parameter ‘[01m[Ksize[m[K’ [[01;35m[K-Wunused-parameter[m[K]
[65.878s]    56 |         virtual void onDecodingError(int errMsg, _u8 ansType, const void* payload, [01;35m[Ksize_t size[m[K) {}
[65.879s]       |                                                                                    [01;35m[K~~~~~~~^~~~[m[K
[65.903s] In file included from [01m[K/home/punished_venom/DroneControls/src/rplidar_ros/sdk/src/sl_lidar_driver.cpp:51[m[K:
[65.903s] [01m[K/home/punished_venom/DroneControls/src/rplidar_ros/sdk/src/sl_async_transceiver.h:[m[K In member function ‘[01m[Kvirtual void sl::internal::IAsyncProtocolCodec::[01;32m[KonChannelError[m[K(u_result)[m[K’:
[65.904s] [01m[K/home/punished_venom/DroneControls/src/rplidar_ros/sdk/src/sl_async_transceiver.h:90:48:[m[K [01;35m[Kwarning: [m[Kunused parameter ‘[01m[KerrCode[m[K’ [[01;35m[K-Wunused-parameter[m[K]
[65.905s]    90 |         virtual void   onChannelError([01;35m[Ku_result errCode[m[K) {}
[65.907s]       |                                       [01;35m[K~~~~~~~~~^~~~~~~[m[K
[66.012s] [01m[K/home/punished_venom/DroneControls/src/rplidar_ros/sdk/src/sl_lidar_driver.cpp:[m[K In member function ‘[01m[Kvirtual sl_result sl::SlamtecLidarDriver::[01;32m[Kreset[m[K(sl_u32)[m[K’:
[66.014s] [01m[K/home/punished_venom/DroneControls/src/rplidar_ros/sdk/src/sl_lidar_driver.cpp:511:32:[m[K [01;35m[Kwarning: [m[Kunused parameter ‘[01m[KtimeoutInMs[m[K’ [[01;35m[K-Wunused-parameter[m[K]
[66.017s]   511 |         sl_result reset([01;35m[Ksl_u32 timeoutInMs = DEFAULT_TIMEOUT[m[K)
[66.018s]       |                         [01;35m[K~~~~~~~^~~~~~~~~~~~~~~~~~~~~~~~~~~~~[m[K
[66.030s] [01m[K/home/punished_venom/DroneControls/src/rplidar_ros/sdk/src/sl_lidar_driver.cpp:[m[K In member function ‘[01m[Kvirtual sl_result sl::SlamtecLidarDriver::[01;32m[KstartScan[m[K(bool, bool, sl_u32, sl::LidarScanMode*)[m[K’:
[66.030s] [01m[K/home/punished_venom/DroneControls/src/rplidar_ros/sdk/src/sl_lidar_driver.cpp:586:69:[m[K [01;35m[Kwarning: [m[Kunused parameter ‘[01m[Koptions[m[K’ [[01;35m[K-Wunused-parameter[m[K]
[66.033s]   586 |         sl_result startScan(bool force, bool useTypicalScan, [01;35m[Ksl_u32 options = 0[m[K, LidarScanMode* outUsedScanMode = nullptr)
[66.034s]       |                                                              [01;35m[K~~~~~~~^~~~~~~~~~~[m[K
[66.042s] [01m[K/home/punished_venom/DroneControls/src/rplidar_ros/sdk/src/sl_lidar_driver.cpp:[m[K In member function ‘[01m[Kvirtual sl_result sl::SlamtecLidarDriver::[01;32m[Kstop[m[K(sl_u32)[m[K’:
[66.042s] [01m[K/home/punished_venom/DroneControls/src/rplidar_ros/sdk/src/sl_lidar_driver.cpp:763:31:[m[K [01;35m[Kwarning: [m[Kunused parameter ‘[01m[Ktimeout[m[K’ [[01;35m[K-Wunused-parameter[m[K]
[66.043s]   763 |         sl_result stop([01;35m[Ksl_u32 timeout = DEFAULT_TIMEOUT[m[K)
[66.044s]       |                        [01;35m[K~~~~~~~^~~~~~~~~~~~~~~~~~~~~~~~~[m[K
[66.053s] [01m[K/home/punished_venom/DroneControls/src/rplidar_ros/sdk/src/sl_lidar_driver.cpp:[m[K In member function ‘[01m[Kvirtual sl_result sl::SlamtecLidarDriver::[01;32m[KgetFrequency[m[K(const sl::LidarScanMode&, const sl_lidar_response_measurement_node_hq_t*, size_t, float&)[m[K’:
[66.054s] [01m[K/home/punished_venom/DroneControls/src/rplidar_ros/sdk/src/sl_lidar_driver.cpp:880:110:[m[K [01;35m[Kwarning: [m[Kunused parameter ‘[01m[Knodes[m[K’ [[01;35m[K-Wunused-parameter[m[K]
[66.054s]   880 |         sl_result getFrequency(const LidarScanMode& scanMode, [01;35m[Kconst sl_lidar_response_measurement_node_hq_t* nodes[m[K, size_t count, float& frequency)
[66.055s]       |                                                               [01;35m[K~~~~~~~~~~~~~~~~~~~~~~~~~~~~~~~~~~~~~~~~~~~~~~~^~~~~[m[K
[66.069s] [01m[K/home/punished_venom/DroneControls/src/rplidar_ros/sdk/src/sl_lidar_driver.cpp:[m[K In member function ‘[01m[Kvirtual sl_result sl::SlamtecLidarDriver::[01;32m[KgetMotorInfo[m[K(sl::LidarMotorInfo&, sl_u32)[m[K’:
[66.069s] [01m[K/home/punished_venom/DroneControls/src/rplidar_ros/sdk/src/sl_lidar_driver.cpp:1023:66:[m[K [01;35m[Kwarning: [m[Kunused parameter ‘[01m[KtimeoutInMs[m[K’ [[01;35m[K-Wunused-parameter[m[K]
[66.071s]  1023 |         sl_result getMotorInfo(LidarMotorInfo &motorInfo, [01;35m[Ksl_u32 timeoutInMs[m[K)
[66.072s]       |                                                           [01;35m[K~~~~~~~^~~~~~~~~~~[m[K
[66.075s] [01m[K/home/punished_venom/DroneControls/src/rplidar_ros/sdk/src/sl_lidar_driver.cpp:[m[K In member function ‘[01m[Ku_result sl::SlamtecLidarDriver::[01;32m[KgetScanModeCount[m[K(sl_u16&, sl_u32)[m[K’:
[66.079s] [01m[K/home/punished_venom/DroneControls/src/rplidar_ros/sdk/src/sl_lidar_driver.cpp:1199:61:[m[K [01;35m[Kwarning: [m[Kunused parameter ‘[01m[KtimeoutInMs[m[K’ [[01;35m[K-Wunused-parameter[m[K]
[66.080s]  1199 |         u_result getScanModeCount(sl_u16& modeCount, [01;35m[Ksl_u32 timeoutInMs = DEFAULT_TIMEOUT[m[K)
[66.081s]       |                                                      [01;35m[K~~~~~~~^~~~~~~~~~~~~~~~~~~~~~~~~~~~~[m[K
[66.330s] /home/punished_venom/DroneControls/src/rplidar_ros/sdk/src/sl_lidar_driver.cpp: In instantiation of ‘[01m[Kvoid sl::RawSampleNodeHolder<T>::[01;32m[KpushNode[m[K(_u64, const T*) [35m[K[with T = sl_lidar_response_measurement_node_hq_t; _u64 = long unsigned int][m[K[m[K’:
[66.332s] [01m[K/home/punished_venom/DroneControls/src/rplidar_ros/sdk/src/sl_lidar_driver.cpp:1648:42:[m[K   required from here
[66.335s]  1648 |             [01;36m[K_rawSampleNodeHolder.pushNode(timestamp_uS, node)[m[K;
[66.336s]       |             [01;36m[K~~~~~~~~~~~~~~~~~~~~~~~~~~~~~^~~~~~~~~~~~~~~~~~~~[m[K
[66.337s] [01m[K/home/punished_venom/DroneControls/src/rplidar_ros/sdk/src/sl_lidar_driver.cpp:202:28:[m[K [01;35m[Kwarning: [m[Kunused parameter ‘[01m[Ktimestamp_uS[m[K’ [[01;35m[K-Wunused-parameter[m[K]
[66.339s]   202 |         void pushNode([01;35m[K_u64 timestamp_uS[m[K, const T* node)
[66.342s]       |                       [01;35m[K~~~~~^~~~~~~~~~~~[m[K
[67.119s] [01m[K/home/punished_venom/DroneControls/src/rplidar_ros/sdk/src/sl_lidar_driver.cpp:[m[K At global scope:
[67.120s] [01m[K/home/punished_venom/DroneControls/src/rplidar_ros/sdk/src/sl_lidar_driver.cpp:83:17:[m[K [01;35m[Kwarning: [m[K‘[01m[Kvoid sl::[01;32m[Kconvert[m[K(const sl_lidar_response_measurement_node_hq_t&, sl_lidar_response_measurement_node_t&)[m[K’ defined but not used [[01;35m[K-Wunused-function[m[K]
[67.124s]    83 |     static void [01;35m[Kconvert[m[K(const sl_lidar_response_measurement_node_hq_t& from, sl_lidar_response_measurement_node_t& to)
[67.128s]       |                 [01;35m[K^~~~~~~[m[K
[67.131s] [01m[K/home/punished_venom/DroneControls/src/rplidar_ros/sdk/src/sl_lidar_driver.cpp:75:17:[m[K [01;35m[Kwarning: [m[K‘[01m[Kvoid sl::[01;32m[Kconvert[m[K(const sl_lidar_response_measurement_node_t&, sl_lidar_response_measurement_node_hq_t&)[m[K’ defined but not used [[01;35m[K-Wunused-function[m[K]
[67.135s]    75 |     static void [01;35m[Kconvert[m[K(const sl_lidar_response_measurement_node_t& from, sl_lidar_response_measurement_node_hq_t& to)
[67.136s]       |                 [01;35m[K^~~~~~~[m[K
[67.137s] [01m[K/home/punished_venom/DroneControls/src/rplidar_ros/sdk/src/sl_lidar_driver.cpp:70:17:[m[K [01;35m[Kwarning: [m[K‘[01m[Kvoid sl::[01;32m[KprintDeprecationWarn[m[K(const char*, const char*)[m[K’ defined but not used [[01;35m[K-Wunused-function[m[K]
[67.137s]    70 |     static void [01;35m[KprintDeprecationWarn[m[K(const char* fn, const char* replacement)
[67.141s]       |                 [01;35m[K^~~~~~~~~~~~~~~~~~~~[m[K
[67.171s] In file included from [01m[K/home/punished_venom/DroneControls/src/rplidar_ros/sdk/include/rplidar_protocol.h:36[m[K,
[67.171s]                  from [01m[K/home/punished_venom/DroneControls/src/rplidar_ros/sdk/include/rplidar.h:39[m[K,
[67.172s]                  from [01m[K/home/punished_venom/DroneControls/src/rplidar_ros/sdk/src/sdkcommon.h:49[m[K,
[67.176s]                  from [01m[K/home/punished_venom/DroneControls/src/rplidar_ros/sdk/src/sl_lidarprotocol_codec.cpp:35[m[K:
[67.178s] [01m[K/home/punished_venom/DroneControls/src/rplidar_ros/sdk/include/sl_lidar_protocol.h:66:16:[m[K [01;35m[Kwarning: [m[KISO C++ forbids zero-size array ‘[01m[Kdata[m[K’ [[01;35m[K-Wpedantic[m[K]
[67.180s]    66 |     sl_u8 data[[01;35m[K0[m[K];
[67.182s]       |                [01;35m[K^[m[K
[67.183s] In file included from [01m[K/home/punished_venom/DroneControls/src/rplidar_ros/sdk/include/rplidar_cmd.h:36[m[K,
[67.184s]                  from [01m[K/home/punished_venom/DroneControls/src/rplidar_ros/sdk/include/rplidar.h:40[m[K:
[67.184s] [01m[K/home/punished_venom/DroneControls/src/rplidar_ros/sdk/include/sl_lidar_cmd.h:324:20:[m[K [01;35m[Kwarning: [m[KISO C++ forbids zero-size array ‘[01m[Kpayload[m[K’ [[01;35m[K-Wpedantic[m[K]
[67.188s]   324 |     sl_u8  payload[[01;35m[K0[m[K];
[67.190s]       |                    [01;35m[K^[m[K
[68.023s] In file included from [01m[K/home/punished_venom/DroneControls/src/rplidar_ros/sdk/src/sl_lidarprotocol_codec.cpp:49[m[K:
[68.024s] [01m[K/home/punished_venom/DroneControls/src/rplidar_ros/sdk/src/sl_async_transceiver.h:[m[K In member function ‘[01m[Kvirtual void sl::internal::IAsyncProtocolCodec::[01;32m[KonChannelError[m[K(u_result)[m[K’:
[68.024s] [01m[K/home/punished_venom/DroneControls/src/rplidar_ros/sdk/src/sl_async_transceiver.h:90:48:[m[K [01;35m[Kwarning: [m[Kunused parameter ‘[01m[KerrCode[m[K’ [[01;35m[K-Wunused-parameter[m[K]
[68.025s]    90 |         virtual void   onChannelError([01;35m[Ku_result errCode[m[K) {}
[68.028s]       |                                       [01;35m[K~~~~~~~~~^~~~~~~[m[K
[68.803s] [ 89%] [32mBuilding CXX object CMakeFiles/rplidar_composition.dir/sdk/src/sl_serial_channel.cpp.o[0m
[70.377s] In file included from [01m[K/home/punished_venom/DroneControls/src/rplidar_ros/sdk/include/sl_lidar_cmd.h:41[m[K,
[70.377s]                  from [01m[K/home/punished_venom/DroneControls/src/rplidar_ros/sdk/include/sl_lidar_driver.h:54[m[K,
[70.377s]                  from [01m[K/home/punished_venom/DroneControls/src/rplidar_ros/sdk/src/sl_serial_channel.cpp:33[m[K:
[70.378s] [01m[K/home/punished_venom/DroneControls/src/rplidar_ros/sdk/include/sl_lidar_protocol.h:66:16:[m[K [01;35m[Kwarning: [m[KISO C++ forbids zero-size array ‘[01m[Kdata[m[K’ [[01;35m[K-Wpedantic[m[K]
[70.378s]    66 |     sl_u8 data[[01;35m[K0[m[K];
[70.378s]       |                [01;35m[K^[m[K
[70.381s] [01m[K/home/punished_venom/DroneControls/src/rplidar_ros/sdk/include/sl_lidar_cmd.h:324:20:[m[K [01;35m[Kwarning: [m[KISO C++ forbids zero-size array ‘[01m[Kpayload[m[K’ [[01;35m[K-Wpedantic[m[K]
[70.382s]   324 |     sl_u8  payload[[01;35m[K0[m[K];
[70.383s]       |                    [01;35m[K^[m[K
[70.904s] [ 92%] [32mBuilding CXX object CMakeFiles/rplidar_composition.dir/sdk/src/sl_tcp_channel.cpp.o[0m
[70.911s] [ 94%] [32mBuilding CXX object CMakeFiles/rplidar_composition.dir/sdk/src/sl_udp_channel.cpp.o[0m
[72.490s] In file included from [01m[K/home/punished_venom/DroneControls/src/rplidar_ros/sdk/include/sl_lidar_cmd.h:41[m[K,
[72.491s]                  from [01m[K/home/punished_venom/DroneControls/src/rplidar_ros/sdk/include/sl_lidar_driver.h:54[m[K,
[72.491s]                  from [01m[K/home/punished_venom/DroneControls/src/rplidar_ros/sdk/src/sl_udp_channel.cpp:33[m[K:
[72.496s] [01m[K/home/punished_venom/DroneControls/src/rplidar_ros/sdk/include/sl_lidar_protocol.h:66:16:[m[K [01;35m[Kwarning: [m[KISO C++ forbids zero-size array ‘[01m[Kdata[m[K’ [[01;35m[K-Wpedantic[m[K]
[72.497s]    66 |     sl_u8 data[[01;35m[K0[m[K];
[72.498s]       |                [01;35m[K^[m[K
[72.499s] In file included from [01m[K/home/punished_venom/DroneControls/src/rplidar_ros/sdk/include/sl_lidar_cmd.h:41[m[K,
[72.502s]                  from [01m[K/home/punished_venom/DroneControls/src/rplidar_ros/sdk/include/sl_lidar_driver.h:54[m[K,
[72.503s]                  from [01m[K/home/punished_venom/DroneControls/src/rplidar_ros/sdk/src/sl_tcp_channel.cpp:33[m[K:
[72.504s] [01m[K/home/punished_venom/DroneControls/src/rplidar_ros/sdk/include/sl_lidar_protocol.h:66:16:[m[K [01;35m[Kwarning: [m[KISO C++ forbids zero-size array ‘[01m[Kdata[m[K’ [[01;35m[K-Wpedantic[m[K]
[72.505s]    66 |     sl_u8 data[[01;35m[K0[m[K];
[72.508s]       |                [01;35m[K^[m[K
[72.508s] [01m[K/home/punished_venom/DroneControls/src/rplidar_ros/sdk/include/sl_lidar_cmd.h:324:20:[m[K [01;35m[Kwarning: [m[KISO C++ forbids zero-size array ‘[01m[Kpayload[m[K’ [[01;35m[K-Wpedantic[m[K]
[72.510s]   324 |     sl_u8  payload[[01;35m[K0[m[K];
[72.511s]       |                    [01;35m[K^[m[K
[72.512s] [01m[K/home/punished_venom/DroneControls/src/rplidar_ros/sdk/include/sl_lidar_cmd.h:324:20:[m[K [01;35m[Kwarning: [m[KISO C++ forbids zero-size array ‘[01m[Kpayload[m[K’ [[01;35m[K-Wpedantic[m[K]
[72.512s]   324 |     sl_u8  payload[[01;35m[K0[m[K];
[72.516s]       |                    [01;35m[K^[m[K
[72.517s] [01m[K/home/punished_venom/DroneControls/src/rplidar_ros/sdk/src/sl_udp_channel.cpp:[m[K In member function ‘[01m[Kvoid sl::UdpChannel::[01;32m[KsetStatus[m[K(_u32)[m[K’:
[72.521s] [01m[K/home/punished_venom/DroneControls/src/rplidar_ros/sdk/src/sl_udp_channel.cpp:112:29:[m[K [01;35m[Kwarning: [m[Kunused parameter ‘[01m[Kflag[m[K’ [[01;35m[K-Wunused-parameter[m[K]
[72.522s]   112 |         void setStatus([01;35m[K_u32 flag[m[K){}
[72.522s]       |                        [01;35m[K~~~~~^~~~[m[K
[72.536s] [01m[K/home/punished_venom/DroneControls/src/rplidar_ros/sdk/src/sl_tcp_channel.cpp:[m[K In member function ‘[01m[Kvoid sl::TcpChannel::[01;32m[KsetStatus[m[K(_u32)[m[K’:
[72.536s] [01m[K/home/punished_venom/DroneControls/src/rplidar_ros/sdk/src/sl_tcp_channel.cpp:109:29:[m[K [01;35m[Kwarning: [m[Kunused parameter ‘[01m[Kflag[m[K’ [[01;35m[K-Wunused-parameter[m[K]
[72.537s]   109 |         void setStatus([01;35m[K_u32 flag[m[K){}
[72.538s]       |                        [01;35m[K~~~~~^~~~[m[K
[76.767s] [ 97%] [1m[32mLinking CXX executable rplidar_composition[0m
[77.957s] [ 97%] Built target rplidar_composition
[85.279s] [100%] [1m[32mLinking CXX executable rplidar_client[0m
[86.585s] [100%] Built target rplidar_client
[86.621s] Invoked command in '/home/punished_venom/DroneControls/build/rplidar_ros' returned '0': CMAKE_PREFIX_PATH=/opt/ros/lyrical /usr/bin/cmake --build /home/punished_venom/DroneControls/build/rplidar_ros -- -j4 -l4
[86.625s] Invoking command in '/home/punished_venom/DroneControls/build/rplidar_ros': CMAKE_PREFIX_PATH=/opt/ros/lyrical /usr/bin/cmake --install /home/punished_venom/DroneControls/build/rplidar_ros
[86.649s] -- Install configuration: ""
[86.651s] -- Execute custom install script
[86.652s] -- Symlinking: /home/punished_venom/DroneControls/install/rplidar_ros/share/rplidar_ros/launch/rplidar_a1_launch.py
[86.679s] -- Symlinking: /home/punished_venom/DroneControls/install/rplidar_ros/share/rplidar_ros/launch/rplidar_a2m12_launch.py
[86.706s] -- Symlinking: /home/punished_venom/DroneControls/install/rplidar_ros/share/rplidar_ros/launch/rplidar_a2m7_launch.py
[86.733s] -- Symlinking: /home/punished_venom/DroneControls/install/rplidar_ros/share/rplidar_ros/launch/rplidar_a2m8_launch.py
[86.760s] -- Symlinking: /home/punished_venom/DroneControls/install/rplidar_ros/share/rplidar_ros/launch/rplidar_a3_launch.py
[86.789s] -- Symlinking: /home/punished_venom/DroneControls/install/rplidar_ros/share/rplidar_ros/launch/rplidar_c1_launch.py
[86.816s] -- Symlinking: /home/punished_venom/DroneControls/install/rplidar_ros/share/rplidar_ros/launch/rplidar_s1_launch.py
[86.844s] -- Symlinking: /home/punished_venom/DroneControls/install/rplidar_ros/share/rplidar_ros/launch/rplidar_s1_tcp_launch.py
[86.871s] -- Symlinking: /home/punished_venom/DroneControls/install/rplidar_ros/share/rplidar_ros/launch/rplidar_s2_launch.py
[86.898s] -- Symlinking: /home/punished_venom/DroneControls/install/rplidar_ros/share/rplidar_ros/launch/rplidar_s2e_launch.py
[86.925s] -- Symlinking: /home/punished_venom/DroneControls/install/rplidar_ros/share/rplidar_ros/launch/rplidar_s3_launch.py
[86.952s] -- Symlinking: /home/punished_venom/DroneControls/install/rplidar_ros/share/rplidar_ros/launch/rplidar_t1_launch.py
[86.980s] -- Symlinking: /home/punished_venom/DroneControls/install/rplidar_ros/share/rplidar_ros/launch/view_rplidar_a1_launch.py
[87.007s] -- Symlinking: /home/punished_venom/DroneControls/install/rplidar_ros/share/rplidar_ros/launch/view_rplidar_a2m12_launch.py
[87.035s] -- Symlinking: /home/punished_venom/DroneControls/install/rplidar_ros/share/rplidar_ros/launch/view_rplidar_a2m7_launch.py
[87.063s] -- Symlinking: /home/punished_venom/DroneControls/install/rplidar_ros/share/rplidar_ros/launch/view_rplidar_a2m8_launch.py
[87.088s] -- Symlinking: /home/punished_venom/DroneControls/install/rplidar_ros/share/rplidar_ros/launch/view_rplidar_a3_launch.py
[87.115s] -- Symlinking: /home/punished_venom/DroneControls/install/rplidar_ros/share/rplidar_ros/launch/view_rplidar_c1_launch.py
[87.142s] -- Symlinking: /home/punished_venom/DroneControls/install/rplidar_ros/share/rplidar_ros/launch/view_rplidar_s1_launch.py
[87.169s] -- Symlinking: /home/punished_venom/DroneControls/install/rplidar_ros/share/rplidar_ros/launch/view_rplidar_s1_tcp_launch.py
[87.195s] -- Symlinking: /home/punished_venom/DroneControls/install/rplidar_ros/share/rplidar_ros/launch/view_rplidar_s2_launch.py
[87.222s] -- Symlinking: /home/punished_venom/DroneControls/install/rplidar_ros/share/rplidar_ros/launch/view_rplidar_s2e_launch.py
[87.249s] -- Symlinking: /home/punished_venom/DroneControls/install/rplidar_ros/share/rplidar_ros/launch/view_rplidar_s3_launch.py
[87.277s] -- Symlinking: /home/punished_venom/DroneControls/install/rplidar_ros/share/rplidar_ros/launch/view_rplidar_t1_launch.py
[87.303s] -- Symlinking: /home/punished_venom/DroneControls/install/rplidar_ros/share/rplidar_ros/rviz/rplidar_ros.rviz
[87.332s] -- Symlinking: /home/punished_venom/DroneControls/install/rplidar_ros/lib/rplidar_ros/rplidar_node
[87.359s] -- Symlinking: /home/punished_venom/DroneControls/install/rplidar_ros/lib/rplidar_ros/rplidar_composition
[87.386s] -- Symlinking: /home/punished_venom/DroneControls/install/rplidar_ros/lib/rplidar_ros/rplidar_client
[87.414s] -- Symlinking: /home/punished_venom/DroneControls/install/rplidar_ros/share/ament_index/resource_index/package_run_dependencies/rplidar_ros
[87.441s] -- Symlinking: /home/punished_venom/DroneControls/install/rplidar_ros/share/ament_index/resource_index/parent_prefix_path/rplidar_ros
[87.469s] -- Symlinking: /home/punished_venom/DroneControls/install/rplidar_ros/share/rplidar_ros/environment/ament_prefix_path.sh
[87.497s] -- Symlinking: /home/punished_venom/DroneControls/install/rplidar_ros/share/rplidar_ros/environment/ament_prefix_path.dsv
[87.525s] -- Symlinking: /home/punished_venom/DroneControls/install/rplidar_ros/share/rplidar_ros/environment/path.sh
[87.553s] -- Symlinking: /home/punished_venom/DroneControls/install/rplidar_ros/share/rplidar_ros/environment/path.dsv
[87.581s] -- Symlinking: /home/punished_venom/DroneControls/install/rplidar_ros/share/rplidar_ros/local_setup.bash
[87.609s] -- Symlinking: /home/punished_venom/DroneControls/install/rplidar_ros/share/rplidar_ros/local_setup.fish
[87.636s] -- Symlinking: /home/punished_venom/DroneControls/install/rplidar_ros/share/rplidar_ros/local_setup.sh
[87.663s] -- Symlinking: /home/punished_venom/DroneControls/install/rplidar_ros/share/rplidar_ros/local_setup.zsh
[87.691s] -- Symlinking: /home/punished_venom/DroneControls/install/rplidar_ros/share/rplidar_ros/local_setup.dsv
[87.719s] -- Symlinking: /home/punished_venom/DroneControls/install/rplidar_ros/share/rplidar_ros/package.dsv
[87.747s] -- Symlinking: /home/punished_venom/DroneControls/install/rplidar_ros/share/ament_index/resource_index/packages/rplidar_ros
[87.774s] -- Symlinking: /home/punished_venom/DroneControls/install/rplidar_ros/share/rplidar_ros/cmake/ament_cmake_export_dependencies-extras.cmake
[87.802s] -- Symlinking: /home/punished_venom/DroneControls/install/rplidar_ros/share/rplidar_ros/cmake/ament_cmake_export_include_directories-extras.cmake
[87.830s] -- Symlinking: /home/punished_venom/DroneControls/install/rplidar_ros/share/rplidar_ros/cmake/rplidar_rosConfig.cmake
[87.857s] -- Symlinking: /home/punished_venom/DroneControls/install/rplidar_ros/share/rplidar_ros/cmake/rplidar_rosConfig-version.cmake
[87.884s] -- Symlinking: /home/punished_venom/DroneControls/install/rplidar_ros/share/rplidar_ros/package.xml
[87.917s] Invoked command in '/home/punished_venom/DroneControls/build/rplidar_ros' returned '0': CMAKE_PREFIX_PATH=/opt/ros/lyrical /usr/bin/cmake --install /home/punished_venom/DroneControls/build/rplidar_ros
