[0.000000] (-) TimerEvent: {}
[0.000624] (photon_flight_camera) JobQueued: {'identifier': 'photon_flight_camera', 'dependencies': OrderedDict()}
[0.001149] (photon_flight_db_internet) JobQueued: {'identifier': 'photon_flight_db_internet', 'dependencies': OrderedDict()}
[0.001401] (photon_flight_servo_imu) JobQueued: {'identifier': 'photon_flight_servo_imu', 'dependencies': OrderedDict()}
[0.002210] (rplidar_ros) JobQueued: {'identifier': 'rplidar_ros', 'dependencies': OrderedDict()}
[0.002289] (photon_flight_camera) JobStarted: {'identifier': 'photon_flight_camera'}
[0.031419] (photon_flight_db_internet) JobStarted: {'identifier': 'photon_flight_db_internet'}
[0.052367] (photon_flight_servo_imu) JobStarted: {'identifier': 'photon_flight_servo_imu'}
[0.065089] (rplidar_ros) JobStarted: {'identifier': 'rplidar_ros'}
[0.099370] (-) TimerEvent: {}
[0.200043] (-) TimerEvent: {}
[0.300977] (-) TimerEvent: {}
[0.401607] (-) TimerEvent: {}
[0.502186] (-) TimerEvent: {}
[0.602780] (-) TimerEvent: {}
[0.703292] (-) TimerEvent: {}
[0.803910] (-) TimerEvent: {}
[0.905050] (-) TimerEvent: {}
[1.006031] (-) TimerEvent: {}
[1.106800] (-) TimerEvent: {}
[1.207439] (-) TimerEvent: {}
[1.308103] (-) TimerEvent: {}
[1.408938] (-) TimerEvent: {}
[1.509445] (-) TimerEvent: {}
[1.609944] (-) TimerEvent: {}
[1.710527] (-) TimerEvent: {}
[1.797479] (photon_flight_servo_imu) JobProgress: {'identifier': 'photon_flight_servo_imu', 'progress': 'cmake'}
[1.799652] (photon_flight_servo_imu) Command: {'cmd': ['/usr/bin/cmake', '/home/punished_venom/DroneControls/src/photon_flight_servo_imu', '-DAMENT_CMAKE_SYMLINK_INSTALL=1', '-DCMAKE_INSTALL_PREFIX=/home/punished_venom/DroneControls/install/photon_flight_servo_imu'], 'cwd': '/home/punished_venom/DroneControls/build/photon_flight_servo_imu', 'env': OrderedDict({'USER': 'punished_venom', 'SSH_CLIENT': '100.70.204.74 51792 22', 'XDG_SESSION_TYPE': 'tty', 'LD_LIBRARY_PATH': '/opt/ros/lyrical/lib/aarch64-linux-gnu:/opt/ros/lyrical/lib', 'SHLVL': '1', 'HOME': '/home/punished_venom', 'SSH_TTY': '/dev/pts/0', 'ROS_PYTHON_VERSION': '3', 'DBUS_SESSION_BUS_ADDRESS': 'unix:path=/run/user/1000/bus', 'ROS_DISTRO': 'lyrical', 'LOGNAME': 'punished_venom', 'XDG_SESSION_CLASS': 'user', 'ROS_VERSION': '2', 'TERM': 'xterm', 'XDG_SESSION_ID': '142', 'PATH': '/opt/ros/lyrical/bin:/usr/local/sbin:/usr/local/bin:/usr/sbin:/usr/bin:/sbin:/bin:/usr/games:/usr/local/games:/snap/bin', 'XDG_RUNTIME_DIR': '/run/user/1000', 'LANG': 'en_US.UTF-8', 'AMENT_PREFIX_PATH': '/opt/ros/lyrical', 'ROS_DOMAIN_ID': '101', 'SHELL': '/usr/bin/fish', 'ROS_AUTOMATIC_DISCOVERY_RANGE': 'SUBNET', 'PWD': '/home/punished_venom/DroneControls/build/photon_flight_servo_imu', 'LC_ALL': 'en_US.UTF-8', 'SSH_CONNECTION': '100.70.204.74 51792 100.71.17.45 22', 'XDG_DATA_DIRS': '/usr/local/share:/usr/share:/var/lib/snapd/desktop', 'PYTHONPATH': '/opt/ros/lyrical/lib/python3.14/site-packages', 'COLCON': '1', 'AMENT_CURRENT_PREFIX': '', 'CMAKE_PREFIX_PATH': '/opt/ros/lyrical'}), 'shell': False}
[1.811434] (-) TimerEvent: {}
[1.815677] (rplidar_ros) JobProgress: {'identifier': 'rplidar_ros', 'progress': 'cmake'}
[1.818221] (rplidar_ros) Command: {'cmd': ['/usr/bin/cmake', '/home/punished_venom/DroneControls/src/rplidar_ros', '-DAMENT_CMAKE_SYMLINK_INSTALL=1', '-DCMAKE_INSTALL_PREFIX=/home/punished_venom/DroneControls/install/rplidar_ros'], 'cwd': '/home/punished_venom/DroneControls/build/rplidar_ros', 'env': OrderedDict({'USER': 'punished_venom', 'SSH_CLIENT': '100.70.204.74 51792 22', 'XDG_SESSION_TYPE': 'tty', 'LD_LIBRARY_PATH': '/opt/ros/lyrical/lib/aarch64-linux-gnu:/opt/ros/lyrical/lib', 'SHLVL': '1', 'HOME': '/home/punished_venom', 'SSH_TTY': '/dev/pts/0', 'ROS_PYTHON_VERSION': '3', 'DBUS_SESSION_BUS_ADDRESS': 'unix:path=/run/user/1000/bus', 'ROS_DISTRO': 'lyrical', 'LOGNAME': 'punished_venom', 'XDG_SESSION_CLASS': 'user', 'ROS_VERSION': '2', 'TERM': 'xterm', 'XDG_SESSION_ID': '142', 'PATH': '/opt/ros/lyrical/bin:/usr/local/sbin:/usr/local/bin:/usr/sbin:/usr/bin:/sbin:/bin:/usr/games:/usr/local/games:/snap/bin', 'XDG_RUNTIME_DIR': '/run/user/1000', 'LANG': 'en_US.UTF-8', 'AMENT_PREFIX_PATH': '/opt/ros/lyrical', 'ROS_DOMAIN_ID': '101', 'SHELL': '/usr/bin/fish', 'ROS_AUTOMATIC_DISCOVERY_RANGE': 'SUBNET', 'PWD': '/home/punished_venom/DroneControls/build/rplidar_ros', 'LC_ALL': 'en_US.UTF-8', 'SSH_CONNECTION': '100.70.204.74 51792 100.71.17.45 22', 'XDG_DATA_DIRS': '/usr/local/share:/usr/share:/var/lib/snapd/desktop', 'PYTHONPATH': '/opt/ros/lyrical/lib/python3.14/site-packages', 'COLCON': '1', 'AMENT_CURRENT_PREFIX': '', 'CMAKE_PREFIX_PATH': '/opt/ros/lyrical'}), 'shell': False}
[1.856495] (rplidar_ros) StderrLine: {'line': b'\x1b[0mCMake Deprecation Warning at CMakeLists.txt:4 (cmake_minimum_required):\n'}
[1.857211] (rplidar_ros) StderrLine: {'line': b'  Compatibility with CMake < 3.10 will be removed from a future version of\n'}
[1.857774] (rplidar_ros) StderrLine: {'line': b'  CMake.\n'}
[1.862011] (rplidar_ros) StderrLine: {'line': b'\n'}
[1.862440] (rplidar_ros) StderrLine: {'line': b'  Update the VERSION argument <min> value.  Or, use the <min>...<max> syntax\n'}
[1.862893] (rplidar_ros) StderrLine: {'line': b'  to tell CMake that the project requires at least <min> but has been updated\n'}
[1.863261] (rplidar_ros) StderrLine: {'line': b'  to work with policies introduced by <max> or earlier.\n'}
[1.867644] (rplidar_ros) StderrLine: {'line': b'\n'}
[1.869302] (rplidar_ros) StderrLine: {'line': b'\x1b[0m\n'}
[1.911609] (-) TimerEvent: {}
[2.012523] (-) TimerEvent: {}
[2.115778] (-) TimerEvent: {}
[2.138645] (rplidar_ros) StdoutLine: {'line': b'-- The C compiler identification is GNU 15.2.0\n'}
[2.146759] (photon_flight_servo_imu) StdoutLine: {'line': b'-- The C compiler identification is GNU 15.2.0\n'}
[2.216021] (-) TimerEvent: {}
[2.318466] (-) TimerEvent: {}
[2.419291] (-) TimerEvent: {}
[2.510884] (rplidar_ros) StdoutLine: {'line': b'-- The CXX compiler identification is GNU 15.2.0\n'}
[2.520525] (-) TimerEvent: {}
[2.577041] (rplidar_ros) StdoutLine: {'line': b'-- Detecting C compiler ABI info\n'}
[2.621944] (-) TimerEvent: {}
[2.626906] (photon_flight_servo_imu) StdoutLine: {'line': b'-- The CXX compiler identification is GNU 15.2.0\n'}
[2.664777] (photon_flight_servo_imu) StdoutLine: {'line': b'-- Detecting C compiler ABI info\n'}
[2.722142] (-) TimerEvent: {}
[2.824468] (-) TimerEvent: {}
[2.925254] (-) TimerEvent: {}
[3.028125] (-) TimerEvent: {}
[3.045800] (rplidar_ros) StdoutLine: {'line': b'-- Detecting C compiler ABI info - done\n'}
[3.082459] (photon_flight_servo_imu) StdoutLine: {'line': b'-- Detecting C compiler ABI info - done\n'}
[3.128249] (-) TimerEvent: {}
[3.144510] (rplidar_ros) StdoutLine: {'line': b'-- Check for working C compiler: /usr/bin/cc - skipped\n'}
[3.147168] (rplidar_ros) StdoutLine: {'line': b'-- Detecting C compile features\n'}
[3.148147] (rplidar_ros) StdoutLine: {'line': b'-- Detecting C compile features - done\n'}
[3.153431] (photon_flight_servo_imu) StdoutLine: {'line': b'-- Check for working C compiler: /usr/bin/cc - skipped\n'}
[3.155407] (photon_flight_servo_imu) StdoutLine: {'line': b'-- Detecting C compile features\n'}
[3.157283] (photon_flight_servo_imu) StdoutLine: {'line': b'-- Detecting C compile features - done\n'}
[3.207448] (rplidar_ros) StdoutLine: {'line': b'-- Detecting CXX compiler ABI info\n'}
[3.218547] (photon_flight_servo_imu) StdoutLine: {'line': b'-- Detecting CXX compiler ABI info\n'}
[3.228448] (-) TimerEvent: {}
[3.332617] (-) TimerEvent: {}
[3.433587] (-) TimerEvent: {}
[3.536859] (-) TimerEvent: {}
[3.641746] (-) TimerEvent: {}
[3.672950] (photon_flight_servo_imu) StdoutLine: {'line': b'-- Detecting CXX compiler ABI info - done\n'}
[3.688030] (rplidar_ros) StdoutLine: {'line': b'-- Detecting CXX compiler ABI info - done\n'}
[3.740166] (photon_flight_servo_imu) StdoutLine: {'line': b'-- Check for working CXX compiler: /usr/bin/c++ - skipped\n'}
[3.741376] (photon_flight_servo_imu) StdoutLine: {'line': b'-- Detecting CXX compile features\n'}
[3.741913] (-) TimerEvent: {}
[3.744095] (photon_flight_servo_imu) StdoutLine: {'line': b'-- Detecting CXX compile features - done\n'}
[3.776930] (rplidar_ros) StdoutLine: {'line': b'-- Check for working CXX compiler: /usr/bin/c++ - skipped\n'}
[3.779460] (rplidar_ros) StdoutLine: {'line': b'-- Detecting CXX compile features\n'}
[3.780603] (rplidar_ros) StdoutLine: {'line': b'-- Detecting CXX compile features - done\n'}
[3.784563] (photon_flight_servo_imu) StdoutLine: {'line': b'-- Found ament_cmake: 2.8.8 (/opt/ros/lyrical/share/ament_cmake/cmake)\n'}
[3.819499] (rplidar_ros) StdoutLine: {'line': b'-- Found ament_cmake: 2.8.8 (/opt/ros/lyrical/share/ament_cmake/cmake)\n'}
[3.842082] (-) TimerEvent: {}
[3.945344] (-) TimerEvent: {}
[4.046877] (-) TimerEvent: {}
[4.148420] (-) TimerEvent: {}
[4.253604] (-) TimerEvent: {}
[4.354427] (-) TimerEvent: {}
[4.456610] (-) TimerEvent: {}
[4.561479] (-) TimerEvent: {}
[4.662375] (-) TimerEvent: {}
[4.764748] (-) TimerEvent: {}
[4.866988] (-) TimerEvent: {}
[4.971749] (-) TimerEvent: {}
[5.026664] (rplidar_ros) StdoutLine: {'line': b'-- Override CMake install command with custom implementation using symlinks instead of copying resources\n'}
[5.072059] (-) TimerEvent: {}
[5.176752] (-) TimerEvent: {}
[5.199080] (rplidar_ros) StdoutLine: {'line': b'-- Found rclcpp: 32.0.3 (/opt/ros/lyrical/share/rclcpp/cmake)\n'}
[5.277089] (-) TimerEvent: {}
[5.381430] (-) TimerEvent: {}
[5.460774] (rplidar_ros) StdoutLine: {'line': b'-- Found rosidl_generator_c: 5.2.1 (/opt/ros/lyrical/share/rosidl_generator_c/cmake)\n'}
[5.483516] (-) TimerEvent: {}
[5.517772] (rplidar_ros) StdoutLine: {'line': b'-- Found rosidl_generator_cpp: 5.2.1 (/opt/ros/lyrical/share/rosidl_generator_cpp/cmake)\n'}
[5.585467] (-) TimerEvent: {}
[5.597597] (rplidar_ros) StdoutLine: {'line': b'-- Using all available rosidl_typesupport_c: rosidl_typesupport_fastrtps_c;rosidl_typesupport_introspection_c\n'}
[5.671436] (rplidar_ros) StdoutLine: {'line': b'-- Using all available rosidl_typesupport_cpp: rosidl_typesupport_fastrtps_cpp;rosidl_typesupport_introspection_cpp\n'}
[5.685667] (-) TimerEvent: {}
[5.788860] (-) TimerEvent: {}
[5.889970] (-) TimerEvent: {}
[5.968945] (photon_flight_servo_imu) StdoutLine: {'line': b'-- Override CMake install command with custom implementation using symlinks instead of copying resources\n'}
[5.992519] (-) TimerEvent: {}
[6.033367] (rplidar_ros) StdoutLine: {'line': b'-- Found rmw_implementation_cmake: 7.10.2 (/opt/ros/lyrical/share/rmw_implementation_cmake/cmake)\n'}
[6.044461] (rplidar_ros) StdoutLine: {'line': b'-- Found rmw_fastrtps_cpp: 9.4.10 (/opt/ros/lyrical/share/rmw_fastrtps_cpp/cmake)\n'}
[6.093196] (-) TimerEvent: {}
[6.195408] (-) TimerEvent: {}
[6.203865] (rplidar_ros) StdoutLine: {'line': b"-- Using RMW implementation 'rmw_fastrtps_cpp' as default\n"}
[6.261390] (photon_flight_servo_imu) StdoutLine: {'line': b'-- Found ament_lint_auto: 0.20.6 (/opt/ros/lyrical/share/ament_lint_auto/cmake)\n'}
[6.295575] (-) TimerEvent: {}
[6.398654] (-) TimerEvent: {}
[6.505465] (-) TimerEvent: {}
[6.689850] (-) TimerEvent: {}
[6.714788] (rplidar_ros) StdoutLine: {'line': b'-- Found sensor_msgs: 5.9.3 (/opt/ros/lyrical/share/sensor_msgs/cmake)\n'}
[6.790476] (-) TimerEvent: {}
[6.892244] (-) TimerEvent: {}
[6.996676] (-) TimerEvent: {}
[7.010472] (rplidar_ros) StdoutLine: {'line': b'-- Found std_srvs: 5.9.3 (/opt/ros/lyrical/share/std_srvs/cmake)\n'}
[7.097219] (-) TimerEvent: {}
[7.157635] (photon_flight_servo_imu) StdoutLine: {'line': b"-- Added test 'lint_cmake' to check CMake code style\n"}
[7.176738] (photon_flight_servo_imu) StdoutLine: {'line': b"-- Added test 'xmllint' to check XML markup files\n"}
[7.197395] (-) TimerEvent: {}
[7.218129] (photon_flight_servo_imu) StdoutLine: {'line': b'-- Configuring done (5.4s)\n'}
[7.287621] (photon_flight_servo_imu) StdoutLine: {'line': b'-- Generating done (0.1s)\n'}
[7.296967] (photon_flight_servo_imu) StdoutLine: {'line': b'-- Build files have been written to: /home/punished_venom/DroneControls/build/photon_flight_servo_imu\n'}
[7.297747] (-) TimerEvent: {}
[7.319671] (photon_flight_servo_imu) CommandEnded: {'returncode': 0}
[7.324503] (photon_flight_servo_imu) JobProgress: {'identifier': 'photon_flight_servo_imu', 'progress': 'build'}
[7.324753] (photon_flight_servo_imu) Command: {'cmd': ['/usr/bin/cmake', '--build', '/home/punished_venom/DroneControls/build/photon_flight_servo_imu', '--', '-j4', '-l4'], 'cwd': '/home/punished_venom/DroneControls/build/photon_flight_servo_imu', 'env': OrderedDict({'USER': 'punished_venom', 'SSH_CLIENT': '100.70.204.74 51792 22', 'XDG_SESSION_TYPE': 'tty', 'LD_LIBRARY_PATH': '/opt/ros/lyrical/lib/aarch64-linux-gnu:/opt/ros/lyrical/lib', 'SHLVL': '1', 'HOME': '/home/punished_venom', 'SSH_TTY': '/dev/pts/0', 'ROS_PYTHON_VERSION': '3', 'DBUS_SESSION_BUS_ADDRESS': 'unix:path=/run/user/1000/bus', 'ROS_DISTRO': 'lyrical', 'LOGNAME': 'punished_venom', 'XDG_SESSION_CLASS': 'user', 'ROS_VERSION': '2', 'TERM': 'xterm', 'XDG_SESSION_ID': '142', 'PATH': '/opt/ros/lyrical/bin:/usr/local/sbin:/usr/local/bin:/usr/sbin:/usr/bin:/sbin:/bin:/usr/games:/usr/local/games:/snap/bin', 'XDG_RUNTIME_DIR': '/run/user/1000', 'LANG': 'en_US.UTF-8', 'AMENT_PREFIX_PATH': '/opt/ros/lyrical', 'ROS_DOMAIN_ID': '101', 'SHELL': '/usr/bin/fish', 'ROS_AUTOMATIC_DISCOVERY_RANGE': 'SUBNET', 'PWD': '/home/punished_venom/DroneControls/build/photon_flight_servo_imu', 'LC_ALL': 'en_US.UTF-8', 'SSH_CONNECTION': '100.70.204.74 51792 100.71.17.45 22', 'XDG_DATA_DIRS': '/usr/local/share:/usr/share:/var/lib/snapd/desktop', 'PYTHONPATH': '/opt/ros/lyrical/lib/python3.14/site-packages', 'COLCON': '1', 'AMENT_CURRENT_PREFIX': '', 'CMAKE_PREFIX_PATH': '/opt/ros/lyrical'}), 'shell': False}
[7.397943] (-) TimerEvent: {}
[7.501774] (-) TimerEvent: {}
[7.562751] (photon_flight_servo_imu) CommandEnded: {'returncode': 0}
[7.567043] (photon_flight_servo_imu) JobProgress: {'identifier': 'photon_flight_servo_imu', 'progress': 'install'}
[7.603223] (-) TimerEvent: {}
[7.639660] (photon_flight_servo_imu) Command: {'cmd': ['/usr/bin/cmake', '--install', '/home/punished_venom/DroneControls/build/photon_flight_servo_imu'], 'cwd': '/home/punished_venom/DroneControls/build/photon_flight_servo_imu', 'env': OrderedDict({'USER': 'punished_venom', 'SSH_CLIENT': '100.70.204.74 51792 22', 'XDG_SESSION_TYPE': 'tty', 'LD_LIBRARY_PATH': '/opt/ros/lyrical/lib/aarch64-linux-gnu:/opt/ros/lyrical/lib', 'SHLVL': '1', 'HOME': '/home/punished_venom', 'SSH_TTY': '/dev/pts/0', 'ROS_PYTHON_VERSION': '3', 'DBUS_SESSION_BUS_ADDRESS': 'unix:path=/run/user/1000/bus', 'ROS_DISTRO': 'lyrical', 'LOGNAME': 'punished_venom', 'XDG_SESSION_CLASS': 'user', 'ROS_VERSION': '2', 'TERM': 'xterm', 'XDG_SESSION_ID': '142', 'PATH': '/opt/ros/lyrical/bin:/usr/local/sbin:/usr/local/bin:/usr/sbin:/usr/bin:/sbin:/bin:/usr/games:/usr/local/games:/snap/bin', 'XDG_RUNTIME_DIR': '/run/user/1000', 'LANG': 'en_US.UTF-8', 'AMENT_PREFIX_PATH': '/opt/ros/lyrical', 'ROS_DOMAIN_ID': '101', 'SHELL': '/usr/bin/fish', 'ROS_AUTOMATIC_DISCOVERY_RANGE': 'SUBNET', 'PWD': '/home/punished_venom/DroneControls/build/photon_flight_servo_imu', 'LC_ALL': 'en_US.UTF-8', 'SSH_CONNECTION': '100.70.204.74 51792 100.71.17.45 22', 'XDG_DATA_DIRS': '/usr/local/share:/usr/share:/var/lib/snapd/desktop', 'PYTHONPATH': '/opt/ros/lyrical/lib/python3.14/site-packages', 'COLCON': '1', 'AMENT_CURRENT_PREFIX': '', 'CMAKE_PREFIX_PATH': '/opt/ros/lyrical'}), 'shell': False}
[7.703494] (-) TimerEvent: {}
[7.713289] (photon_flight_servo_imu) StdoutLine: {'line': b'-- Install configuration: ""\n'}
[7.715375] (photon_flight_servo_imu) StdoutLine: {'line': b'-- Execute custom install script\n'}
[7.718194] (photon_flight_servo_imu) StdoutLine: {'line': b'-- Up-to-date symlink: /home/punished_venom/DroneControls/install/photon_flight_servo_imu/share/ament_index/resource_index/package_run_dependencies/photon_flight_servo_imu\n'}
[7.720965] (photon_flight_servo_imu) StdoutLine: {'line': b'-- Up-to-date symlink: /home/punished_venom/DroneControls/install/photon_flight_servo_imu/share/ament_index/resource_index/parent_prefix_path/photon_flight_servo_imu\n'}
[7.725204] (photon_flight_servo_imu) StdoutLine: {'line': b'-- Up-to-date symlink: /home/punished_venom/DroneControls/install/photon_flight_servo_imu/share/photon_flight_servo_imu/environment/ament_prefix_path.sh\n'}
[7.731439] (photon_flight_db_internet) Command: {'cmd': ['/usr/bin/python3', '-W', 'ignore:setup.py install is deprecated', '-W', 'ignore:easy_install command is deprecated', 'setup.py', 'develop', '--editable', '--build-directory', '/home/punished_venom/DroneControls/build/photon_flight_db_internet/build', '--no-deps', 'symlink_data'], 'cwd': '/home/punished_venom/DroneControls/build/photon_flight_db_internet', 'env': OrderedDict({'USER': 'punished_venom', 'SSH_CLIENT': '100.70.204.74 51792 22', 'XDG_SESSION_TYPE': 'tty', 'LD_LIBRARY_PATH': '/opt/ros/lyrical/lib/aarch64-linux-gnu:/opt/ros/lyrical/lib', 'SHLVL': '1', 'HOME': '/home/punished_venom', 'SSH_TTY': '/dev/pts/0', 'ROS_PYTHON_VERSION': '3', 'DBUS_SESSION_BUS_ADDRESS': 'unix:path=/run/user/1000/bus', 'ROS_DISTRO': 'lyrical', 'LOGNAME': 'punished_venom', 'XDG_SESSION_CLASS': 'user', 'ROS_VERSION': '2', 'TERM': 'xterm', 'XDG_SESSION_ID': '142', 'PATH': '/opt/ros/lyrical/bin:/usr/local/sbin:/usr/local/bin:/usr/sbin:/usr/bin:/sbin:/bin:/usr/games:/usr/local/games:/snap/bin', 'XDG_RUNTIME_DIR': '/run/user/1000', 'LANG': 'en_US.UTF-8', 'AMENT_PREFIX_PATH': '/opt/ros/lyrical', 'ROS_DOMAIN_ID': '101', 'SHELL': '/usr/bin/fish', 'ROS_AUTOMATIC_DISCOVERY_RANGE': 'SUBNET', 'PWD': '/home/punished_venom/DroneControls/build/photon_flight_db_internet', 'LC_ALL': 'en_US.UTF-8', 'SSH_CONNECTION': '100.70.204.74 51792 100.71.17.45 22', 'XDG_DATA_DIRS': '/usr/local/share:/usr/share:/var/lib/snapd/desktop', 'PYTHONPATH': '/home/punished_venom/DroneControls/build/photon_flight_db_internet/prefix_override:/usr/lib/python3/dist-packages/colcon_core/task/python/colcon_distutils_commands:/home/punished_venom/DroneControls/install/photon_flight_db_internet/lib/python3.14/site-packages:/opt/ros/lyrical/lib/python3.14/site-packages', 'COLCON': '1', 'AMENT_CURRENT_PREFIX': ''}), 'shell': False}
[7.758272] (photon_flight_servo_imu) StdoutLine: {'line': b'-- Up-to-date symlink: /home/punished_venom/DroneControls/install/photon_flight_servo_imu/share/photon_flight_servo_imu/environment/ament_prefix_path.dsv\n'}
[7.762059] (photon_flight_servo_imu) StdoutLine: {'line': b'-- Up-to-date symlink: /home/punished_venom/DroneControls/install/photon_flight_servo_imu/share/photon_flight_servo_imu/environment/path.sh\n'}
[7.762662] (photon_flight_servo_imu) StdoutLine: {'line': b'-- Up-to-date symlink: /home/punished_venom/DroneControls/install/photon_flight_servo_imu/share/photon_flight_servo_imu/environment/path.dsv\n'}
[7.763145] (photon_flight_servo_imu) StdoutLine: {'line': b'-- Up-to-date symlink: /home/punished_venom/DroneControls/install/photon_flight_servo_imu/share/photon_flight_servo_imu/local_setup.bash\n'}
[7.763818] (photon_flight_servo_imu) StdoutLine: {'line': b'-- Up-to-date symlink: /home/punished_venom/DroneControls/install/photon_flight_servo_imu/share/photon_flight_servo_imu/local_setup.fish\n'}
[7.764302] (photon_flight_servo_imu) StdoutLine: {'line': b'-- Up-to-date symlink: /home/punished_venom/DroneControls/install/photon_flight_servo_imu/share/photon_flight_servo_imu/local_setup.sh\n'}
[7.765396] (photon_flight_servo_imu) StdoutLine: {'line': b'-- Up-to-date symlink: /home/punished_venom/DroneControls/install/photon_flight_servo_imu/share/photon_flight_servo_imu/local_setup.zsh\n'}
[7.773461] (photon_flight_servo_imu) StdoutLine: {'line': b'-- Up-to-date symlink: /home/punished_venom/DroneControls/install/photon_flight_servo_imu/share/photon_flight_servo_imu/local_setup.dsv\n'}
[7.774099] (photon_flight_servo_imu) StdoutLine: {'line': b'-- Symlinking: /home/punished_venom/DroneControls/install/photon_flight_servo_imu/share/photon_flight_servo_imu/package.dsv\n'}
[7.803756] (-) TimerEvent: {}
[7.820173] (photon_flight_servo_imu) StdoutLine: {'line': b'-- Up-to-date symlink: /home/punished_venom/DroneControls/install/photon_flight_servo_imu/share/ament_index/resource_index/packages/photon_flight_servo_imu\n'}
[7.825418] (photon_flight_servo_imu) StdoutLine: {'line': b'-- Up-to-date symlink: /home/punished_venom/DroneControls/install/photon_flight_servo_imu/share/photon_flight_servo_imu/cmake/photon_flight_servo_imuConfig.cmake\n'}
[7.829377] (photon_flight_servo_imu) StdoutLine: {'line': b'-- Up-to-date symlink: /home/punished_venom/DroneControls/install/photon_flight_servo_imu/share/photon_flight_servo_imu/cmake/photon_flight_servo_imuConfig-version.cmake\n'}
[7.831770] (photon_flight_servo_imu) StdoutLine: {'line': b'-- Up-to-date symlink: /home/punished_venom/DroneControls/install/photon_flight_servo_imu/share/photon_flight_servo_imu/package.xml\n'}
[7.841557] (rplidar_ros) StdoutLine: {'line': b'-- Configuring done (6.0s)\n'}
[7.850164] (photon_flight_servo_imu) CommandEnded: {'returncode': 0}
[7.906063] (-) TimerEvent: {}
[8.033060] (-) TimerEvent: {}
[8.039610] (photon_flight_servo_imu) JobEnded: {'identifier': 'photon_flight_servo_imu', 'rc': 0}
[8.044707] (photon_flight_camera) Command: {'cmd': ['/usr/bin/python3', '-W', 'ignore:setup.py install is deprecated', '-W', 'ignore:easy_install command is deprecated', 'setup.py', 'develop', '--editable', '--build-directory', '/home/punished_venom/DroneControls/build/photon_flight_camera/build', '--no-deps', 'symlink_data'], 'cwd': '/home/punished_venom/DroneControls/build/photon_flight_camera', 'env': OrderedDict({'USER': 'punished_venom', 'SSH_CLIENT': '100.70.204.74 51792 22', 'XDG_SESSION_TYPE': 'tty', 'LD_LIBRARY_PATH': '/opt/ros/lyrical/lib/aarch64-linux-gnu:/opt/ros/lyrical/lib', 'SHLVL': '1', 'HOME': '/home/punished_venom', 'SSH_TTY': '/dev/pts/0', 'ROS_PYTHON_VERSION': '3', 'DBUS_SESSION_BUS_ADDRESS': 'unix:path=/run/user/1000/bus', 'ROS_DISTRO': 'lyrical', 'LOGNAME': 'punished_venom', 'XDG_SESSION_CLASS': 'user', 'ROS_VERSION': '2', 'TERM': 'xterm', 'XDG_SESSION_ID': '142', 'PATH': '/opt/ros/lyrical/bin:/usr/local/sbin:/usr/local/bin:/usr/sbin:/usr/bin:/sbin:/bin:/usr/games:/usr/local/games:/snap/bin', 'XDG_RUNTIME_DIR': '/run/user/1000', 'LANG': 'en_US.UTF-8', 'AMENT_PREFIX_PATH': '/opt/ros/lyrical', 'ROS_DOMAIN_ID': '101', 'SHELL': '/usr/bin/fish', 'ROS_AUTOMATIC_DISCOVERY_RANGE': 'SUBNET', 'PWD': '/home/punished_venom/DroneControls/build/photon_flight_camera', 'LC_ALL': 'en_US.UTF-8', 'SSH_CONNECTION': '100.70.204.74 51792 100.71.17.45 22', 'XDG_DATA_DIRS': '/usr/local/share:/usr/share:/var/lib/snapd/desktop', 'PYTHONPATH': '/home/punished_venom/DroneControls/build/photon_flight_camera/prefix_override:/usr/lib/python3/dist-packages/colcon_core/task/python/colcon_distutils_commands:/home/punished_venom/DroneControls/install/photon_flight_camera/lib/python3.14/site-packages:/opt/ros/lyrical/lib/python3.14/site-packages', 'COLCON': '1', 'AMENT_CURRENT_PREFIX': ''}), 'shell': False}
[8.061273] (rplidar_ros) StdoutLine: {'line': b'-- Generating done (0.2s)\n'}
[8.133267] (-) TimerEvent: {}
[8.264501] (-) TimerEvent: {}
[8.279136] (rplidar_ros) StdoutLine: {'line': b'-- Build files have been written to: /home/punished_venom/DroneControls/build/rplidar_ros\n'}
[8.311608] (rplidar_ros) CommandEnded: {'returncode': 0}
[8.312758] (rplidar_ros) JobProgress: {'identifier': 'rplidar_ros', 'progress': 'build'}
[8.312933] (rplidar_ros) Command: {'cmd': ['/usr/bin/cmake', '--build', '/home/punished_venom/DroneControls/build/rplidar_ros', '--', '-j4', '-l4'], 'cwd': '/home/punished_venom/DroneControls/build/rplidar_ros', 'env': OrderedDict({'USER': 'punished_venom', 'SSH_CLIENT': '100.70.204.74 51792 22', 'XDG_SESSION_TYPE': 'tty', 'LD_LIBRARY_PATH': '/opt/ros/lyrical/lib/aarch64-linux-gnu:/opt/ros/lyrical/lib', 'SHLVL': '1', 'HOME': '/home/punished_venom', 'SSH_TTY': '/dev/pts/0', 'ROS_PYTHON_VERSION': '3', 'DBUS_SESSION_BUS_ADDRESS': 'unix:path=/run/user/1000/bus', 'ROS_DISTRO': 'lyrical', 'LOGNAME': 'punished_venom', 'XDG_SESSION_CLASS': 'user', 'ROS_VERSION': '2', 'TERM': 'xterm', 'XDG_SESSION_ID': '142', 'PATH': '/opt/ros/lyrical/bin:/usr/local/sbin:/usr/local/bin:/usr/sbin:/usr/bin:/sbin:/bin:/usr/games:/usr/local/games:/snap/bin', 'XDG_RUNTIME_DIR': '/run/user/1000', 'LANG': 'en_US.UTF-8', 'AMENT_PREFIX_PATH': '/opt/ros/lyrical', 'ROS_DOMAIN_ID': '101', 'SHELL': '/usr/bin/fish', 'ROS_AUTOMATIC_DISCOVERY_RANGE': 'SUBNET', 'PWD': '/home/punished_venom/DroneControls/build/rplidar_ros', 'LC_ALL': 'en_US.UTF-8', 'SSH_CONNECTION': '100.70.204.74 51792 100.71.17.45 22', 'XDG_DATA_DIRS': '/usr/local/share:/usr/share:/var/lib/snapd/desktop', 'PYTHONPATH': '/opt/ros/lyrical/lib/python3.14/site-packages', 'COLCON': '1', 'AMENT_CURRENT_PREFIX': '', 'CMAKE_PREFIX_PATH': '/opt/ros/lyrical'}), 'shell': False}
[8.364740] (-) TimerEvent: {}
[8.466473] (-) TimerEvent: {}
[8.524226] (rplidar_ros) StdoutLine: {'line': b'[  2%] \x1b[32mBuilding CXX object CMakeFiles/rplidar_node.dir/src/rplidar_node.cpp.o\x1b[0m\n'}
[8.527475] (rplidar_ros) StdoutLine: {'line': b'[  5%] \x1b[32mBuilding CXX object CMakeFiles/rplidar_node.dir/sdk/src/arch/linux/net_serial.cpp.o\x1b[0m\n'}
[8.566698] (-) TimerEvent: {}
[8.668657] (-) TimerEvent: {}
[8.769513] (-) TimerEvent: {}
[8.871628] (-) TimerEvent: {}
[8.974630] (-) TimerEvent: {}
[9.075379] (-) TimerEvent: {}
[9.176187] (-) TimerEvent: {}
[9.276979] (-) TimerEvent: {}
[9.379696] (-) TimerEvent: {}
[9.480534] (-) TimerEvent: {}
[9.581640] (-) TimerEvent: {}
[9.602448] (photon_flight_db_internet) StdoutLine: {'line': b'running develop\n'}
[9.681867] (-) TimerEvent: {}
[9.767651] (photon_flight_camera) StdoutLine: {'line': b'running develop\n'}
[9.782065] (-) TimerEvent: {}
[9.883676] (-) TimerEvent: {}
[9.985647] (-) TimerEvent: {}
[10.086457] (-) TimerEvent: {}
[10.188477] (-) TimerEvent: {}
[10.289294] (-) TimerEvent: {}
[10.391689] (-) TimerEvent: {}
[10.492656] (-) TimerEvent: {}
[10.595657] (-) TimerEvent: {}
[10.696445] (-) TimerEvent: {}
[10.797214] (-) TimerEvent: {}
[10.812543] (photon_flight_db_internet) StdoutLine: {'line': b'running egg_info\n'}
[10.897456] (-) TimerEvent: {}
[10.956972] (photon_flight_db_internet) StdoutLine: {'line': b'creating photon_flight_db_internet.egg-info\n'}
[10.958307] (photon_flight_db_internet) StdoutLine: {'line': b'writing photon_flight_db_internet.egg-info/PKG-INFO\n'}
[10.960975] (photon_flight_db_internet) StdoutLine: {'line': b'writing dependency_links to photon_flight_db_internet.egg-info/dependency_links.txt\n'}
[10.963002] (photon_flight_db_internet) StdoutLine: {'line': b'writing requirements to photon_flight_db_internet.egg-info/requires.txt\n'}
[10.964677] (photon_flight_db_internet) StdoutLine: {'line': b'writing top-level names to photon_flight_db_internet.egg-info/top_level.txt\n'}
[10.968460] (photon_flight_db_internet) StdoutLine: {'line': b"writing manifest file 'photon_flight_db_internet.egg-info/SOURCES.txt'\n"}
[10.985382] (photon_flight_camera) StdoutLine: {'line': b'running egg_info\n'}
[10.997660] (-) TimerEvent: {}
[11.014057] (rplidar_ros) StderrLine: {'line': b'\x1b[01m\x1b[K/home/punished_venom/DroneControls/src/rplidar_ros/sdk/src/arch/linux/net_serial.cpp:\x1b[m\x1b[K In member function \xe2\x80\x98\x1b[01m\x1b[Kbool rp::arch::net::raw_serial::\x1b[01;32m\x1b[Kopen\x1b[m\x1b[K(const char*, uint32_t, uint32_t)\x1b[m\x1b[K\xe2\x80\x99:\n'}
[11.014776] (rplidar_ros) StderrLine: {'line': b'\x1b[01m\x1b[K/home/punished_venom/DroneControls/src/rplidar_ros/sdk/src/arch/linux/net_serial.cpp:97:74:\x1b[m\x1b[K \x1b[01;35m\x1b[Kwarning: \x1b[m\x1b[Kunused parameter \xe2\x80\x98\x1b[01m\x1b[Kflags\x1b[m\x1b[K\xe2\x80\x99 [\x1b[01;35m\x1b[K-Wunused-parameter\x1b[m\x1b[K]\n'}
[11.016817] (rplidar_ros) StderrLine: {'line': b'   97 | bool raw_serial::open(const char * portname, uint32_t baudrate, \x1b[01;35m\x1b[Kuint32_t flags\x1b[m\x1b[K)\n'}
[11.018712] (rplidar_ros) StderrLine: {'line': b'      |                                                                 \x1b[01;35m\x1b[K~~~~~~~~~^~~~~\x1b[m\x1b[K\n'}
[11.019305] (rplidar_ros) StderrLine: {'line': b'\x1b[01m\x1b[K/home/punished_venom/DroneControls/src/rplidar_ros/sdk/src/arch/linux/net_serial.cpp:\x1b[m\x1b[K In member function \xe2\x80\x98\x1b[01m\x1b[Kvirtual void rp::arch::net::raw_serial::\x1b[01;32m\x1b[Kflush\x1b[m\x1b[K(_u32)\x1b[m\x1b[K\xe2\x80\x99:\n'}
[11.019901] (rplidar_ros) StderrLine: {'line': b'\x1b[01m\x1b[K/home/punished_venom/DroneControls/src/rplidar_ros/sdk/src/arch/linux/net_serial.cpp:281:30:\x1b[m\x1b[K \x1b[01;35m\x1b[Kwarning: \x1b[m\x1b[Kunused parameter \xe2\x80\x98\x1b[01m\x1b[Kflags\x1b[m\x1b[K\xe2\x80\x99 [\x1b[01;35m\x1b[K-Wunused-parameter\x1b[m\x1b[K]\n'}
[11.022485] (rplidar_ros) StderrLine: {'line': b'  281 | void raw_serial::flush( \x1b[01;35m\x1b[K_u32 flags\x1b[m\x1b[K)\n'}
[11.023049] (rplidar_ros) StderrLine: {'line': b'      |                         \x1b[01;35m\x1b[K~~~~~^~~~~\x1b[m\x1b[K\n'}
[11.026660] (rplidar_ros) StderrLine: {'line': b'\x1b[01m\x1b[K/home/punished_venom/DroneControls/src/rplidar_ros/sdk/src/arch/linux/net_serial.cpp:\x1b[m\x1b[K In member function \xe2\x80\x98\x1b[01m\x1b[Kvirtual int rp::arch::net::raw_serial::\x1b[01;32m\x1b[Kwaitforsent\x1b[m\x1b[K(_u32, size_t*)\x1b[m\x1b[K\xe2\x80\x99:\n'}
[11.027142] (rplidar_ros) StderrLine: {'line': b'\x1b[01m\x1b[K/home/punished_venom/DroneControls/src/rplidar_ros/sdk/src/arch/linux/net_serial.cpp:286:34:\x1b[m\x1b[K \x1b[01;35m\x1b[Kwarning: \x1b[m\x1b[Kunused parameter \xe2\x80\x98\x1b[01m\x1b[Ktimeout\x1b[m\x1b[K\xe2\x80\x99 [\x1b[01;35m\x1b[K-Wunused-parameter\x1b[m\x1b[K]\n'}
[11.027688] (rplidar_ros) StderrLine: {'line': b'  286 | int raw_serial::waitforsent(\x1b[01;35m\x1b[K_u32 timeout\x1b[m\x1b[K, size_t * returned_size)\n'}
[11.028164] (rplidar_ros) StderrLine: {'line': b'      |                             \x1b[01;35m\x1b[K~~~~~^~~~~~~\x1b[m\x1b[K\n'}
[11.028903] (rplidar_ros) StderrLine: {'line': b'\x1b[01m\x1b[K/home/punished_venom/DroneControls/src/rplidar_ros/sdk/src/arch/linux/net_serial.cpp:\x1b[m\x1b[K In member function \xe2\x80\x98\x1b[01m\x1b[Kvirtual int rp::arch::net::raw_serial::\x1b[01;32m\x1b[Kwaitforrecv\x1b[m\x1b[K(_u32, size_t*)\x1b[m\x1b[K\xe2\x80\x99:\n'}
[11.035177] (rplidar_ros) StderrLine: {'line': b'\x1b[01m\x1b[K/home/punished_venom/DroneControls/src/rplidar_ros/sdk/src/arch/linux/net_serial.cpp:292:34:\x1b[m\x1b[K \x1b[01;35m\x1b[Kwarning: \x1b[m\x1b[Kunused parameter \xe2\x80\x98\x1b[01m\x1b[Ktimeout\x1b[m\x1b[K\xe2\x80\x99 [\x1b[01;35m\x1b[K-Wunused-parameter\x1b[m\x1b[K]\n'}
[11.037420] (rplidar_ros) StderrLine: {'line': b'  292 | int raw_serial::waitforrecv(\x1b[01;35m\x1b[K_u32 timeout\x1b[m\x1b[K, size_t * returned_size)\n'}
[11.037949] (rplidar_ros) StderrLine: {'line': b'      |                             \x1b[01;35m\x1b[K~~~~~^~~~~~~\x1b[m\x1b[K\n'}
[11.038423] (rplidar_ros) StderrLine: {'line': b'\x1b[01m\x1b[K/home/punished_venom/DroneControls/src/rplidar_ros/sdk/src/arch/linux/net_serial.cpp:\x1b[m\x1b[K In member function \xe2\x80\x98\x1b[01m\x1b[Kvirtual void rp::arch::net::raw_serial::\x1b[01;32m\x1b[KcancelOperation\x1b[m\x1b[K()\x1b[m\x1b[K\xe2\x80\x99:\n'}
[11.038940] (rplidar_ros) StderrLine: {'line': b'\x1b[01m\x1b[K/home/punished_venom/DroneControls/src/rplidar_ros/sdk/src/arch/linux/net_serial.cpp:427:5:\x1b[m\x1b[K \x1b[01;35m\x1b[Kwarning: \x1b[m\x1b[Kvalue computed is not used [\x1b[01;35m\x1b[K-Wunused-value\x1b[m\x1b[K]\n'}
[11.041412] (rplidar_ros) StderrLine: {'line': b'  427 |     \x1b[01;35m\x1b[K(int)::write(_selfpipe[1], "x", 1)\x1b[m\x1b[K;\n'}
[11.042014] (rplidar_ros) StderrLine: {'line': b'      |     \x1b[01;35m\x1b[K^~~~~~~~~~~~~~~~~~~~~~~~~~~~~~~~~~\x1b[m\x1b[K\n'}
[11.098470] (-) TimerEvent: {}
[11.146429] (photon_flight_camera) StdoutLine: {'line': b'creating photon_flight_camera.egg-info\n'}
[11.148267] (photon_flight_camera) StdoutLine: {'line': b'writing photon_flight_camera.egg-info/PKG-INFO\n'}
[11.153454] (photon_flight_camera) StdoutLine: {'line': b'writing dependency_links to photon_flight_camera.egg-info/dependency_links.txt\n'}
[11.156473] (photon_flight_camera) StdoutLine: {'line': b'writing requirements to photon_flight_camera.egg-info/requires.txt\n'}
[11.157090] (photon_flight_camera) StdoutLine: {'line': b'writing top-level names to photon_flight_camera.egg-info/top_level.txt\n'}
[11.161469] (photon_flight_camera) StdoutLine: {'line': b"writing manifest file 'photon_flight_camera.egg-info/SOURCES.txt'\n"}
[11.198646] (-) TimerEvent: {}
[11.251049] (photon_flight_db_internet) StdoutLine: {'line': b"reading manifest file 'photon_flight_db_internet.egg-info/SOURCES.txt'\n"}
[11.255526] (photon_flight_db_internet) StdoutLine: {'line': b"writing manifest file 'photon_flight_db_internet.egg-info/SOURCES.txt'\n"}
[11.298844] (-) TimerEvent: {}
[11.402622] (photon_flight_db_internet) StdoutLine: {'line': b'running build_ext\n'}
[11.403246] (-) TimerEvent: {}
[11.404538] (photon_flight_db_internet) StdoutLine: {'line': b'Creating /home/punished_venom/DroneControls/install/photon_flight_db_internet/lib/python3.14/site-packages/photon-flight-db-internet.egg-link (link to .)\n'}
[11.408463] (photon_flight_db_internet) StdoutLine: {'line': b'\n'}
[11.409042] (photon_flight_db_internet) StdoutLine: {'line': b'Installed /home/punished_venom/DroneControls/build/photon_flight_db_internet\n'}
[11.409536] (photon_flight_db_internet) StdoutLine: {'line': b'running symlink_data\n'}
[11.503572] (-) TimerEvent: {}
[11.518169] (photon_flight_camera) StdoutLine: {'line': b"reading manifest file 'photon_flight_camera.egg-info/SOURCES.txt'\n"}
[11.524076] (photon_flight_camera) StdoutLine: {'line': b"writing manifest file 'photon_flight_camera.egg-info/SOURCES.txt'\n"}
[11.603964] (-) TimerEvent: {}
[11.687875] (photon_flight_db_internet) CommandEnded: {'returncode': 0}
[11.704438] (-) TimerEvent: {}
[11.751886] (photon_flight_db_internet) JobEnded: {'identifier': 'photon_flight_db_internet', 'rc': 0}
[11.757056] (photon_flight_camera) StdoutLine: {'line': b'running build_ext\n'}
[11.758177] (photon_flight_camera) StdoutLine: {'line': b'Creating /home/punished_venom/DroneControls/install/photon_flight_camera/lib/python3.14/site-packages/photon-flight-camera.egg-link (link to .)\n'}
[11.762566] (photon_flight_camera) StdoutLine: {'line': b'\n'}
[11.763216] (photon_flight_camera) StdoutLine: {'line': b'Installed /home/punished_venom/DroneControls/build/photon_flight_camera\n'}
[11.764568] (photon_flight_camera) StdoutLine: {'line': b'running symlink_data\n'}
[11.805804] (-) TimerEvent: {}
[11.873893] (rplidar_ros) StdoutLine: {'line': b'[  7%] \x1b[32mBuilding CXX object CMakeFiles/rplidar_node.dir/sdk/src/arch/linux/net_socket.cpp.o\x1b[0m\n'}
[11.906131] (-) TimerEvent: {}
[12.003584] (photon_flight_camera) CommandEnded: {'returncode': 0}
[12.006926] (-) TimerEvent: {}
[12.056691] (photon_flight_camera) JobEnded: {'identifier': 'photon_flight_camera', 'rc': 0}
[12.107103] (-) TimerEvent: {}
[12.207719] (-) TimerEvent: {}
[12.308416] (-) TimerEvent: {}
[12.409053] (-) TimerEvent: {}
[12.509723] (-) TimerEvent: {}
[12.610406] (-) TimerEvent: {}
[12.711067] (-) TimerEvent: {}
[12.811808] (-) TimerEvent: {}
[12.912517] (-) TimerEvent: {}
[13.013182] (-) TimerEvent: {}
[13.113889] (-) TimerEvent: {}
[13.214630] (-) TimerEvent: {}
[13.315285] (-) TimerEvent: {}
[13.415944] (-) TimerEvent: {}
[13.516661] (-) TimerEvent: {}
[13.617349] (-) TimerEvent: {}
[13.639799] (rplidar_ros) StderrLine: {'line': b'In file included from \x1b[01m\x1b[K/home/punished_venom/DroneControls/src/rplidar_ros/sdk/include/rplidar_protocol.h:36\x1b[m\x1b[K,\n'}
[13.640417] (rplidar_ros) StderrLine: {'line': b'                 from \x1b[01m\x1b[K/home/punished_venom/DroneControls/src/rplidar_ros/sdk/include/rplidar.h:39\x1b[m\x1b[K,\n'}
[13.640861] (rplidar_ros) StderrLine: {'line': b'                 from \x1b[01m\x1b[K/home/punished_venom/DroneControls/src/rplidar_ros/sdk/src/sdkcommon.h:49\x1b[m\x1b[K,\n'}
[13.641186] (rplidar_ros) StderrLine: {'line': b'                 from \x1b[01m\x1b[K/home/punished_venom/DroneControls/src/rplidar_ros/sdk/src/arch/linux/net_socket.cpp:10\x1b[m\x1b[K:\n'}
[13.641727] (rplidar_ros) StderrLine: {'line': b'\x1b[01m\x1b[K/home/punished_venom/DroneControls/src/rplidar_ros/sdk/include/sl_lidar_protocol.h:66:16:\x1b[m\x1b[K \x1b[01;35m\x1b[Kwarning: \x1b[m\x1b[KISO C++ forbids zero-size array \xe2\x80\x98\x1b[01m\x1b[Kdata\x1b[m\x1b[K\xe2\x80\x99 [\x1b[01;35m\x1b[K-Wpedantic\x1b[m\x1b[K]\n'}
[13.642279] (rplidar_ros) StderrLine: {'line': b'   66 |     sl_u8 data[\x1b[01;35m\x1b[K0\x1b[m\x1b[K];\n'}
[13.642702] (rplidar_ros) StderrLine: {'line': b'      |                \x1b[01;35m\x1b[K^\x1b[m\x1b[K\n'}
[13.643117] (rplidar_ros) StderrLine: {'line': b'In file included from \x1b[01m\x1b[K/home/punished_venom/DroneControls/src/rplidar_ros/sdk/include/rplidar_cmd.h:36\x1b[m\x1b[K,\n'}
[13.643674] (rplidar_ros) StderrLine: {'line': b'                 from \x1b[01m\x1b[K/home/punished_venom/DroneControls/src/rplidar_ros/sdk/include/rplidar.h:40\x1b[m\x1b[K:\n'}
[13.644062] (rplidar_ros) StderrLine: {'line': b'\x1b[01m\x1b[K/home/punished_venom/DroneControls/src/rplidar_ros/sdk/include/sl_lidar_cmd.h:324:20:\x1b[m\x1b[K \x1b[01;35m\x1b[Kwarning: \x1b[m\x1b[KISO C++ forbids zero-size array \xe2\x80\x98\x1b[01m\x1b[Kpayload\x1b[m\x1b[K\xe2\x80\x99 [\x1b[01;35m\x1b[K-Wpedantic\x1b[m\x1b[K]\n'}
[13.644457] (rplidar_ros) StderrLine: {'line': b'  324 |     sl_u8  payload[\x1b[01;35m\x1b[K0\x1b[m\x1b[K];\n'}
[13.644813] (rplidar_ros) StderrLine: {'line': b'      |                    \x1b[01;35m\x1b[K^\x1b[m\x1b[K\n'}
[13.717503] (-) TimerEvent: {}
[13.791103] (rplidar_ros) StderrLine: {'line': b'In file included from \x1b[01m\x1b[K/home/punished_venom/DroneControls/src/rplidar_ros/sdk/src/arch/linux/arch_linux.h:42\x1b[m\x1b[K,\n'}
[13.791749] (rplidar_ros) StderrLine: {'line': b'                 from \x1b[01m\x1b[K/home/punished_venom/DroneControls/src/rplidar_ros/sdk/src/sdkcommon.h:41\x1b[m\x1b[K:\n'}
[13.792142] (rplidar_ros) StderrLine: {'line': b'\x1b[01m\x1b[K/home/punished_venom/DroneControls/src/rplidar_ros/sdk/src/arch/linux/net_socket.cpp:\x1b[m\x1b[K In member function \xe2\x80\x98\x1b[01m\x1b[Kvirtual u_result rp::arch::net::DGramSocketImpl::\x1b[01;32m\x1b[KsendTo\x1b[m\x1b[K(const rp::net::SocketAddress*, const void*, size_t)\x1b[m\x1b[K\xe2\x80\x99:\n'}
[13.792550] (rplidar_ros) StderrLine: {'line': b'\x1b[01m\x1b[K/home/punished_venom/DroneControls/src/rplidar_ros/sdk/src/arch/linux/net_socket.cpp:733:24:\x1b[m\x1b[K \x1b[01;35m\x1b[Kwarning: \x1b[m\x1b[Kcomparison of integer expressions of different signedness: \xe2\x80\x98\x1b[01m\x1b[Kint\x1b[m\x1b[K\xe2\x80\x99 and \xe2\x80\x98\x1b[01m\x1b[Ksize_t\x1b[m\x1b[K\xe2\x80\x99 {aka \xe2\x80\x98\x1b[01m\x1b[Klong unsigned int\x1b[m\x1b[K\xe2\x80\x99} [\x1b[01;35m\x1b[K-Wsign-compare\x1b[m\x1b[K]\n'}
[13.792880] (rplidar_ros) StderrLine: {'line': b'  733 |             assert(\x1b[01;35m\x1b[Kans == len\x1b[m\x1b[K);\n'}
[13.793166] (rplidar_ros) StderrLine: {'line': b'      |                    \x1b[01;35m\x1b[K~~~~^~~~~~\x1b[m\x1b[K\n'}
[13.817665] (-) TimerEvent: {}
[13.918298] (-) TimerEvent: {}
[14.018983] (-) TimerEvent: {}
[14.119708] (-) TimerEvent: {}
[14.220425] (-) TimerEvent: {}
[14.321118] (-) TimerEvent: {}
[14.421857] (-) TimerEvent: {}
[14.522787] (-) TimerEvent: {}
[14.590730] (rplidar_ros) StdoutLine: {'line': b'[ 10%] \x1b[32mBuilding CXX object CMakeFiles/rplidar_node.dir/sdk/src/arch/linux/timer.cpp.o\x1b[0m\n'}
[14.623034] (-) TimerEvent: {}
[14.723745] (-) TimerEvent: {}
[14.824445] (-) TimerEvent: {}
[14.925100] (-) TimerEvent: {}
[15.025753] (-) TimerEvent: {}
[15.126433] (-) TimerEvent: {}
[15.227078] (-) TimerEvent: {}
[15.327810] (-) TimerEvent: {}
[15.428512] (-) TimerEvent: {}
[15.529165] (-) TimerEvent: {}
[15.629857] (-) TimerEvent: {}
[15.730580] (-) TimerEvent: {}
[15.831245] (-) TimerEvent: {}
[15.931963] (-) TimerEvent: {}
[16.032797] (-) TimerEvent: {}
[16.134998] (-) TimerEvent: {}
[16.235747] (-) TimerEvent: {}
[16.336558] (-) TimerEvent: {}
[16.437238] (-) TimerEvent: {}
[16.538002] (-) TimerEvent: {}
[16.616293] (rplidar_ros) StdoutLine: {'line': b'[ 13%] \x1b[32mBuilding CXX object CMakeFiles/rplidar_node.dir/sdk/src/dataunpacker/dataunpacker.cpp.o\x1b[0m\n'}
[16.638223] (-) TimerEvent: {}
[16.738920] (-) TimerEvent: {}
[16.839672] (-) TimerEvent: {}
[16.940530] (-) TimerEvent: {}
[17.041131] (-) TimerEvent: {}
[17.141820] (-) TimerEvent: {}
[17.242491] (-) TimerEvent: {}
[17.343133] (-) TimerEvent: {}
[17.443866] (-) TimerEvent: {}
[17.544590] (-) TimerEvent: {}
[17.645245] (-) TimerEvent: {}
[17.745951] (-) TimerEvent: {}
[17.846652] (-) TimerEvent: {}
[17.947394] (-) TimerEvent: {}
[18.048104] (-) TimerEvent: {}
[18.148869] (-) TimerEvent: {}
[18.249555] (-) TimerEvent: {}
[18.350207] (-) TimerEvent: {}
[18.450928] (-) TimerEvent: {}
[18.454615] (rplidar_ros) StderrLine: {'line': b'In file included from \x1b[01m\x1b[K/home/punished_venom/DroneControls/src/rplidar_ros/sdk/include/rplidar_protocol.h:36\x1b[m\x1b[K,\n'}
[18.455183] (rplidar_ros) StderrLine: {'line': b'                 from \x1b[01m\x1b[K/home/punished_venom/DroneControls/src/rplidar_ros/sdk/include/rplidar.h:39\x1b[m\x1b[K,\n'}
[18.455788] (rplidar_ros) StderrLine: {'line': b'                 from \x1b[01m\x1b[K/home/punished_venom/DroneControls/src/rplidar_ros/sdk/src/sdkcommon.h:49\x1b[m\x1b[K,\n'}
[18.456157] (rplidar_ros) StderrLine: {'line': b'                 from \x1b[01m\x1b[K/home/punished_venom/DroneControls/src/rplidar_ros/sdk/src/dataunpacker/dataunnpacker_commondef.h:41\x1b[m\x1b[K,\n'}
[18.456778] (rplidar_ros) StderrLine: {'line': b'                 from \x1b[01m\x1b[K/home/punished_venom/DroneControls/src/rplidar_ros/sdk/src/dataunpacker/dataunpacker.cpp:39\x1b[m\x1b[K:\n'}
[18.457273] (rplidar_ros) StderrLine: {'line': b'\x1b[01m\x1b[K/home/punished_venom/DroneControls/src/rplidar_ros/sdk/include/sl_lidar_protocol.h:66:16:\x1b[m\x1b[K \x1b[01;35m\x1b[Kwarning: \x1b[m\x1b[KISO C++ forbids zero-size array \xe2\x80\x98\x1b[01m\x1b[Kdata\x1b[m\x1b[K\xe2\x80\x99 [\x1b[01;35m\x1b[K-Wpedantic\x1b[m\x1b[K]\n'}
[18.457776] (rplidar_ros) StderrLine: {'line': b'   66 |     sl_u8 data[\x1b[01;35m\x1b[K0\x1b[m\x1b[K];\n'}
[18.458153] (rplidar_ros) StderrLine: {'line': b'      |                \x1b[01;35m\x1b[K^\x1b[m\x1b[K\n'}
[18.458594] (rplidar_ros) StderrLine: {'line': b'In file included from \x1b[01m\x1b[K/home/punished_venom/DroneControls/src/rplidar_ros/sdk/include/rplidar_cmd.h:36\x1b[m\x1b[K,\n'}
[18.458973] (rplidar_ros) StderrLine: {'line': b'                 from \x1b[01m\x1b[K/home/punished_venom/DroneControls/src/rplidar_ros/sdk/include/rplidar.h:40\x1b[m\x1b[K:\n'}
[18.459669] (rplidar_ros) StderrLine: {'line': b'\x1b[01m\x1b[K/home/punished_venom/DroneControls/src/rplidar_ros/sdk/include/sl_lidar_cmd.h:324:20:\x1b[m\x1b[K \x1b[01;35m\x1b[Kwarning: \x1b[m\x1b[KISO C++ forbids zero-size array \xe2\x80\x98\x1b[01m\x1b[Kpayload\x1b[m\x1b[K\xe2\x80\x99 [\x1b[01;35m\x1b[K-Wpedantic\x1b[m\x1b[K]\n'}
[18.460046] (rplidar_ros) StderrLine: {'line': b'  324 |     sl_u8  payload[\x1b[01;35m\x1b[K0\x1b[m\x1b[K];\n'}
[18.460493] (rplidar_ros) StderrLine: {'line': b'      |                    \x1b[01;35m\x1b[K^\x1b[m\x1b[K\n'}
[18.551119] (-) TimerEvent: {}
[18.651816] (-) TimerEvent: {}
[18.752479] (-) TimerEvent: {}
[18.853141] (-) TimerEvent: {}
[18.944743] (rplidar_ros) StderrLine: {'line': b'In file included from \x1b[01m\x1b[K/home/punished_venom/DroneControls/src/rplidar_ros/sdk/src/dataunpacker/dataunpacker.cpp:40\x1b[m\x1b[K:\n'}
[18.945353] (rplidar_ros) StderrLine: {'line': b'\x1b[01m\x1b[K/home/punished_venom/DroneControls/src/rplidar_ros/sdk/src/dataunpacker/dataunpacker.h:\x1b[m\x1b[K In member function \xe2\x80\x98\x1b[01m\x1b[Kvirtual void sl::internal::LIDARSampleDataListener::\x1b[01;32m\x1b[KonCustomSampleDataDecoded\x1b[m\x1b[K(_u8, _u32, const void*, size_t)\x1b[m\x1b[K\xe2\x80\x99:\n'}
[18.945854] (rplidar_ros) StderrLine: {'line': b'\x1b[01m\x1b[K/home/punished_venom/DroneControls/src/rplidar_ros/sdk/src/dataunpacker/dataunpacker.h:54:52:\x1b[m\x1b[K \x1b[01;35m\x1b[Kwarning: \x1b[m\x1b[Kunused parameter \xe2\x80\x98\x1b[01m\x1b[KansType\x1b[m\x1b[K\xe2\x80\x99 [\x1b[01;35m\x1b[K-Wunused-parameter\x1b[m\x1b[K]\n'}
[18.946283] (rplidar_ros) StderrLine: {'line': b'   54 |         virtual void onCustomSampleDataDecoded(\x1b[01;35m\x1b[K_u8 ansType\x1b[m\x1b[K, _u32 customCode, const void* data, size_t size) {}\n'}
[18.947253] (rplidar_ros) StderrLine: {'line': b'      |                                                \x1b[01;35m\x1b[K~~~~^~~~~~~\x1b[m\x1b[K\n'}
[18.947785] (rplidar_ros) StderrLine: {'line': b'\x1b[01m\x1b[K/home/punished_venom/DroneControls/src/rplidar_ros/sdk/src/dataunpacker/dataunpacker.h:54:66:\x1b[m\x1b[K \x1b[01;35m\x1b[Kwarning: \x1b[m\x1b[Kunused parameter \xe2\x80\x98\x1b[01m\x1b[KcustomCode\x1b[m\x1b[K\xe2\x80\x99 [\x1b[01;35m\x1b[K-Wunused-parameter\x1b[m\x1b[K]\n'}
[18.948584] (rplidar_ros) StderrLine: {'line': b'   54 |         virtual void onCustomSampleDataDecoded(_u8 ansType, \x1b[01;35m\x1b[K_u32 customCode\x1b[m\x1b[K, const void* data, size_t size) {}\n'}
[18.949471] (rplidar_ros) StderrLine: {'line': b'      |                                                             \x1b[01;35m\x1b[K~~~~~^~~~~~~~~~\x1b[m\x1b[K\n'}
[18.950422] (rplidar_ros) StderrLine: {'line': b'\x1b[01m\x1b[K/home/punished_venom/DroneControls/src/rplidar_ros/sdk/src/dataunpacker/dataunpacker.h:54:90:\x1b[m\x1b[K \x1b[01;35m\x1b[Kwarning: \x1b[m\x1b[Kunused parameter \xe2\x80\x98\x1b[01m\x1b[Kdata\x1b[m\x1b[K\xe2\x80\x99 [\x1b[01;35m\x1b[K-Wunused-parameter\x1b[m\x1b[K]\n'}
[18.951469] (rplidar_ros) StderrLine: {'line': b'   54 |         virtual void onCustomSampleDataDecoded(_u8 ansType, _u32 customCode, \x1b[01;35m\x1b[Kconst void* data\x1b[m\x1b[K, size_t size) {}\n'}
[18.952508] (rplidar_ros) StderrLine: {'line': b'      |                                                                              \x1b[01;35m\x1b[K~~~~~~~~~~~~^~~~\x1b[m\x1b[K\n'}
[18.953266] (-) TimerEvent: {}
[18.953968] (rplidar_ros) StderrLine: {'line': b'\x1b[01m\x1b[K/home/punished_venom/DroneControls/src/rplidar_ros/sdk/src/dataunpacker/dataunpacker.h:54:103:\x1b[m\x1b[K \x1b[01;35m\x1b[Kwarning: \x1b[m\x1b[Kunused parameter \xe2\x80\x98\x1b[01m\x1b[Ksize\x1b[m\x1b[K\xe2\x80\x99 [\x1b[01;35m\x1b[K-Wunused-parameter\x1b[m\x1b[K]\n'}
[18.955201] (rplidar_ros) StderrLine: {'line': b'   54 |         virtual void onCustomSampleDataDecoded(_u8 ansType, _u32 customCode, const void* data, \x1b[01;35m\x1b[Ksize_t size\x1b[m\x1b[K) {}\n'}
[18.956595] (rplidar_ros) StderrLine: {'line': b'      |                                                                                                \x1b[01;35m\x1b[K~~~~~~~^~~~\x1b[m\x1b[K\n'}
[18.957476] (rplidar_ros) StderrLine: {'line': b'\x1b[01m\x1b[K/home/punished_venom/DroneControls/src/rplidar_ros/sdk/src/dataunpacker/dataunpacker.h:\x1b[m\x1b[K In member function \xe2\x80\x98\x1b[01m\x1b[Kvirtual void sl::internal::LIDARSampleDataListener::\x1b[01;32m\x1b[KonDecodingError\x1b[m\x1b[K(int, _u8, const void*, size_t)\x1b[m\x1b[K\xe2\x80\x99:\n'}
[18.958020] (rplidar_ros) StderrLine: {'line': b'\x1b[01m\x1b[K/home/punished_venom/DroneControls/src/rplidar_ros/sdk/src/dataunpacker/dataunpacker.h:56:42:\x1b[m\x1b[K \x1b[01;35m\x1b[Kwarning: \x1b[m\x1b[Kunused parameter \xe2\x80\x98\x1b[01m\x1b[KerrMsg\x1b[m\x1b[K\xe2\x80\x99 [\x1b[01;35m\x1b[K-Wunused-parameter\x1b[m\x1b[K]\n'}
[18.958519] (rplidar_ros) StderrLine: {'line': b'   56 |         virtual void onDecodingError(\x1b[01;35m\x1b[Kint errMsg\x1b[m\x1b[K, _u8 ansType, const void* payload, size_t size) {}\n'}
[18.959172] (rplidar_ros) StderrLine: {'line': b'      |                                      \x1b[01;35m\x1b[K~~~~^~~~~~\x1b[m\x1b[K\n'}
[18.959796] (rplidar_ros) StderrLine: {'line': b'\x1b[01m\x1b[K/home/punished_venom/DroneControls/src/rplidar_ros/sdk/src/dataunpacker/dataunpacker.h:56:54:\x1b[m\x1b[K \x1b[01;35m\x1b[Kwarning: \x1b[m\x1b[Kunused parameter \xe2\x80\x98\x1b[01m\x1b[KansType\x1b[m\x1b[K\xe2\x80\x99 [\x1b[01;35m\x1b[K-Wunused-parameter\x1b[m\x1b[K]\n'}
[18.960166] (rplidar_ros) StderrLine: {'line': b'   56 |         virtual void onDecodingError(int errMsg, \x1b[01;35m\x1b[K_u8 ansType\x1b[m\x1b[K, const void* payload, size_t size) {}\n'}
[18.960762] (rplidar_ros) StderrLine: {'line': b'      |                                                  \x1b[01;35m\x1b[K~~~~^~~~~~~\x1b[m\x1b[K\n'}
[18.961137] (rplidar_ros) StderrLine: {'line': b'\x1b[01m\x1b[K/home/punished_venom/DroneControls/src/rplidar_ros/sdk/src/dataunpacker/dataunpacker.h:56:75:\x1b[m\x1b[K \x1b[01;35m\x1b[Kwarning: \x1b[m\x1b[Kunused parameter \xe2\x80\x98\x1b[01m\x1b[Kpayload\x1b[m\x1b[K\xe2\x80\x99 [\x1b[01;35m\x1b[K-Wunused-parameter\x1b[m\x1b[K]\n'}
[18.961664] (rplidar_ros) StderrLine: {'line': b'   56 |         virtual void onDecodingError(int errMsg, _u8 ansType, \x1b[01;35m\x1b[Kconst void* payload\x1b[m\x1b[K, size_t size) {}\n'}
[18.962074] (rplidar_ros) StderrLine: {'line': b'      |                                                               \x1b[01;35m\x1b[K~~~~~~~~~~~~^~~~~~~\x1b[m\x1b[K\n'}
[18.962577] (rplidar_ros) StderrLine: {'line': b'\x1b[01m\x1b[K/home/punished_venom/DroneControls/src/rplidar_ros/sdk/src/dataunpacker/dataunpacker.h:56:91:\x1b[m\x1b[K \x1b[01;35m\x1b[Kwarning: \x1b[m\x1b[Kunused parameter \xe2\x80\x98\x1b[01m\x1b[Ksize\x1b[m\x1b[K\xe2\x80\x99 [\x1b[01;35m\x1b[K-Wunused-parameter\x1b[m\x1b[K]\n'}
[18.962950] (rplidar_ros) StderrLine: {'line': b'   56 |         virtual void onDecodingError(int errMsg, _u8 ansType, const void* payload, \x1b[01;35m\x1b[Ksize_t size\x1b[m\x1b[K) {}\n'}
[18.963247] (rplidar_ros) StderrLine: {'line': b'      |                                                                                    \x1b[01;35m\x1b[K~~~~~~~^~~~\x1b[m\x1b[K\n'}
[19.053479] (-) TimerEvent: {}
[19.154166] (-) TimerEvent: {}
[19.254929] (-) TimerEvent: {}
[19.355717] (-) TimerEvent: {}
[19.456518] (-) TimerEvent: {}
[19.557398] (-) TimerEvent: {}
[19.658134] (-) TimerEvent: {}
[19.758893] (-) TimerEvent: {}
[19.782344] (rplidar_ros) StderrLine: {'line': b'In file included from \x1b[01m\x1b[K/home/punished_venom/DroneControls/src/rplidar_ros/sdk/include/sl_lidar_cmd.h:41\x1b[m\x1b[K,\n'}
[19.782904] (rplidar_ros) StderrLine: {'line': b'                 from \x1b[01m\x1b[K/home/punished_venom/DroneControls/src/rplidar_ros/sdk/include/sl_lidar_driver.h:54\x1b[m\x1b[K,\n'}
[19.783230] (rplidar_ros) StderrLine: {'line': b'                 from \x1b[01m\x1b[K/home/punished_venom/DroneControls/src/rplidar_ros/sdk/include/sl_lidar.h:36\x1b[m\x1b[K,\n'}
[19.783639] (rplidar_ros) StderrLine: {'line': b'                 from \x1b[01m\x1b[K/home/punished_venom/DroneControls/src/rplidar_ros/src/rplidar_node.cpp:38\x1b[m\x1b[K:\n'}
[19.783976] (rplidar_ros) StderrLine: {'line': b'\x1b[01m\x1b[K/home/punished_venom/DroneControls/src/rplidar_ros/sdk/include/sl_lidar_protocol.h:66:16:\x1b[m\x1b[K \x1b[01;35m\x1b[Kwarning: \x1b[m\x1b[KISO C++ forbids zero-size array \xe2\x80\x98\x1b[01m\x1b[Kdata\x1b[m\x1b[K\xe2\x80\x99 [\x1b[01;35m\x1b[K-Wpedantic\x1b[m\x1b[K]\n'}
[19.784309] (rplidar_ros) StderrLine: {'line': b'   66 |     sl_u8 data[\x1b[01;35m\x1b[K0\x1b[m\x1b[K];\n'}
[19.784968] (rplidar_ros) StderrLine: {'line': b'      |                \x1b[01;35m\x1b[K^\x1b[m\x1b[K\n'}
[19.785495] (rplidar_ros) StderrLine: {'line': b'\x1b[01m\x1b[K/home/punished_venom/DroneControls/src/rplidar_ros/sdk/include/sl_lidar_cmd.h:324:20:\x1b[m\x1b[K \x1b[01;35m\x1b[Kwarning: \x1b[m\x1b[KISO C++ forbids zero-size array \xe2\x80\x98\x1b[01m\x1b[Kpayload\x1b[m\x1b[K\xe2\x80\x99 [\x1b[01;35m\x1b[K-Wpedantic\x1b[m\x1b[K]\n'}
[19.785960] (rplidar_ros) StderrLine: {'line': b'  324 |     sl_u8  payload[\x1b[01;35m\x1b[K0\x1b[m\x1b[K];\n'}
[19.786305] (rplidar_ros) StderrLine: {'line': b'      |                    \x1b[01;35m\x1b[K^\x1b[m\x1b[K\n'}
[19.859088] (-) TimerEvent: {}
[19.959764] (-) TimerEvent: {}
[19.983800] (rplidar_ros) StdoutLine: {'line': b'[ 15%] \x1b[32mBuilding CXX object CMakeFiles/rplidar_node.dir/sdk/src/dataunpacker/unpacker/handler_capsules.cpp.o\x1b[0m\n'}
[20.021272] (rplidar_ros) StderrLine: {'line': b'\x1b[01m\x1b[K/home/punished_venom/DroneControls/src/rplidar_ros/src/rplidar_node.cpp:\x1b[m\x1b[K In member function \xe2\x80\x98\x1b[01m\x1b[Kint RPlidarNode::\x1b[01;32m\x1b[Kwork_loop\x1b[m\x1b[K()\x1b[m\x1b[K\xe2\x80\x99:\n'}
[20.022013] (rplidar_ros) StderrLine: {'line': b'\x1b[01m\x1b[K/home/punished_venom/DroneControls/src/rplidar_ros/src/rplidar_node.cpp:543:30:\x1b[m\x1b[K \x1b[01;35m\x1b[Kwarning: \x1b[m\x1b[K\xe2\x80\x98\x1b[01m\x1b[Kvoid rclcpp::\x1b[01;32m\x1b[Kspin_some\x1b[m\x1b[K(const Node::SharedPtr&)\x1b[m\x1b[K\xe2\x80\x99 is deprecated: use SingleThreadedExecutor::spin_some instead [\x1b[01;35m\x1b[K-Wdeprecated-declarations\x1b[m\x1b[K]\n'}
[20.022459] (rplidar_ros) StderrLine: {'line': b'  543 |             \x1b[01;35m\x1b[Krclcpp::spin_some(shared_from_this())\x1b[m\x1b[K;\n'}
[20.022885] (rplidar_ros) StderrLine: {'line': b'      |             \x1b[01;35m\x1b[K~~~~~~~~~~~~~~~~~^~~~~~~~~~~~~~~~~~~~\x1b[m\x1b[K\n'}
[20.023173] (rplidar_ros) StderrLine: {'line': b'In file included from \x1b[01m\x1b[K/opt/ros/lyrical/include/rclcpp/rclcpp/rclcpp.hpp:174\x1b[m\x1b[K,\n'}
[20.023552] (rplidar_ros) StderrLine: {'line': b'                 from \x1b[01m\x1b[K/home/punished_venom/DroneControls/src/rplidar_ros/src/rplidar_node.cpp:35\x1b[m\x1b[K:\n'}
[20.023860] (rplidar_ros) StderrLine: {'line': b'\x1b[01m\x1b[K/opt/ros/lyrical/include/rclcpp/rclcpp/executors.hpp:110:1:\x1b[m\x1b[K \x1b[01;36m\x1b[Knote: \x1b[m\x1b[Kdeclared here\n'}
[20.024102] (rplidar_ros) StderrLine: {'line': b'  110 | \x1b[01;36m\x1b[Kspin_some\x1b[m\x1b[K(const rclcpp::Node::SharedPtr & node_ptr);\n'}
[20.024316] (rplidar_ros) StderrLine: {'line': b'      | \x1b[01;36m\x1b[K^~~~~~~~~\x1b[m\x1b[K\n'}
[20.059983] (-) TimerEvent: {}
[20.160672] (-) TimerEvent: {}
[20.261353] (-) TimerEvent: {}
[20.361992] (-) TimerEvent: {}
[20.462613] (-) TimerEvent: {}
[20.563223] (-) TimerEvent: {}
[20.663880] (-) TimerEvent: {}
[20.764620] (-) TimerEvent: {}
[20.865274] (-) TimerEvent: {}
[20.966053] (-) TimerEvent: {}
[21.066734] (-) TimerEvent: {}
[21.167442] (-) TimerEvent: {}
[21.268097] (-) TimerEvent: {}
[21.368829] (-) TimerEvent: {}
[21.469474] (-) TimerEvent: {}
[21.570124] (-) TimerEvent: {}
[21.670813] (-) TimerEvent: {}
[21.771522] (-) TimerEvent: {}
[21.812203] (rplidar_ros) StderrLine: {'line': b'In file included from \x1b[01m\x1b[K/home/punished_venom/DroneControls/src/rplidar_ros/sdk/include/rplidar_protocol.h:36\x1b[m\x1b[K,\n'}
[21.812781] (rplidar_ros) StderrLine: {'line': b'                 from \x1b[01m\x1b[K/home/punished_venom/DroneControls/src/rplidar_ros/sdk/include/rplidar.h:39\x1b[m\x1b[K,\n'}
[21.813146] (rplidar_ros) StderrLine: {'line': b'                 from \x1b[01m\x1b[K/home/punished_venom/DroneControls/src/rplidar_ros/sdk/src/sdkcommon.h:49\x1b[m\x1b[K,\n'}
[21.813574] (rplidar_ros) StderrLine: {'line': b'                 from \x1b[01m\x1b[K/home/punished_venom/DroneControls/src/rplidar_ros/sdk/src/dataunpacker/unpacker/../dataunnpacker_commondef.h:41\x1b[m\x1b[K,\n'}
[21.813951] (rplidar_ros) StderrLine: {'line': b'                 from \x1b[01m\x1b[K/home/punished_venom/DroneControls/src/rplidar_ros/sdk/src/dataunpacker/unpacker/handler_capsules.cpp:39\x1b[m\x1b[K:\n'}
[21.814315] (rplidar_ros) StderrLine: {'line': b'\x1b[01m\x1b[K/home/punished_venom/DroneControls/src/rplidar_ros/sdk/include/sl_lidar_protocol.h:66:16:\x1b[m\x1b[K \x1b[01;35m\x1b[Kwarning: \x1b[m\x1b[KISO C++ forbids zero-size array \xe2\x80\x98\x1b[01m\x1b[Kdata\x1b[m\x1b[K\xe2\x80\x99 [\x1b[01;35m\x1b[K-Wpedantic\x1b[m\x1b[K]\n'}
[21.815013] (rplidar_ros) StderrLine: {'line': b'   66 |     sl_u8 data[\x1b[01;35m\x1b[K0\x1b[m\x1b[K];\n'}
[21.815439] (rplidar_ros) StderrLine: {'line': b'      |                \x1b[01;35m\x1b[K^\x1b[m\x1b[K\n'}
[21.815867] (rplidar_ros) StderrLine: {'line': b'In file included from \x1b[01m\x1b[K/home/punished_venom/DroneControls/src/rplidar_ros/sdk/include/rplidar_cmd.h:36\x1b[m\x1b[K,\n'}
[21.816174] (rplidar_ros) StderrLine: {'line': b'                 from \x1b[01m\x1b[K/home/punished_venom/DroneControls/src/rplidar_ros/sdk/include/rplidar.h:40\x1b[m\x1b[K:\n'}
[21.816634] (rplidar_ros) StderrLine: {'line': b'\x1b[01m\x1b[K/home/punished_venom/DroneControls/src/rplidar_ros/sdk/include/sl_lidar_cmd.h:324:20:\x1b[m\x1b[K \x1b[01;35m\x1b[Kwarning: \x1b[m\x1b[KISO C++ forbids zero-size array \xe2\x80\x98\x1b[01m\x1b[Kpayload\x1b[m\x1b[K\xe2\x80\x99 [\x1b[01;35m\x1b[K-Wpedantic\x1b[m\x1b[K]\n'}
[21.816978] (rplidar_ros) StderrLine: {'line': b'  324 |     sl_u8  payload[\x1b[01;35m\x1b[K0\x1b[m\x1b[K];\n'}
[21.817283] (rplidar_ros) StderrLine: {'line': b'      |                    \x1b[01;35m\x1b[K^\x1b[m\x1b[K\n'}
[21.871698] (-) TimerEvent: {}
[21.972433] (-) TimerEvent: {}
[22.073080] (-) TimerEvent: {}
[22.173822] (-) TimerEvent: {}
[22.274486] (-) TimerEvent: {}
[22.304929] (rplidar_ros) StderrLine: {'line': b'In file included from \x1b[01m\x1b[K/home/punished_venom/DroneControls/src/rplidar_ros/sdk/src/dataunpacker/unpacker/handler_capsules.cpp:40\x1b[m\x1b[K:\n'}
[22.305522] (rplidar_ros) StderrLine: {'line': b'\x1b[01m\x1b[K/home/punished_venom/DroneControls/src/rplidar_ros/sdk/src/dataunpacker/unpacker/../dataunpacker.h:\x1b[m\x1b[K In member function \xe2\x80\x98\x1b[01m\x1b[Kvirtual void sl::internal::LIDARSampleDataListener::\x1b[01;32m\x1b[KonCustomSampleDataDecoded\x1b[m\x1b[K(_u8, _u32, const void*, size_t)\x1b[m\x1b[K\xe2\x80\x99:\n'}
[22.305949] (rplidar_ros) StderrLine: {'line': b'\x1b[01m\x1b[K/home/punished_venom/DroneControls/src/rplidar_ros/sdk/src/dataunpacker/unpacker/../dataunpacker.h:54:52:\x1b[m\x1b[K \x1b[01;35m\x1b[Kwarning: \x1b[m\x1b[Kunused parameter \xe2\x80\x98\x1b[01m\x1b[KansType\x1b[m\x1b[K\xe2\x80\x99 [\x1b[01;35m\x1b[K-Wunused-parameter\x1b[m\x1b[K]\n'}
[22.306287] (rplidar_ros) StderrLine: {'line': b'   54 |         virtual void onCustomSampleDataDecoded(\x1b[01;35m\x1b[K_u8 ansType\x1b[m\x1b[K, _u32 customCode, const void* data, size_t size) {}\n'}
[22.306767] (rplidar_ros) StderrLine: {'line': b'      |                                                \x1b[01;35m\x1b[K~~~~^~~~~~~\x1b[m\x1b[K\n'}
[22.307099] (rplidar_ros) StderrLine: {'line': b'\x1b[01m\x1b[K/home/punished_venom/DroneControls/src/rplidar_ros/sdk/src/dataunpacker/unpacker/../dataunpacker.h:54:66:\x1b[m\x1b[K \x1b[01;35m\x1b[Kwarning: \x1b[m\x1b[Kunused parameter \xe2\x80\x98\x1b[01m\x1b[KcustomCode\x1b[m\x1b[K\xe2\x80\x99 [\x1b[01;35m\x1b[K-Wunused-parameter\x1b[m\x1b[K]\n'}
[22.307947] (rplidar_ros) StderrLine: {'line': b'   54 |         virtual void onCustomSampleDataDecoded(_u8 ansType, \x1b[01;35m\x1b[K_u32 customCode\x1b[m\x1b[K, const void* data, size_t size) {}\n'}
[22.308773] (rplidar_ros) StderrLine: {'line': b'      |                                                             \x1b[01;35m\x1b[K~~~~~^~~~~~~~~~\x1b[m\x1b[K\n'}
[22.309424] (rplidar_ros) StderrLine: {'line': b'\x1b[01m\x1b[K/home/punished_venom/DroneControls/src/rplidar_ros/sdk/src/dataunpacker/unpacker/../dataunpacker.h:54:90:\x1b[m\x1b[K \x1b[01;35m\x1b[Kwarning: \x1b[m\x1b[Kunused parameter \xe2\x80\x98\x1b[01m\x1b[Kdata\x1b[m\x1b[K\xe2\x80\x99 [\x1b[01;35m\x1b[K-Wunused-parameter\x1b[m\x1b[K]\n'}
[22.310384] (rplidar_ros) StderrLine: {'line': b'   54 |         virtual void onCustomSampleDataDecoded(_u8 ansType, _u32 customCode, \x1b[01;35m\x1b[Kconst void* data\x1b[m\x1b[K, size_t size) {}\n'}
[22.311111] (rplidar_ros) StderrLine: {'line': b'      |                                                                              \x1b[01;35m\x1b[K~~~~~~~~~~~~^~~~\x1b[m\x1b[K\n'}
[22.311890] (rplidar_ros) StderrLine: {'line': b'\x1b[01m\x1b[K/home/punished_venom/DroneControls/src/rplidar_ros/sdk/src/dataunpacker/unpacker/../dataunpacker.h:54:103:\x1b[m\x1b[K \x1b[01;35m\x1b[Kwarning: \x1b[m\x1b[Kunused parameter \xe2\x80\x98\x1b[01m\x1b[Ksize\x1b[m\x1b[K\xe2\x80\x99 [\x1b[01;35m\x1b[K-Wunused-parameter\x1b[m\x1b[K]\n'}
[22.312629] (rplidar_ros) StderrLine: {'line': b'   54 |         virtual void onCustomSampleDataDecoded(_u8 ansType, _u32 customCode, const void* data, \x1b[01;35m\x1b[Ksize_t size\x1b[m\x1b[K) {}\n'}
[22.313281] (rplidar_ros) StderrLine: {'line': b'      |                                                                                                \x1b[01;35m\x1b[K~~~~~~~^~~~\x1b[m\x1b[K\n'}
[22.314033] (rplidar_ros) StderrLine: {'line': b'\x1b[01m\x1b[K/home/punished_venom/DroneControls/src/rplidar_ros/sdk/src/dataunpacker/unpacker/../dataunpacker.h:\x1b[m\x1b[K In member function \xe2\x80\x98\x1b[01m\x1b[Kvirtual void sl::internal::LIDARSampleDataListener::\x1b[01;32m\x1b[KonDecodingError\x1b[m\x1b[K(int, _u8, const void*, size_t)\x1b[m\x1b[K\xe2\x80\x99:\n'}
[22.314889] (rplidar_ros) StderrLine: {'line': b'\x1b[01m\x1b[K/home/punished_venom/DroneControls/src/rplidar_ros/sdk/src/dataunpacker/unpacker/../dataunpacker.h:56:42:\x1b[m\x1b[K \x1b[01;35m\x1b[Kwarning: \x1b[m\x1b[Kunused parameter \xe2\x80\x98\x1b[01m\x1b[KerrMsg\x1b[m\x1b[K\xe2\x80\x99 [\x1b[01;35m\x1b[K-Wunused-parameter\x1b[m\x1b[K]\n'}
[22.315776] (rplidar_ros) StderrLine: {'line': b'   56 |         virtual void onDecodingError(\x1b[01;35m\x1b[Kint errMsg\x1b[m\x1b[K, _u8 ansType, const void* payload, size_t size) {}\n'}
[22.316293] (rplidar_ros) StderrLine: {'line': b'      |                                      \x1b[01;35m\x1b[K~~~~^~~~~~\x1b[m\x1b[K\n'}
[22.316736] (rplidar_ros) StderrLine: {'line': b'\x1b[01m\x1b[K/home/punished_venom/DroneControls/src/rplidar_ros/sdk/src/dataunpacker/unpacker/../dataunpacker.h:56:54:\x1b[m\x1b[K \x1b[01;35m\x1b[Kwarning: \x1b[m\x1b[Kunused parameter \xe2\x80\x98\x1b[01m\x1b[KansType\x1b[m\x1b[K\xe2\x80\x99 [\x1b[01;35m\x1b[K-Wunused-parameter\x1b[m\x1b[K]\n'}
[22.317079] (rplidar_ros) StderrLine: {'line': b'   56 |         virtual void onDecodingError(int errMsg, \x1b[01;35m\x1b[K_u8 ansType\x1b[m\x1b[K, const void* payload, size_t size) {}\n'}
[22.317540] (rplidar_ros) StderrLine: {'line': b'      |                                                  \x1b[01;35m\x1b[K~~~~^~~~~~~\x1b[m\x1b[K\n'}
[22.317917] (rplidar_ros) StderrLine: {'line': b'\x1b[01m\x1b[K/home/punished_venom/DroneControls/src/rplidar_ros/sdk/src/dataunpacker/unpacker/../dataunpacker.h:56:75:\x1b[m\x1b[K \x1b[01;35m\x1b[Kwarning: \x1b[m\x1b[Kunused parameter \xe2\x80\x98\x1b[01m\x1b[Kpayload\x1b[m\x1b[K\xe2\x80\x99 [\x1b[01;35m\x1b[K-Wunused-parameter\x1b[m\x1b[K]\n'}
[22.318241] (rplidar_ros) StderrLine: {'line': b'   56 |         virtual void onDecodingError(int errMsg, _u8 ansType, \x1b[01;35m\x1b[Kconst void* payload\x1b[m\x1b[K, size_t size) {}\n'}
[22.318672] (rplidar_ros) StderrLine: {'line': b'      |                                                               \x1b[01;35m\x1b[K~~~~~~~~~~~~^~~~~~~\x1b[m\x1b[K\n'}
[22.319005] (rplidar_ros) StderrLine: {'line': b'\x1b[01m\x1b[K/home/punished_venom/DroneControls/src/rplidar_ros/sdk/src/dataunpacker/unpacker/../dataunpacker.h:56:91:\x1b[m\x1b[K \x1b[01;35m\x1b[Kwarning: \x1b[m\x1b[Kunused parameter \xe2\x80\x98\x1b[01m\x1b[Ksize\x1b[m\x1b[K\xe2\x80\x99 [\x1b[01;35m\x1b[K-Wunused-parameter\x1b[m\x1b[K]\n'}
[22.319450] (rplidar_ros) StderrLine: {'line': b'   56 |         virtual void onDecodingError(int errMsg, _u8 ansType, const void* payload, \x1b[01;35m\x1b[Ksize_t size\x1b[m\x1b[K) {}\n'}
[22.319910] (rplidar_ros) StderrLine: {'line': b'      |                                                                                    \x1b[01;35m\x1b[K~~~~~~~^~~~\x1b[m\x1b[K\n'}
[22.358955] (rplidar_ros) StderrLine: {'line': b'\x1b[01m\x1b[K/home/punished_venom/DroneControls/src/rplidar_ros/sdk/src/dataunpacker/unpacker/handler_capsules.cpp:\x1b[m\x1b[K In member function \xe2\x80\x98\x1b[01m\x1b[Kvoid sl::internal::unpacker::UnpackerHandler_DenseCapsuleNode::\x1b[01;32m\x1b[K_onScanNodeDenseCapsuleData\x1b[m\x1b[K(rplidar_response_dense_capsule_measurement_nodes_t&, sl::internal::LIDARSampleDataUnpackerInner*)\x1b[m\x1b[K\xe2\x80\x99:\n'}
[22.359633] (rplidar_ros) StderrLine: {'line': b'\x1b[01m\x1b[K/home/punished_venom/DroneControls/src/rplidar_ros/sdk/src/dataunpacker/unpacker/handler_capsules.cpp:763:30:\x1b[m\x1b[K \x1b[01;35m\x1b[Kwarning: \x1b[m\x1b[Ktype qualifiers ignored on cast result type [\x1b[01;35m\x1b[K-Wignored-qualifiers\x1b[m\x1b[K]\n'}
[22.360099] (rplidar_ros) StderrLine: {'line': b'  763 |             const int dist = \x1b[01;35m\x1b[Kstatic_cast<const int>(_cached_previous_dense_capsuledata.cabins[pos].distance)\x1b[m\x1b[K;\n'}
[22.360579] (rplidar_ros) StderrLine: {'line': b'      |                              \x1b[01;35m\x1b[K^~~~~~~~~~~~~~~~~~~~~~~~~~~~~~~~~~~~~~~~~~~~~~~~~~~~~~~~~~~~~~~~~~~~~~~~~~~~~~~\x1b[m\x1b[K\n'}
[22.374688] (-) TimerEvent: {}
[22.475381] (-) TimerEvent: {}
[22.576103] (-) TimerEvent: {}
[22.676797] (-) TimerEvent: {}
[22.777460] (-) TimerEvent: {}
[22.878137] (-) TimerEvent: {}
[22.978854] (-) TimerEvent: {}
[23.079533] (-) TimerEvent: {}
[23.137236] (rplidar_ros) StdoutLine: {'line': b'[ 18%] \x1b[32mBuilding CXX object CMakeFiles/rplidar_node.dir/sdk/src/dataunpacker/unpacker/handler_hqnode.cpp.o\x1b[0m\n'}
[23.179716] (-) TimerEvent: {}
[23.280366] (-) TimerEvent: {}
[23.381056] (-) TimerEvent: {}
[23.481744] (-) TimerEvent: {}
[23.582414] (-) TimerEvent: {}
[23.683052] (-) TimerEvent: {}
[23.783753] (-) TimerEvent: {}
[23.884491] (-) TimerEvent: {}
[23.985226] (-) TimerEvent: {}
[24.085960] (-) TimerEvent: {}
[24.186759] (-) TimerEvent: {}
[24.287477] (-) TimerEvent: {}
[24.388234] (-) TimerEvent: {}
[24.488955] (-) TimerEvent: {}
[24.589677] (-) TimerEvent: {}
[24.690364] (-) TimerEvent: {}
[24.791033] (-) TimerEvent: {}
[24.891732] (-) TimerEvent: {}
[24.992410] (-) TimerEvent: {}
[25.086269] (rplidar_ros) StderrLine: {'line': b'In file included from \x1b[01m\x1b[K/home/punished_venom/DroneControls/src/rplidar_ros/sdk/include/rplidar_protocol.h:36\x1b[m\x1b[K,\n'}
[25.086885] (rplidar_ros) StderrLine: {'line': b'                 from \x1b[01m\x1b[K/home/punished_venom/DroneControls/src/rplidar_ros/sdk/include/rplidar.h:39\x1b[m\x1b[K,\n'}
[25.087244] (rplidar_ros) StderrLine: {'line': b'                 from \x1b[01m\x1b[K/home/punished_venom/DroneControls/src/rplidar_ros/sdk/src/sdkcommon.h:49\x1b[m\x1b[K,\n'}
[25.087710] (rplidar_ros) StderrLine: {'line': b'                 from \x1b[01m\x1b[K/home/punished_venom/DroneControls/src/rplidar_ros/sdk/src/dataunpacker/unpacker/../dataunnpacker_commondef.h:41\x1b[m\x1b[K,\n'}
[25.088159] (rplidar_ros) StderrLine: {'line': b'                 from \x1b[01m\x1b[K/home/punished_venom/DroneControls/src/rplidar_ros/sdk/src/dataunpacker/unpacker/handler_hqnode.cpp:39\x1b[m\x1b[K:\n'}
[25.088838] (rplidar_ros) StderrLine: {'line': b'\x1b[01m\x1b[K/home/punished_venom/DroneControls/src/rplidar_ros/sdk/include/sl_lidar_protocol.h:66:16:\x1b[m\x1b[K \x1b[01;35m\x1b[Kwarning: \x1b[m\x1b[KISO C++ forbids zero-size array \xe2\x80\x98\x1b[01m\x1b[Kdata\x1b[m\x1b[K\xe2\x80\x99 [\x1b[01;35m\x1b[K-Wpedantic\x1b[m\x1b[K]\n'}
[25.089216] (rplidar_ros) StderrLine: {'line': b'   66 |     sl_u8 data[\x1b[01;35m\x1b[K0\x1b[m\x1b[K];\n'}
[25.089830] (rplidar_ros) StderrLine: {'line': b'      |                \x1b[01;35m\x1b[K^\x1b[m\x1b[K\n'}
[25.090213] (rplidar_ros) StderrLine: {'line': b'In file included from \x1b[01m\x1b[K/home/punished_venom/DroneControls/src/rplidar_ros/sdk/include/rplidar_cmd.h:36\x1b[m\x1b[K,\n'}
[25.090675] (rplidar_ros) StderrLine: {'line': b'                 from \x1b[01m\x1b[K/home/punished_venom/DroneControls/src/rplidar_ros/sdk/include/rplidar.h:40\x1b[m\x1b[K:\n'}
[25.091050] (rplidar_ros) StderrLine: {'line': b'\x1b[01m\x1b[K/home/punished_venom/DroneControls/src/rplidar_ros/sdk/include/sl_lidar_cmd.h:324:20:\x1b[m\x1b[K \x1b[01;35m\x1b[Kwarning: \x1b[m\x1b[KISO C++ forbids zero-size array \xe2\x80\x98\x1b[01m\x1b[Kpayload\x1b[m\x1b[K\xe2\x80\x99 [\x1b[01;35m\x1b[K-Wpedantic\x1b[m\x1b[K]\n'}
[25.091534] (rplidar_ros) StderrLine: {'line': b'  324 |     sl_u8  payload[\x1b[01;35m\x1b[K0\x1b[m\x1b[K];\n'}
[25.091950] (rplidar_ros) StderrLine: {'line': b'      |                    \x1b[01;35m\x1b[K^\x1b[m\x1b[K\n'}
[25.092532] (-) TimerEvent: {}
[25.193202] (-) TimerEvent: {}
[25.293940] (-) TimerEvent: {}
[25.394628] (-) TimerEvent: {}
[25.495293] (-) TimerEvent: {}
[25.580882] (rplidar_ros) StderrLine: {'line': b'In file included from \x1b[01m\x1b[K/home/punished_venom/DroneControls/src/rplidar_ros/sdk/src/dataunpacker/unpacker/handler_hqnode.cpp:40\x1b[m\x1b[K:\n'}
[25.582005] (rplidar_ros) StderrLine: {'line': b'\x1b[01m\x1b[K/home/punished_venom/DroneControls/src/rplidar_ros/sdk/src/dataunpacker/unpacker/../dataunpacker.h:\x1b[m\x1b[K In member function \xe2\x80\x98\x1b[01m\x1b[Kvirtual void sl::internal::LIDARSampleDataListener::\x1b[01;32m\x1b[KonCustomSampleDataDecoded\x1b[m\x1b[K(_u8, _u32, const void*, size_t)\x1b[m\x1b[K\xe2\x80\x99:\n'}
[25.582577] (rplidar_ros) StderrLine: {'line': b'\x1b[01m\x1b[K/home/punished_venom/DroneControls/src/rplidar_ros/sdk/src/dataunpacker/unpacker/../dataunpacker.h:54:52:\x1b[m\x1b[K \x1b[01;35m\x1b[Kwarning: \x1b[m\x1b[Kunused parameter \xe2\x80\x98\x1b[01m\x1b[KansType\x1b[m\x1b[K\xe2\x80\x99 [\x1b[01;35m\x1b[K-Wunused-parameter\x1b[m\x1b[K]\n'}
[25.583059] (rplidar_ros) StderrLine: {'line': b'   54 |         virtual void onCustomSampleDataDecoded(\x1b[01;35m\x1b[K_u8 ansType\x1b[m\x1b[K, _u32 customCode, const void* data, size_t size) {}\n'}
[25.583456] (rplidar_ros) StderrLine: {'line': b'      |                                                \x1b[01;35m\x1b[K~~~~^~~~~~~\x1b[m\x1b[K\n'}
[25.583822] (rplidar_ros) StderrLine: {'line': b'\x1b[01m\x1b[K/home/punished_venom/DroneControls/src/rplidar_ros/sdk/src/dataunpacker/unpacker/../dataunpacker.h:54:66:\x1b[m\x1b[K \x1b[01;35m\x1b[Kwarning: \x1b[m\x1b[Kunused parameter \xe2\x80\x98\x1b[01m\x1b[KcustomCode\x1b[m\x1b[K\xe2\x80\x99 [\x1b[01;35m\x1b[K-Wunused-parameter\x1b[m\x1b[K]\n'}
[25.584158] (rplidar_ros) StderrLine: {'line': b'   54 |         virtual void onCustomSampleDataDecoded(_u8 ansType, \x1b[01;35m\x1b[K_u32 customCode\x1b[m\x1b[K, const void* data, size_t size) {}\n'}
[25.584947] (rplidar_ros) StderrLine: {'line': b'      |                                                             \x1b[01;35m\x1b[K~~~~~^~~~~~~~~~\x1b[m\x1b[K\n'}
[25.585704] (rplidar_ros) StderrLine: {'line': b'\x1b[01m\x1b[K/home/punished_venom/DroneControls/src/rplidar_ros/sdk/src/dataunpacker/unpacker/../dataunpacker.h:54:90:\x1b[m\x1b[K \x1b[01;35m\x1b[Kwarning: \x1b[m\x1b[Kunused parameter \xe2\x80\x98\x1b[01m\x1b[Kdata\x1b[m\x1b[K\xe2\x80\x99 [\x1b[01;35m\x1b[K-Wunused-parameter\x1b[m\x1b[K]\n'}
[25.586413] (rplidar_ros) StderrLine: {'line': b'   54 |         virtual void onCustomSampleDataDecoded(_u8 ansType, _u32 customCode, \x1b[01;35m\x1b[Kconst void* data\x1b[m\x1b[K, size_t size) {}\n'}
[25.587132] (rplidar_ros) StderrLine: {'line': b'      |                                                                              \x1b[01;35m\x1b[K~~~~~~~~~~~~^~~~\x1b[m\x1b[K\n'}
[25.587962] (rplidar_ros) StderrLine: {'line': b'\x1b[01m\x1b[K/home/punished_venom/DroneControls/src/rplidar_ros/sdk/src/dataunpacker/unpacker/../dataunpacker.h:54:103:\x1b[m\x1b[K \x1b[01;35m\x1b[Kwarning: \x1b[m\x1b[Kunused parameter \xe2\x80\x98\x1b[01m\x1b[Ksize\x1b[m\x1b[K\xe2\x80\x99 [\x1b[01;35m\x1b[K-Wunused-parameter\x1b[m\x1b[K]\n'}
[25.588836] (rplidar_ros) StderrLine: {'line': b'   54 |         virtual void onCustomSampleDataDecoded(_u8 ansType, _u32 customCode, const void* data, \x1b[01;35m\x1b[Ksize_t size\x1b[m\x1b[K) {}\n'}
[25.589659] (rplidar_ros) StderrLine: {'line': b'      |                                                                                                \x1b[01;35m\x1b[K~~~~~~~^~~~\x1b[m\x1b[K\n'}
[25.590357] (rplidar_ros) StderrLine: {'line': b'\x1b[01m\x1b[K/home/punished_venom/DroneControls/src/rplidar_ros/sdk/src/dataunpacker/unpacker/../dataunpacker.h:\x1b[m\x1b[K In member function \xe2\x80\x98\x1b[01m\x1b[Kvirtual void sl::internal::LIDARSampleDataListener::\x1b[01;32m\x1b[KonDecodingError\x1b[m\x1b[K(int, _u8, const void*, size_t)\x1b[m\x1b[K\xe2\x80\x99:\n'}
[25.591170] (rplidar_ros) StderrLine: {'line': b'\x1b[01m\x1b[K/home/punished_venom/DroneControls/src/rplidar_ros/sdk/src/dataunpacker/unpacker/../dataunpacker.h:56:42:\x1b[m\x1b[K \x1b[01;35m\x1b[Kwarning: \x1b[m\x1b[Kunused parameter \xe2\x80\x98\x1b[01m\x1b[KerrMsg\x1b[m\x1b[K\xe2\x80\x99 [\x1b[01;35m\x1b[K-Wunused-parameter\x1b[m\x1b[K]\n'}
[25.591916] (rplidar_ros) StderrLine: {'line': b'   56 |         virtual void onDecodingError(\x1b[01;35m\x1b[Kint errMsg\x1b[m\x1b[K, _u8 ansType, const void* payload, size_t size) {}\n'}
[25.592601] (rplidar_ros) StderrLine: {'line': b'      |                                      \x1b[01;35m\x1b[K~~~~^~~~~~\x1b[m\x1b[K\n'}
[25.593057] (rplidar_ros) StderrLine: {'line': b'\x1b[01m\x1b[K/home/punished_venom/DroneControls/src/rplidar_ros/sdk/src/dataunpacker/unpacker/../dataunpacker.h:56:54:\x1b[m\x1b[K \x1b[01;35m\x1b[Kwarning: \x1b[m\x1b[Kunused parameter \xe2\x80\x98\x1b[01m\x1b[KansType\x1b[m\x1b[K\xe2\x80\x99 [\x1b[01;35m\x1b[K-Wunused-parameter\x1b[m\x1b[K]\n'}
[25.593529] (rplidar_ros) StderrLine: {'line': b'   56 |         virtual void onDecodingError(int errMsg, \x1b[01;35m\x1b[K_u8 ansType\x1b[m\x1b[K, const void* payload, size_t size) {}\n'}
[25.593915] (rplidar_ros) StderrLine: {'line': b'      |                                                  \x1b[01;35m\x1b[K~~~~^~~~~~~\x1b[m\x1b[K\n'}
[25.594230] (rplidar_ros) StderrLine: {'line': b'\x1b[01m\x1b[K/home/punished_venom/DroneControls/src/rplidar_ros/sdk/src/dataunpacker/unpacker/../dataunpacker.h:56:75:\x1b[m\x1b[K \x1b[01;35m\x1b[Kwarning: \x1b[m\x1b[Kunused parameter \xe2\x80\x98\x1b[01m\x1b[Kpayload\x1b[m\x1b[K\xe2\x80\x99 [\x1b[01;35m\x1b[K-Wunused-parameter\x1b[m\x1b[K]\n'}
[25.594686] (rplidar_ros) StderrLine: {'line': b'   56 |         virtual void onDecodingError(int errMsg, _u8 ansType, \x1b[01;35m\x1b[Kconst void* payload\x1b[m\x1b[K, size_t size) {}\n'}
[25.595052] (rplidar_ros) StderrLine: {'line': b'      |                                                               \x1b[01;35m\x1b[K~~~~~~~~~~~~^~~~~~~\x1b[m\x1b[K\n'}
[25.595401] (-) TimerEvent: {}
[25.595797] (rplidar_ros) StderrLine: {'line': b'\x1b[01m\x1b[K/home/punished_venom/DroneControls/src/rplidar_ros/sdk/src/dataunpacker/unpacker/../dataunpacker.h:56:91:\x1b[m\x1b[K \x1b[01;35m\x1b[Kwarning: \x1b[m\x1b[Kunused parameter \xe2\x80\x98\x1b[01m\x1b[Ksize\x1b[m\x1b[K\xe2\x80\x99 [\x1b[01;35m\x1b[K-Wunused-parameter\x1b[m\x1b[K]\n'}
[25.596777] (rplidar_ros) StderrLine: {'line': b'   56 |         virtual void onDecodingError(int errMsg, _u8 ansType, const void* payload, \x1b[01;35m\x1b[Ksize_t size\x1b[m\x1b[K) {}\n'}
[25.597231] (rplidar_ros) StderrLine: {'line': b'      |                                                                                    \x1b[01;35m\x1b[K~~~~~~~^~~~\x1b[m\x1b[K\n'}
[25.695614] (-) TimerEvent: {}
[25.796277] (-) TimerEvent: {}
[25.896948] (-) TimerEvent: {}
[25.997628] (-) TimerEvent: {}
[26.098360] (-) TimerEvent: {}
[26.199024] (-) TimerEvent: {}
[26.232433] (rplidar_ros) StdoutLine: {'line': b'[ 21%] \x1b[32mBuilding CXX object CMakeFiles/rplidar_node.dir/sdk/src/dataunpacker/unpacker/handler_normalnode.cpp.o\x1b[0m\n'}
[26.299205] (-) TimerEvent: {}
[26.399884] (-) TimerEvent: {}
[26.500559] (-) TimerEvent: {}
[26.601209] (-) TimerEvent: {}
[26.701880] (-) TimerEvent: {}
[26.802533] (-) TimerEvent: {}
[26.903162] (-) TimerEvent: {}
[27.003923] (-) TimerEvent: {}
[27.104622] (-) TimerEvent: {}
[27.205294] (-) TimerEvent: {}
[27.306017] (-) TimerEvent: {}
[27.406875] (-) TimerEvent: {}
[27.507547] (-) TimerEvent: {}
[27.608180] (-) TimerEvent: {}
[27.708902] (-) TimerEvent: {}
[27.809596] (-) TimerEvent: {}
[27.910252] (-) TimerEvent: {}
[28.010955] (-) TimerEvent: {}
[28.111667] (-) TimerEvent: {}
[28.154498] (rplidar_ros) StderrLine: {'line': b'In file included from \x1b[01m\x1b[K/home/punished_venom/DroneControls/src/rplidar_ros/sdk/include/rplidar_protocol.h:36\x1b[m\x1b[K,\n'}
[28.155112] (rplidar_ros) StderrLine: {'line': b'                 from \x1b[01m\x1b[K/home/punished_venom/DroneControls/src/rplidar_ros/sdk/include/rplidar.h:39\x1b[m\x1b[K,\n'}
[28.155661] (rplidar_ros) StderrLine: {'line': b'                 from \x1b[01m\x1b[K/home/punished_venom/DroneControls/src/rplidar_ros/sdk/src/sdkcommon.h:49\x1b[m\x1b[K,\n'}
[28.156046] (rplidar_ros) StderrLine: {'line': b'                 from \x1b[01m\x1b[K/home/punished_venom/DroneControls/src/rplidar_ros/sdk/src/dataunpacker/unpacker/../dataunnpacker_commondef.h:41\x1b[m\x1b[K,\n'}
[28.156424] (rplidar_ros) StderrLine: {'line': b'                 from \x1b[01m\x1b[K/home/punished_venom/DroneControls/src/rplidar_ros/sdk/src/dataunpacker/unpacker/handler_normalnode.cpp:39\x1b[m\x1b[K:\n'}
[28.157023] (rplidar_ros) StderrLine: {'line': b'\x1b[01m\x1b[K/home/punished_venom/DroneControls/src/rplidar_ros/sdk/include/sl_lidar_protocol.h:66:16:\x1b[m\x1b[K \x1b[01;35m\x1b[Kwarning: \x1b[m\x1b[KISO C++ forbids zero-size array \xe2\x80\x98\x1b[01m\x1b[Kdata\x1b[m\x1b[K\xe2\x80\x99 [\x1b[01;35m\x1b[K-Wpedantic\x1b[m\x1b[K]\n'}
[28.157481] (rplidar_ros) StderrLine: {'line': b'   66 |     sl_u8 data[\x1b[01;35m\x1b[K0\x1b[m\x1b[K];\n'}
[28.157940] (rplidar_ros) StderrLine: {'line': b'      |                \x1b[01;35m\x1b[K^\x1b[m\x1b[K\n'}
[28.158273] (rplidar_ros) StderrLine: {'line': b'In file included from \x1b[01m\x1b[K/home/punished_venom/DroneControls/src/rplidar_ros/sdk/include/rplidar_cmd.h:36\x1b[m\x1b[K,\n'}
[28.158748] (rplidar_ros) StderrLine: {'line': b'                 from \x1b[01m\x1b[K/home/punished_venom/DroneControls/src/rplidar_ros/sdk/include/rplidar.h:40\x1b[m\x1b[K:\n'}
[28.159146] (rplidar_ros) StderrLine: {'line': b'\x1b[01m\x1b[K/home/punished_venom/DroneControls/src/rplidar_ros/sdk/include/sl_lidar_cmd.h:324:20:\x1b[m\x1b[K \x1b[01;35m\x1b[Kwarning: \x1b[m\x1b[KISO C++ forbids zero-size array \xe2\x80\x98\x1b[01m\x1b[Kpayload\x1b[m\x1b[K\xe2\x80\x99 [\x1b[01;35m\x1b[K-Wpedantic\x1b[m\x1b[K]\n'}
[28.159618] (rplidar_ros) StderrLine: {'line': b'  324 |     sl_u8  payload[\x1b[01;35m\x1b[K0\x1b[m\x1b[K];\n'}
[28.159974] (rplidar_ros) StderrLine: {'line': b'      |                    \x1b[01;35m\x1b[K^\x1b[m\x1b[K\n'}
[28.211826] (-) TimerEvent: {}
[28.312489] (-) TimerEvent: {}
[28.413130] (-) TimerEvent: {}
[28.513969] (-) TimerEvent: {}
[28.614941] (-) TimerEvent: {}
[28.676248] (rplidar_ros) StderrLine: {'line': b'In file included from \x1b[01m\x1b[K/home/punished_venom/DroneControls/src/rplidar_ros/sdk/src/dataunpacker/unpacker/handler_normalnode.cpp:40\x1b[m\x1b[K:\n'}
[28.677276] (rplidar_ros) StderrLine: {'line': b'\x1b[01m\x1b[K/home/punished_venom/DroneControls/src/rplidar_ros/sdk/src/dataunpacker/unpacker/../dataunpacker.h:\x1b[m\x1b[K In member function \xe2\x80\x98\x1b[01m\x1b[Kvirtual void sl::internal::LIDARSampleDataListener::\x1b[01;32m\x1b[KonCustomSampleDataDecoded\x1b[m\x1b[K(_u8, _u32, const void*, size_t)\x1b[m\x1b[K\xe2\x80\x99:\n'}
[28.677754] (rplidar_ros) StderrLine: {'line': b'\x1b[01m\x1b[K/home/punished_venom/DroneControls/src/rplidar_ros/sdk/src/dataunpacker/unpacker/../dataunpacker.h:54:52:\x1b[m\x1b[K \x1b[01;35m\x1b[Kwarning: \x1b[m\x1b[Kunused parameter \xe2\x80\x98\x1b[01m\x1b[KansType\x1b[m\x1b[K\xe2\x80\x99 [\x1b[01;35m\x1b[K-Wunused-parameter\x1b[m\x1b[K]\n'}
[28.678091] (rplidar_ros) StderrLine: {'line': b'   54 |         virtual void onCustomSampleDataDecoded(\x1b[01;35m\x1b[K_u8 ansType\x1b[m\x1b[K, _u32 customCode, const void* data, size_t size) {}\n'}
[28.678422] (rplidar_ros) StderrLine: {'line': b'      |                                                \x1b[01;35m\x1b[K~~~~^~~~~~~\x1b[m\x1b[K\n'}
[28.678795] (rplidar_ros) StderrLine: {'line': b'\x1b[01m\x1b[K/home/punished_venom/DroneControls/src/rplidar_ros/sdk/src/dataunpacker/unpacker/../dataunpacker.h:54:66:\x1b[m\x1b[K \x1b[01;35m\x1b[Kwarning: \x1b[m\x1b[Kunused parameter \xe2\x80\x98\x1b[01m\x1b[KcustomCode\x1b[m\x1b[K\xe2\x80\x99 [\x1b[01;35m\x1b[K-Wunused-parameter\x1b[m\x1b[K]\n'}
[28.679098] (rplidar_ros) StderrLine: {'line': b'   54 |         virtual void onCustomSampleDataDecoded(_u8 ansType, \x1b[01;35m\x1b[K_u32 customCode\x1b[m\x1b[K, const void* data, size_t size) {}\n'}
[28.679589] (rplidar_ros) StderrLine: {'line': b'      |                                                             \x1b[01;35m\x1b[K~~~~~^~~~~~~~~~\x1b[m\x1b[K\n'}
[28.680074] (rplidar_ros) StderrLine: {'line': b'\x1b[01m\x1b[K/home/punished_venom/DroneControls/src/rplidar_ros/sdk/src/dataunpacker/unpacker/../dataunpacker.h:54:90:\x1b[m\x1b[K \x1b[01;35m\x1b[Kwarning: \x1b[m\x1b[Kunused parameter \xe2\x80\x98\x1b[01m\x1b[Kdata\x1b[m\x1b[K\xe2\x80\x99 [\x1b[01;35m\x1b[K-Wunused-parameter\x1b[m\x1b[K]\n'}
[28.680715] (rplidar_ros) StderrLine: {'line': b'   54 |         virtual void onCustomSampleDataDecoded(_u8 ansType, _u32 customCode, \x1b[01;35m\x1b[Kconst void* data\x1b[m\x1b[K, size_t size) {}\n'}
[28.681432] (rplidar_ros) StderrLine: {'line': b'      |                                                                              \x1b[01;35m\x1b[K~~~~~~~~~~~~^~~~\x1b[m\x1b[K\n'}
[28.682119] (rplidar_ros) StderrLine: {'line': b'\x1b[01m\x1b[K/home/punished_venom/DroneControls/src/rplidar_ros/sdk/src/dataunpacker/unpacker/../dataunpacker.h:54:103:\x1b[m\x1b[K \x1b[01;35m\x1b[Kwarning: \x1b[m\x1b[Kunused parameter \xe2\x80\x98\x1b[01m\x1b[Ksize\x1b[m\x1b[K\xe2\x80\x99 [\x1b[01;35m\x1b[K-Wunused-parameter\x1b[m\x1b[K]\n'}
[28.682997] (rplidar_ros) StderrLine: {'line': b'   54 |         virtual void onCustomSampleDataDecoded(_u8 ansType, _u32 customCode, const void* data, \x1b[01;35m\x1b[Ksize_t size\x1b[m\x1b[K) {}\n'}
[28.683696] (rplidar_ros) StderrLine: {'line': b'      |                                                                                                \x1b[01;35m\x1b[K~~~~~~~^~~~\x1b[m\x1b[K\n'}
[28.684314] (rplidar_ros) StderrLine: {'line': b'\x1b[01m\x1b[K/home/punished_venom/DroneControls/src/rplidar_ros/sdk/src/dataunpacker/unpacker/../dataunpacker.h:\x1b[m\x1b[K In member function \xe2\x80\x98\x1b[01m\x1b[Kvirtual void sl::internal::LIDARSampleDataListener::\x1b[01;32m\x1b[KonDecodingError\x1b[m\x1b[K(int, _u8, const void*, size_t)\x1b[m\x1b[K\xe2\x80\x99:\n'}
[28.685049] (rplidar_ros) StderrLine: {'line': b'\x1b[01m\x1b[K/home/punished_venom/DroneControls/src/rplidar_ros/sdk/src/dataunpacker/unpacker/../dataunpacker.h:56:42:\x1b[m\x1b[K \x1b[01;35m\x1b[Kwarning: \x1b[m\x1b[Kunused parameter \xe2\x80\x98\x1b[01m\x1b[KerrMsg\x1b[m\x1b[K\xe2\x80\x99 [\x1b[01;35m\x1b[K-Wunused-parameter\x1b[m\x1b[K]\n'}
[28.685982] (rplidar_ros) StderrLine: {'line': b'   56 |         virtual void onDecodingError(\x1b[01;35m\x1b[Kint errMsg\x1b[m\x1b[K, _u8 ansType, const void* payload, size_t size) {}\n'}
[28.686770] (rplidar_ros) StderrLine: {'line': b'      |                                      \x1b[01;35m\x1b[K~~~~^~~~~~\x1b[m\x1b[K\n'}
[28.687346] (rplidar_ros) StderrLine: {'line': b'\x1b[01m\x1b[K/home/punished_venom/DroneControls/src/rplidar_ros/sdk/src/dataunpacker/unpacker/../dataunpacker.h:56:54:\x1b[m\x1b[K \x1b[01;35m\x1b[Kwarning: \x1b[m\x1b[Kunused parameter \xe2\x80\x98\x1b[01m\x1b[KansType\x1b[m\x1b[K\xe2\x80\x99 [\x1b[01;35m\x1b[K-Wunused-parameter\x1b[m\x1b[K]\n'}
[28.688009] (rplidar_ros) StderrLine: {'line': b'   56 |         virtual void onDecodingError(int errMsg, \x1b[01;35m\x1b[K_u8 ansType\x1b[m\x1b[K, const void* payload, size_t size) {}\n'}
[28.688470] (rplidar_ros) StderrLine: {'line': b'      |                                                  \x1b[01;35m\x1b[K~~~~^~~~~~~\x1b[m\x1b[K\n'}
[28.688916] (rplidar_ros) StderrLine: {'line': b'\x1b[01m\x1b[K/home/punished_venom/DroneControls/src/rplidar_ros/sdk/src/dataunpacker/unpacker/../dataunpacker.h:56:75:\x1b[m\x1b[K \x1b[01;35m\x1b[Kwarning: \x1b[m\x1b[Kunused parameter \xe2\x80\x98\x1b[01m\x1b[Kpayload\x1b[m\x1b[K\xe2\x80\x99 [\x1b[01;35m\x1b[K-Wunused-parameter\x1b[m\x1b[K]\n'}
[28.689294] (rplidar_ros) StderrLine: {'line': b'   56 |         virtual void onDecodingError(int errMsg, _u8 ansType, \x1b[01;35m\x1b[Kconst void* payload\x1b[m\x1b[K, size_t size) {}\n'}
[28.689760] (rplidar_ros) StderrLine: {'line': b'      |                                                               \x1b[01;35m\x1b[K~~~~~~~~~~~~^~~~~~~\x1b[m\x1b[K\n'}
[28.690081] (rplidar_ros) StderrLine: {'line': b'\x1b[01m\x1b[K/home/punished_venom/DroneControls/src/rplidar_ros/sdk/src/dataunpacker/unpacker/../dataunpacker.h:56:91:\x1b[m\x1b[K \x1b[01;35m\x1b[Kwarning: \x1b[m\x1b[Kunused parameter \xe2\x80\x98\x1b[01m\x1b[Ksize\x1b[m\x1b[K\xe2\x80\x99 [\x1b[01;35m\x1b[K-Wunused-parameter\x1b[m\x1b[K]\n'}
[28.690473] (rplidar_ros) StderrLine: {'line': b'   56 |         virtual void onDecodingError(int errMsg, _u8 ansType, const void* payload, \x1b[01;35m\x1b[Ksize_t size\x1b[m\x1b[K) {}\n'}
[28.690865] (rplidar_ros) StderrLine: {'line': b'      |                                                                                    \x1b[01;35m\x1b[K~~~~~~~^~~~\x1b[m\x1b[K\n'}
[28.715112] (-) TimerEvent: {}
[28.815869] (-) TimerEvent: {}
[28.916616] (-) TimerEvent: {}
[29.017568] (-) TimerEvent: {}
[29.118535] (-) TimerEvent: {}
[29.219200] (-) TimerEvent: {}
[29.319910] (-) TimerEvent: {}
[29.405307] (rplidar_ros) StdoutLine: {'line': b'[ 23%] \x1b[32mBuilding CXX object CMakeFiles/rplidar_node.dir/sdk/src/hal/thread.cpp.o\x1b[0m\n'}
[29.420150] (-) TimerEvent: {}
[29.521020] (-) TimerEvent: {}
[29.621731] (-) TimerEvent: {}
[29.722453] (-) TimerEvent: {}
[29.823100] (-) TimerEvent: {}
[29.923767] (-) TimerEvent: {}
[30.024440] (-) TimerEvent: {}
[30.125095] (-) TimerEvent: {}
[30.225853] (-) TimerEvent: {}
[30.326500] (-) TimerEvent: {}
[30.427150] (-) TimerEvent: {}
[30.527890] (-) TimerEvent: {}
[30.628568] (-) TimerEvent: {}
[30.729246] (-) TimerEvent: {}
[30.829951] (-) TimerEvent: {}
[30.930683] (-) TimerEvent: {}
[31.031372] (-) TimerEvent: {}
[31.132109] (-) TimerEvent: {}
[31.232829] (-) TimerEvent: {}
[31.240723] (rplidar_ros) StderrLine: {'line': b'In file included from \x1b[01m\x1b[K/home/punished_venom/DroneControls/src/rplidar_ros/sdk/include/rplidar_protocol.h:36\x1b[m\x1b[K,\n'}
[31.241284] (rplidar_ros) StderrLine: {'line': b'                 from \x1b[01m\x1b[K/home/punished_venom/DroneControls/src/rplidar_ros/sdk/include/rplidar.h:39\x1b[m\x1b[K,\n'}
[31.241751] (rplidar_ros) StderrLine: {'line': b'                 from \x1b[01m\x1b[K/home/punished_venom/DroneControls/src/rplidar_ros/sdk/src/sdkcommon.h:49\x1b[m\x1b[K,\n'}
[31.242098] (rplidar_ros) StderrLine: {'line': b'                 from \x1b[01m\x1b[K/home/punished_venom/DroneControls/src/rplidar_ros/sdk/src/hal/thread.cpp:35\x1b[m\x1b[K:\n'}
[31.242497] (rplidar_ros) StderrLine: {'line': b'\x1b[01m\x1b[K/home/punished_venom/DroneControls/src/rplidar_ros/sdk/include/sl_lidar_protocol.h:66:16:\x1b[m\x1b[K \x1b[01;35m\x1b[Kwarning: \x1b[m\x1b[KISO C++ forbids zero-size array \xe2\x80\x98\x1b[01m\x1b[Kdata\x1b[m\x1b[K\xe2\x80\x99 [\x1b[01;35m\x1b[K-Wpedantic\x1b[m\x1b[K]\n'}
[31.242942] (rplidar_ros) StderrLine: {'line': b'   66 |     sl_u8 data[\x1b[01;35m\x1b[K0\x1b[m\x1b[K];\n'}
[31.243570] (rplidar_ros) StderrLine: {'line': b'      |                \x1b[01;35m\x1b[K^\x1b[m\x1b[K\n'}
[31.243967] (rplidar_ros) StderrLine: {'line': b'In file included from \x1b[01m\x1b[K/home/punished_venom/DroneControls/src/rplidar_ros/sdk/include/rplidar_cmd.h:36\x1b[m\x1b[K,\n'}
[31.244288] (rplidar_ros) StderrLine: {'line': b'                 from \x1b[01m\x1b[K/home/punished_venom/DroneControls/src/rplidar_ros/sdk/include/rplidar.h:40\x1b[m\x1b[K:\n'}
[31.244797] (rplidar_ros) StderrLine: {'line': b'\x1b[01m\x1b[K/home/punished_venom/DroneControls/src/rplidar_ros/sdk/include/sl_lidar_cmd.h:324:20:\x1b[m\x1b[K \x1b[01;35m\x1b[Kwarning: \x1b[m\x1b[KISO C++ forbids zero-size array \xe2\x80\x98\x1b[01m\x1b[Kpayload\x1b[m\x1b[K\xe2\x80\x99 [\x1b[01;35m\x1b[K-Wpedantic\x1b[m\x1b[K]\n'}
[31.245163] (rplidar_ros) StderrLine: {'line': b'  324 |     sl_u8  payload[\x1b[01;35m\x1b[K0\x1b[m\x1b[K];\n'}
[31.245608] (rplidar_ros) StderrLine: {'line': b'      |                    \x1b[01;35m\x1b[K^\x1b[m\x1b[K\n'}
[31.333018] (-) TimerEvent: {}
[31.348963] (rplidar_ros) StderrLine: {'line': b'In file included from \x1b[01m\x1b[K/home/punished_venom/DroneControls/src/rplidar_ros/sdk/src/hal/thread.cpp:43\x1b[m\x1b[K:\n'}
[31.349568] (rplidar_ros) StderrLine: {'line': b'\x1b[01m\x1b[K/home/punished_venom/DroneControls/src/rplidar_ros/sdk/src/arch/linux/thread.hpp:\x1b[m\x1b[K In static member function \xe2\x80\x98\x1b[01m\x1b[Kstatic rp::hal::Thread rp::hal::Thread::\x1b[01;32m\x1b[Kcreate\x1b[m\x1b[K(thread_proc_t, void*)\x1b[m\x1b[K\xe2\x80\x99:\n'}
[31.349949] (rplidar_ros) StderrLine: {'line': b'\x1b[01m\x1b[K/home/punished_venom/DroneControls/src/rplidar_ros/sdk/src/arch/linux/thread.hpp:52:57:\x1b[m\x1b[K \x1b[01;35m\x1b[Kwarning: \x1b[m\x1b[Kcast between incompatible function types from \xe2\x80\x98\x1b[01m\x1b[K\x1b[01;32m\x1b[Kthread_proc_t\x1b[m\x1b[K\xe2\x80\x99 {aka \xe2\x80\x98\x1b[01m\x1b[K\x1b[01;32m\x1b[Klong unsigned int (*)(void*)\x1b[m\x1b[K\xe2\x80\x99} to \xe2\x80\x98\x1b[01m\x1b[K\x1b[01;34m\x1b[Kvoid* (*)(void*)\x1b[m\x1b[K\x1b[m\x1b[K\xe2\x80\x99 [\x1b[01;35m\x1b[K-Wcast-function-type\x1b[m\x1b[K]\n'}
[31.350286] (rplidar_ros) StderrLine: {'line': b'   52 |     pthread_create((pthread_t *)&newborn._handle, NULL, \x1b[01;35m\x1b[K(void * (*)(void *))proc\x1b[m\x1b[K, data);\n'}
[31.350912] (rplidar_ros) StderrLine: {'line': b'      |                                                         \x1b[01;35m\x1b[K^~~~~~~~~~~~~~~~~~~~~~~~\x1b[m\x1b[K\n'}
[31.353645] (rplidar_ros) StderrLine: {'line': b'\x1b[01m\x1b[K/home/punished_venom/DroneControls/src/rplidar_ros/sdk/src/arch/linux/thread.hpp:\x1b[m\x1b[K In member function \xe2\x80\x98\x1b[01m\x1b[Ku_result rp::hal::Thread::\x1b[01;32m\x1b[Kjoin\x1b[m\x1b[K(long unsigned int)\x1b[m\x1b[K\xe2\x80\x99:\n'}
[31.354254] (rplidar_ros) StderrLine: {'line': b'\x1b[01m\x1b[K/home/punished_venom/DroneControls/src/rplidar_ros/sdk/src/arch/linux/thread.hpp:176:37:\x1b[m\x1b[K \x1b[01;35m\x1b[Kwarning: \x1b[m\x1b[Kunused parameter \xe2\x80\x98\x1b[01m\x1b[Ktimeout\x1b[m\x1b[K\xe2\x80\x99 [\x1b[01;35m\x1b[K-Wunused-parameter\x1b[m\x1b[K]\n'}
[31.354717] (rplidar_ros) StderrLine: {'line': b'  176 | u_result Thread::join(\x1b[01;35m\x1b[Kunsigned long timeout\x1b[m\x1b[K)\n'}
[31.355057] (rplidar_ros) StderrLine: {'line': b'      |                       \x1b[01;35m\x1b[K~~~~~~~~~~~~~~^~~~~~~\x1b[m\x1b[K\n'}
[31.433207] (-) TimerEvent: {}
[31.533895] (-) TimerEvent: {}
[31.634580] (-) TimerEvent: {}
[31.735299] (-) TimerEvent: {}
[31.802642] (rplidar_ros) StdoutLine: {'line': b'[ 26%] \x1b[32mBuilding CXX object CMakeFiles/rplidar_node.dir/sdk/src/rplidar_driver.cpp.o\x1b[0m\n'}
[31.835505] (-) TimerEvent: {}
[31.936181] (-) TimerEvent: {}
[32.036912] (-) TimerEvent: {}
[32.137595] (-) TimerEvent: {}
[32.238265] (-) TimerEvent: {}
[32.339027] (-) TimerEvent: {}
[32.440049] (-) TimerEvent: {}
[32.540729] (-) TimerEvent: {}
[32.641476] (-) TimerEvent: {}
[32.742146] (-) TimerEvent: {}
[32.842856] (-) TimerEvent: {}
[32.943630] (-) TimerEvent: {}
[33.044314] (-) TimerEvent: {}
[33.145181] (-) TimerEvent: {}
[33.245965] (-) TimerEvent: {}
[33.346722] (-) TimerEvent: {}
[33.447434] (-) TimerEvent: {}
[33.548186] (-) TimerEvent: {}
[33.648922] (-) TimerEvent: {}
[33.659189] (rplidar_ros) StderrLine: {'line': b'In file included from \x1b[01m\x1b[K/home/punished_venom/DroneControls/src/rplidar_ros/sdk/include/rplidar_protocol.h:36\x1b[m\x1b[K,\n'}
[33.659809] (rplidar_ros) StderrLine: {'line': b'                 from \x1b[01m\x1b[K/home/punished_venom/DroneControls/src/rplidar_ros/sdk/include/rplidar.h:39\x1b[m\x1b[K,\n'}
[33.660199] (rplidar_ros) StderrLine: {'line': b'                 from \x1b[01m\x1b[K/home/punished_venom/DroneControls/src/rplidar_ros/sdk/src/sdkcommon.h:49\x1b[m\x1b[K,\n'}
[33.660619] (rplidar_ros) StderrLine: {'line': b'                 from \x1b[01m\x1b[K/home/punished_venom/DroneControls/src/rplidar_ros/sdk/src/rplidar_driver.cpp:33\x1b[m\x1b[K:\n'}
[33.660999] (rplidar_ros) StderrLine: {'line': b'\x1b[01m\x1b[K/home/punished_venom/DroneControls/src/rplidar_ros/sdk/include/sl_lidar_protocol.h:66:16:\x1b[m\x1b[K \x1b[01;35m\x1b[Kwarning: \x1b[m\x1b[KISO C++ forbids zero-size array \xe2\x80\x98\x1b[01m\x1b[Kdata\x1b[m\x1b[K\xe2\x80\x99 [\x1b[01;35m\x1b[K-Wpedantic\x1b[m\x1b[K]\n'}
[33.661816] (rplidar_ros) StderrLine: {'line': b'   66 |     sl_u8 data[\x1b[01;35m\x1b[K0\x1b[m\x1b[K];\n'}
[33.662269] (rplidar_ros) StderrLine: {'line': b'      |                \x1b[01;35m\x1b[K^\x1b[m\x1b[K\n'}
[33.662724] (rplidar_ros) StderrLine: {'line': b'In file included from \x1b[01m\x1b[K/home/punished_venom/DroneControls/src/rplidar_ros/sdk/include/rplidar_cmd.h:36\x1b[m\x1b[K,\n'}
[33.663093] (rplidar_ros) StderrLine: {'line': b'                 from \x1b[01m\x1b[K/home/punished_venom/DroneControls/src/rplidar_ros/sdk/include/rplidar.h:40\x1b[m\x1b[K:\n'}
[33.663544] (rplidar_ros) StderrLine: {'line': b'\x1b[01m\x1b[K/home/punished_venom/DroneControls/src/rplidar_ros/sdk/include/sl_lidar_cmd.h:324:20:\x1b[m\x1b[K \x1b[01;35m\x1b[Kwarning: \x1b[m\x1b[KISO C++ forbids zero-size array \xe2\x80\x98\x1b[01m\x1b[Kpayload\x1b[m\x1b[K\xe2\x80\x99 [\x1b[01;35m\x1b[K-Wpedantic\x1b[m\x1b[K]\n'}
[33.663970] (rplidar_ros) StderrLine: {'line': b'  324 |     sl_u8  payload[\x1b[01;35m\x1b[K0\x1b[m\x1b[K];\n'}
[33.664508] (rplidar_ros) StderrLine: {'line': b'      |                    \x1b[01;35m\x1b[K^\x1b[m\x1b[K\n'}
[33.749161] (-) TimerEvent: {}
[33.849942] (-) TimerEvent: {}
[33.950666] (-) TimerEvent: {}
[33.966387] (rplidar_ros) StderrLine: {'line': b'\x1b[01m\x1b[K/home/punished_venom/DroneControls/src/rplidar_ros/sdk/src/rplidar_driver.cpp:\x1b[m\x1b[K In member function \xe2\x80\x98\x1b[01m\x1b[Ku_result rp::standalone::rplidar::RPlidarDriver::\x1b[01;32m\x1b[Kconnect\x1b[m\x1b[K(const char*, _u32, _u32)\x1b[m\x1b[K\xe2\x80\x99:\n'}
[33.966972] (rplidar_ros) StderrLine: {'line': b'\x1b[01m\x1b[K/home/punished_venom/DroneControls/src/rplidar_ros/sdk/src/rplidar_driver.cpp:67:77:\x1b[m\x1b[K \x1b[01;35m\x1b[Kwarning: \x1b[m\x1b[Kunused parameter \xe2\x80\x98\x1b[01m\x1b[Kflag\x1b[m\x1b[K\xe2\x80\x99 [\x1b[01;35m\x1b[K-Wunused-parameter\x1b[m\x1b[K]\n'}
[33.967431] (rplidar_ros) StderrLine: {'line': b'   67 |     u_result RPlidarDriver::connect(const char *path, _u32 portOrBaud, \x1b[01;35m\x1b[K_u32 flag\x1b[m\x1b[K)\n'}
[33.967840] (rplidar_ros) StderrLine: {'line': b'      |                                                                        \x1b[01;35m\x1b[K~~~~~^~~~\x1b[m\x1b[K\n'}
[33.968559] (rplidar_ros) StderrLine: {'line': b'\x1b[01m\x1b[K/home/punished_venom/DroneControls/src/rplidar_ros/sdk/src/rplidar_driver.cpp:\x1b[m\x1b[K In member function \xe2\x80\x98\x1b[01m\x1b[Ku_result rp::standalone::rplidar::RPlidarDriver::\x1b[01;32m\x1b[Kreset\x1b[m\x1b[K(_u32)\x1b[m\x1b[K\xe2\x80\x99:\n'}
[33.969080] (rplidar_ros) StderrLine: {'line': b'\x1b[01m\x1b[K/home/punished_venom/DroneControls/src/rplidar_ros/sdk/src/rplidar_driver.cpp:101:40:\x1b[m\x1b[K \x1b[01;35m\x1b[Kwarning: \x1b[m\x1b[Kunused parameter \xe2\x80\x98\x1b[01m\x1b[Ktimeout\x1b[m\x1b[K\xe2\x80\x99 [\x1b[01;35m\x1b[K-Wunused-parameter\x1b[m\x1b[K]\n'}
[33.969795] (rplidar_ros) StderrLine: {'line': b'  101 |     u_result RPlidarDriver::reset(\x1b[01;35m\x1b[K_u32 timeout\x1b[m\x1b[K)\n'}
[33.970977] (rplidar_ros) StderrLine: {'line': b'      |                                   \x1b[01;35m\x1b[K~~~~~^~~~~~~\x1b[m\x1b[K\n'}
[33.974519] (rplidar_ros) StderrLine: {'line': b'\x1b[01m\x1b[K/home/punished_venom/DroneControls/src/rplidar_ros/sdk/src/rplidar_driver.cpp:\x1b[m\x1b[K In member function \xe2\x80\x98\x1b[01m\x1b[Ku_result rp::standalone::rplidar::RPlidarDriver::\x1b[01;32m\x1b[KgetScanDataWithInterval\x1b[m\x1b[K(rplidar_response_measurement_node_t*, size_t&)\x1b[m\x1b[K\xe2\x80\x99:\n'}
[33.975089] (rplidar_ros) StderrLine: {'line': b'\x1b[01m\x1b[K/home/punished_venom/DroneControls/src/rplidar_ros/sdk/src/rplidar_driver.cpp:180:91:\x1b[m\x1b[K \x1b[01;35m\x1b[Kwarning: \x1b[m\x1b[Kunused parameter \xe2\x80\x98\x1b[01m\x1b[Knodebuffer\x1b[m\x1b[K\xe2\x80\x99 [\x1b[01;35m\x1b[K-Wunused-parameter\x1b[m\x1b[K]\n'}
[33.975950] (rplidar_ros) StderrLine: {'line': b'  180 |     u_result RPlidarDriver::getScanDataWithInterval(\x1b[01;35m\x1b[Krplidar_response_measurement_node_t * nodebuffer\x1b[m\x1b[K, size_t & count)\n'}
[33.976662] (rplidar_ros) StderrLine: {'line': b'      |                                                     \x1b[01;35m\x1b[K~~~~~~~~~~~~~~~~~~~~~~~~~~~~~~~~~~~~~~^~~~~~~~~~\x1b[m\x1b[K\n'}
[33.977162] (rplidar_ros) StderrLine: {'line': b'\x1b[01m\x1b[K/home/punished_venom/DroneControls/src/rplidar_ros/sdk/src/rplidar_driver.cpp:180:112:\x1b[m\x1b[K \x1b[01;35m\x1b[Kwarning: \x1b[m\x1b[Kunused parameter \xe2\x80\x98\x1b[01m\x1b[Kcount\x1b[m\x1b[K\xe2\x80\x99 [\x1b[01;35m\x1b[K-Wunused-parameter\x1b[m\x1b[K]\n'}
[33.977606] (rplidar_ros) StderrLine: {'line': b'  180 |     u_result RPlidarDriver::getScanDataWithInterval(rplidar_response_measurement_node_t * nodebuffer, \x1b[01;35m\x1b[Ksize_t & count\x1b[m\x1b[K)\n'}
[33.977939] (rplidar_ros) StderrLine: {'line': b'      |                                                                                                       \x1b[01;35m\x1b[K~~~~~~~~~^~~~~\x1b[m\x1b[K\n'}
[34.050906] (-) TimerEvent: {}
[34.151667] (-) TimerEvent: {}
[34.252314] (-) TimerEvent: {}
[34.353175] (-) TimerEvent: {}
[34.454278] (-) TimerEvent: {}
[34.555083] (-) TimerEvent: {}
[34.594453] (rplidar_ros) StdoutLine: {'line': b'[ 28%] \x1b[32mBuilding CXX object CMakeFiles/rplidar_node.dir/sdk/src/sl_async_transceiver.cpp.o\x1b[0m\n'}
[34.655285] (-) TimerEvent: {}
[34.755946] (-) TimerEvent: {}
[34.856680] (-) TimerEvent: {}
[34.957309] (-) TimerEvent: {}
[35.057919] (-) TimerEvent: {}
[35.158664] (-) TimerEvent: {}
[35.259636] (-) TimerEvent: {}
[35.360482] (-) TimerEvent: {}
[35.362810] (rplidar_ros) StdoutLine: {'line': b'[ 31%] \x1b[32mBuilding CXX object CMakeFiles/rplidar_node.dir/sdk/src/sl_crc.cpp.o\x1b[0m\n'}
[35.426198] (rplidar_ros) StderrLine: {'line': b'In file included from \x1b[01m\x1b[K/home/punished_venom/DroneControls/src/rplidar_ros/sdk/include/sl_lidar_cmd.h:41\x1b[m\x1b[K,\n'}
[35.426795] (rplidar_ros) StderrLine: {'line': b'                 from \x1b[01m\x1b[K/home/punished_venom/DroneControls/src/rplidar_ros/sdk/include/sl_crc.h:36\x1b[m\x1b[K,\n'}
[35.427147] (rplidar_ros) StderrLine: {'line': b'                 from \x1b[01m\x1b[K/home/punished_venom/DroneControls/src/rplidar_ros/sdk/src/sl_crc.cpp:33\x1b[m\x1b[K:\n'}
[35.427574] (rplidar_ros) StderrLine: {'line': b'\x1b[01m\x1b[K/home/punished_venom/DroneControls/src/rplidar_ros/sdk/include/sl_lidar_protocol.h:66:16:\x1b[m\x1b[K \x1b[01;35m\x1b[Kwarning: \x1b[m\x1b[KISO C++ forbids zero-size array \xe2\x80\x98\x1b[01m\x1b[Kdata\x1b[m\x1b[K\xe2\x80\x99 [\x1b[01;35m\x1b[K-Wpedantic\x1b[m\x1b[K]\n'}
[35.427963] (rplidar_ros) StderrLine: {'line': b'   66 |     sl_u8 data[\x1b[01;35m\x1b[K0\x1b[m\x1b[K];\n'}
[35.428411] (rplidar_ros) StderrLine: {'line': b'      |                \x1b[01;35m\x1b[K^\x1b[m\x1b[K\n'}
[35.428981] (rplidar_ros) StderrLine: {'line': b'\x1b[01m\x1b[K/home/punished_venom/DroneControls/src/rplidar_ros/sdk/include/sl_lidar_cmd.h:324:20:\x1b[m\x1b[K \x1b[01;35m\x1b[Kwarning: \x1b[m\x1b[KISO C++ forbids zero-size array \xe2\x80\x98\x1b[01m\x1b[Kpayload\x1b[m\x1b[K\xe2\x80\x99 [\x1b[01;35m\x1b[K-Wpedantic\x1b[m\x1b[K]\n'}
[35.429312] (rplidar_ros) StderrLine: {'line': b'  324 |     sl_u8  payload[\x1b[01;35m\x1b[K0\x1b[m\x1b[K];\n'}
[35.429759] (rplidar_ros) StderrLine: {'line': b'      |                    \x1b[01;35m\x1b[K^\x1b[m\x1b[K\n'}
[35.460660] (-) TimerEvent: {}
[35.503203] (rplidar_ros) StdoutLine: {'line': b'[ 34%] \x1b[32mBuilding CXX object CMakeFiles/rplidar_node.dir/sdk/src/sl_lidar_driver.cpp.o\x1b[0m\n'}
[35.560835] (-) TimerEvent: {}
[35.661478] (-) TimerEvent: {}
[35.762139] (-) TimerEvent: {}
[35.862875] (-) TimerEvent: {}
[35.963492] (-) TimerEvent: {}
[36.064184] (-) TimerEvent: {}
[36.164857] (-) TimerEvent: {}
[36.265521] (-) TimerEvent: {}
[36.366187] (-) TimerEvent: {}
[36.421161] (rplidar_ros) StderrLine: {'line': b'In file included from \x1b[01m\x1b[K/home/punished_venom/DroneControls/src/rplidar_ros/sdk/include/rplidar_protocol.h:36\x1b[m\x1b[K,\n'}
[36.421783] (rplidar_ros) StderrLine: {'line': b'                 from \x1b[01m\x1b[K/home/punished_venom/DroneControls/src/rplidar_ros/sdk/include/rplidar.h:39\x1b[m\x1b[K,\n'}
[36.422119] (rplidar_ros) StderrLine: {'line': b'                 from \x1b[01m\x1b[K/home/punished_venom/DroneControls/src/rplidar_ros/sdk/src/sdkcommon.h:49\x1b[m\x1b[K,\n'}
[36.422592] (rplidar_ros) StderrLine: {'line': b'                 from \x1b[01m\x1b[K/home/punished_venom/DroneControls/src/rplidar_ros/sdk/src/sl_async_transceiver.cpp:35\x1b[m\x1b[K:\n'}
[36.423030] (rplidar_ros) StderrLine: {'line': b'\x1b[01m\x1b[K/home/punished_venom/DroneControls/src/rplidar_ros/sdk/include/sl_lidar_protocol.h:66:16:\x1b[m\x1b[K \x1b[01;35m\x1b[Kwarning: \x1b[m\x1b[KISO C++ forbids zero-size array \xe2\x80\x98\x1b[01m\x1b[Kdata\x1b[m\x1b[K\xe2\x80\x99 [\x1b[01;35m\x1b[K-Wpedantic\x1b[m\x1b[K]\n'}
[36.423644] (rplidar_ros) StderrLine: {'line': b'   66 |     sl_u8 data[\x1b[01;35m\x1b[K0\x1b[m\x1b[K];\n'}
[36.424044] (rplidar_ros) StderrLine: {'line': b'      |                \x1b[01;35m\x1b[K^\x1b[m\x1b[K\n'}
[36.424388] (rplidar_ros) StderrLine: {'line': b'In file included from \x1b[01m\x1b[K/home/punished_venom/DroneControls/src/rplidar_ros/sdk/include/rplidar_cmd.h:36\x1b[m\x1b[K,\n'}
[36.424875] (rplidar_ros) StderrLine: {'line': b'                 from \x1b[01m\x1b[K/home/punished_venom/DroneControls/src/rplidar_ros/sdk/include/rplidar.h:40\x1b[m\x1b[K:\n'}
[36.425213] (rplidar_ros) StderrLine: {'line': b'\x1b[01m\x1b[K/home/punished_venom/DroneControls/src/rplidar_ros/sdk/include/sl_lidar_cmd.h:324:20:\x1b[m\x1b[K \x1b[01;35m\x1b[Kwarning: \x1b[m\x1b[KISO C++ forbids zero-size array \xe2\x80\x98\x1b[01m\x1b[Kpayload\x1b[m\x1b[K\xe2\x80\x99 [\x1b[01;35m\x1b[K-Wpedantic\x1b[m\x1b[K]\n'}
[36.425704] (rplidar_ros) StderrLine: {'line': b'  324 |     sl_u8  payload[\x1b[01;35m\x1b[K0\x1b[m\x1b[K];\n'}
[36.426037] (rplidar_ros) StderrLine: {'line': b'      |                    \x1b[01;35m\x1b[K^\x1b[m\x1b[K\n'}
[36.466451] (-) TimerEvent: {}
[36.567095] (-) TimerEvent: {}
[36.667790] (-) TimerEvent: {}
[36.768479] (-) TimerEvent: {}
[36.774470] (rplidar_ros) StderrLine: {'line': b'In file included from \x1b[01m\x1b[K/home/punished_venom/DroneControls/src/rplidar_ros/sdk/src/sl_async_transceiver.cpp:44\x1b[m\x1b[K:\n'}
[36.775032] (rplidar_ros) StderrLine: {'line': b'\x1b[01m\x1b[K/home/punished_venom/DroneControls/src/rplidar_ros/sdk/src/sl_async_transceiver.h:\x1b[m\x1b[K In member function \xe2\x80\x98\x1b[01m\x1b[Kvirtual void sl::internal::IAsyncProtocolCodec::\x1b[01;32m\x1b[KonChannelError\x1b[m\x1b[K(u_result)\x1b[m\x1b[K\xe2\x80\x99:\n'}
[36.775595] (rplidar_ros) StderrLine: {'line': b'\x1b[01m\x1b[K/home/punished_venom/DroneControls/src/rplidar_ros/sdk/src/sl_async_transceiver.h:90:48:\x1b[m\x1b[K \x1b[01;35m\x1b[Kwarning: \x1b[m\x1b[Kunused parameter \xe2\x80\x98\x1b[01m\x1b[KerrCode\x1b[m\x1b[K\xe2\x80\x99 [\x1b[01;35m\x1b[K-Wunused-parameter\x1b[m\x1b[K]\n'}
[36.775988] (rplidar_ros) StderrLine: {'line': b'   90 |         virtual void   onChannelError(\x1b[01;35m\x1b[Ku_result errCode\x1b[m\x1b[K) {}\n'}
[36.776289] (rplidar_ros) StderrLine: {'line': b'      |                                       \x1b[01;35m\x1b[K~~~~~~~~~^~~~~~~\x1b[m\x1b[K\n'}
[36.868654] (-) TimerEvent: {}
[36.969347] (-) TimerEvent: {}
[37.070145] (-) TimerEvent: {}
[37.170926] (-) TimerEvent: {}
[37.271600] (-) TimerEvent: {}
[37.328241] (rplidar_ros) StderrLine: {'line': b'In file included from \x1b[01m\x1b[K/home/punished_venom/DroneControls/src/rplidar_ros/sdk/include/rplidar_protocol.h:36\x1b[m\x1b[K,\n'}
[37.328855] (rplidar_ros) StderrLine: {'line': b'                 from \x1b[01m\x1b[K/home/punished_venom/DroneControls/src/rplidar_ros/sdk/include/rplidar.h:39\x1b[m\x1b[K,\n'}
[37.329170] (rplidar_ros) StderrLine: {'line': b'                 from \x1b[01m\x1b[K/home/punished_venom/DroneControls/src/rplidar_ros/sdk/src/sdkcommon.h:49\x1b[m\x1b[K,\n'}
[37.329533] (rplidar_ros) StderrLine: {'line': b'                 from \x1b[01m\x1b[K/home/punished_venom/DroneControls/src/rplidar_ros/sdk/src/sl_lidar_driver.cpp:33\x1b[m\x1b[K:\n'}
[37.329894] (rplidar_ros) StderrLine: {'line': b'\x1b[01m\x1b[K/home/punished_venom/DroneControls/src/rplidar_ros/sdk/include/sl_lidar_protocol.h:66:16:\x1b[m\x1b[K \x1b[01;35m\x1b[Kwarning: \x1b[m\x1b[KISO C++ forbids zero-size array \xe2\x80\x98\x1b[01m\x1b[Kdata\x1b[m\x1b[K\xe2\x80\x99 [\x1b[01;35m\x1b[K-Wpedantic\x1b[m\x1b[K]\n'}
[37.330359] (rplidar_ros) StderrLine: {'line': b'   66 |     sl_u8 data[\x1b[01;35m\x1b[K0\x1b[m\x1b[K];\n'}
[37.331038] (rplidar_ros) StderrLine: {'line': b'      |                \x1b[01;35m\x1b[K^\x1b[m\x1b[K\n'}
[37.331360] (rplidar_ros) StderrLine: {'line': b'In file included from \x1b[01m\x1b[K/home/punished_venom/DroneControls/src/rplidar_ros/sdk/include/rplidar_cmd.h:36\x1b[m\x1b[K,\n'}
[37.331774] (rplidar_ros) StderrLine: {'line': b'                 from \x1b[01m\x1b[K/home/punished_venom/DroneControls/src/rplidar_ros/sdk/include/rplidar.h:40\x1b[m\x1b[K:\n'}
[37.332111] (rplidar_ros) StderrLine: {'line': b'\x1b[01m\x1b[K/home/punished_venom/DroneControls/src/rplidar_ros/sdk/include/sl_lidar_cmd.h:324:20:\x1b[m\x1b[K \x1b[01;35m\x1b[Kwarning: \x1b[m\x1b[KISO C++ forbids zero-size array \xe2\x80\x98\x1b[01m\x1b[Kpayload\x1b[m\x1b[K\xe2\x80\x99 [\x1b[01;35m\x1b[K-Wpedantic\x1b[m\x1b[K]\n'}
[37.332647] (rplidar_ros) StderrLine: {'line': b'  324 |     sl_u8  payload[\x1b[01;35m\x1b[K0\x1b[m\x1b[K];\n'}
[37.333016] (rplidar_ros) StderrLine: {'line': b'      |                    \x1b[01;35m\x1b[K^\x1b[m\x1b[K\n'}
[37.371852] (-) TimerEvent: {}
[37.472501] (-) TimerEvent: {}
[37.529652] (rplidar_ros) StdoutLine: {'line': b'[ 36%] \x1b[32mBuilding CXX object CMakeFiles/rplidar_node.dir/sdk/src/sl_lidarprotocol_codec.cpp.o\x1b[0m\n'}
[37.572681] (-) TimerEvent: {}
[37.673390] (-) TimerEvent: {}
[37.774158] (-) TimerEvent: {}
[37.875170] (-) TimerEvent: {}
[37.947227] (rplidar_ros) StderrLine: {'line': b'In file included from \x1b[01m\x1b[K/home/punished_venom/DroneControls/src/rplidar_ros/sdk/src/sl_lidar_driver.cpp:50\x1b[m\x1b[K:\n'}
[37.947772] (rplidar_ros) StderrLine: {'line': b'\x1b[01m\x1b[K/home/punished_venom/DroneControls/src/rplidar_ros/sdk/src/dataunpacker/dataunpacker.h:\x1b[m\x1b[K In member function \xe2\x80\x98\x1b[01m\x1b[Kvirtual void sl::internal::LIDARSampleDataListener::\x1b[01;32m\x1b[KonCustomSampleDataDecoded\x1b[m\x1b[K(_u8, _u32, const void*, size_t)\x1b[m\x1b[K\xe2\x80\x99:\n'}
[37.948066] (rplidar_ros) StderrLine: {'line': b'\x1b[01m\x1b[K/home/punished_venom/DroneControls/src/rplidar_ros/sdk/src/dataunpacker/dataunpacker.h:54:52:\x1b[m\x1b[K \x1b[01;35m\x1b[Kwarning: \x1b[m\x1b[Kunused parameter \xe2\x80\x98\x1b[01m\x1b[KansType\x1b[m\x1b[K\xe2\x80\x99 [\x1b[01;35m\x1b[K-Wunused-parameter\x1b[m\x1b[K]\n'}
[37.948514] (rplidar_ros) StderrLine: {'line': b'   54 |         virtual void onCustomSampleDataDecoded(\x1b[01;35m\x1b[K_u8 ansType\x1b[m\x1b[K, _u32 customCode, const void* data, size_t size) {}\n'}
[37.949222] (rplidar_ros) StderrLine: {'line': b'      |                                                \x1b[01;35m\x1b[K~~~~^~~~~~~\x1b[m\x1b[K\n'}
[37.949627] (rplidar_ros) StderrLine: {'line': b'\x1b[01m\x1b[K/home/punished_venom/DroneControls/src/rplidar_ros/sdk/src/dataunpacker/dataunpacker.h:54:66:\x1b[m\x1b[K \x1b[01;35m\x1b[Kwarning: \x1b[m\x1b[Kunused parameter \xe2\x80\x98\x1b[01m\x1b[KcustomCode\x1b[m\x1b[K\xe2\x80\x99 [\x1b[01;35m\x1b[K-Wunused-parameter\x1b[m\x1b[K]\n'}
[37.949922] (rplidar_ros) StderrLine: {'line': b'   54 |         virtual void onCustomSampleDataDecoded(_u8 ansType, \x1b[01;35m\x1b[K_u32 customCode\x1b[m\x1b[K, const void* data, size_t size) {}\n'}
[37.950160] (rplidar_ros) StderrLine: {'line': b'      |                                                             \x1b[01;35m\x1b[K~~~~~^~~~~~~~~~\x1b[m\x1b[K\n'}
[37.950608] (rplidar_ros) StderrLine: {'line': b'\x1b[01m\x1b[K/home/punished_venom/DroneControls/src/rplidar_ros/sdk/src/dataunpacker/dataunpacker.h:54:90:\x1b[m\x1b[K \x1b[01;35m\x1b[Kwarning: \x1b[m\x1b[Kunused parameter \xe2\x80\x98\x1b[01m\x1b[Kdata\x1b[m\x1b[K\xe2\x80\x99 [\x1b[01;35m\x1b[K-Wunused-parameter\x1b[m\x1b[K]\n'}
[37.950897] (rplidar_ros) StderrLine: {'line': b'   54 |         virtual void onCustomSampleDataDecoded(_u8 ansType, _u32 customCode, \x1b[01;35m\x1b[Kconst void* data\x1b[m\x1b[K, size_t size) {}\n'}
[37.951185] (rplidar_ros) StderrLine: {'line': b'      |                                                                              \x1b[01;35m\x1b[K~~~~~~~~~~~~^~~~\x1b[m\x1b[K\n'}
[37.951537] (rplidar_ros) StderrLine: {'line': b'\x1b[01m\x1b[K/home/punished_venom/DroneControls/src/rplidar_ros/sdk/src/dataunpacker/dataunpacker.h:54:103:\x1b[m\x1b[K \x1b[01;35m\x1b[Kwarning: \x1b[m\x1b[Kunused parameter \xe2\x80\x98\x1b[01m\x1b[Ksize\x1b[m\x1b[K\xe2\x80\x99 [\x1b[01;35m\x1b[K-Wunused-parameter\x1b[m\x1b[K]\n'}
[37.951855] (rplidar_ros) StderrLine: {'line': b'   54 |         virtual void onCustomSampleDataDecoded(_u8 ansType, _u32 customCode, const void* data, \x1b[01;35m\x1b[Ksize_t size\x1b[m\x1b[K) {}\n'}
[37.952126] (rplidar_ros) StderrLine: {'line': b'      |                                                                                                \x1b[01;35m\x1b[K~~~~~~~^~~~\x1b[m\x1b[K\n'}
[37.952640] (rplidar_ros) StderrLine: {'line': b'\x1b[01m\x1b[K/home/punished_venom/DroneControls/src/rplidar_ros/sdk/src/dataunpacker/dataunpacker.h:\x1b[m\x1b[K In member function \xe2\x80\x98\x1b[01m\x1b[Kvirtual void sl::internal::LIDARSampleDataListener::\x1b[01;32m\x1b[KonDecodingError\x1b[m\x1b[K(int, _u8, const void*, size_t)\x1b[m\x1b[K\xe2\x80\x99:\n'}
[37.953010] (rplidar_ros) StderrLine: {'line': b'\x1b[01m\x1b[K/home/punished_venom/DroneControls/src/rplidar_ros/sdk/src/dataunpacker/dataunpacker.h:56:42:\x1b[m\x1b[K \x1b[01;35m\x1b[Kwarning: \x1b[m\x1b[Kunused parameter \xe2\x80\x98\x1b[01m\x1b[KerrMsg\x1b[m\x1b[K\xe2\x80\x99 [\x1b[01;35m\x1b[K-Wunused-parameter\x1b[m\x1b[K]\n'}
[37.953265] (rplidar_ros) StderrLine: {'line': b'   56 |         virtual void onDecodingError(\x1b[01;35m\x1b[Kint errMsg\x1b[m\x1b[K, _u8 ansType, const void* payload, size_t size) {}\n'}
[37.953632] (rplidar_ros) StderrLine: {'line': b'      |                                      \x1b[01;35m\x1b[K~~~~^~~~~~\x1b[m\x1b[K\n'}
[37.953929] (rplidar_ros) StderrLine: {'line': b'\x1b[01m\x1b[K/home/punished_venom/DroneControls/src/rplidar_ros/sdk/src/dataunpacker/dataunpacker.h:56:54:\x1b[m\x1b[K \x1b[01;35m\x1b[Kwarning: \x1b[m\x1b[Kunused parameter \xe2\x80\x98\x1b[01m\x1b[KansType\x1b[m\x1b[K\xe2\x80\x99 [\x1b[01;35m\x1b[K-Wunused-parameter\x1b[m\x1b[K]\n'}
[37.954254] (rplidar_ros) StderrLine: {'line': b'   56 |         virtual void onDecodingError(int errMsg, \x1b[01;35m\x1b[K_u8 ansType\x1b[m\x1b[K, const void* payload, size_t size) {}\n'}
[37.954652] (rplidar_ros) StderrLine: {'line': b'      |                                                  \x1b[01;35m\x1b[K~~~~^~~~~~~\x1b[m\x1b[K\n'}
[37.954935] (rplidar_ros) StderrLine: {'line': b'\x1b[01m\x1b[K/home/punished_venom/DroneControls/src/rplidar_ros/sdk/src/dataunpacker/dataunpacker.h:56:75:\x1b[m\x1b[K \x1b[01;35m\x1b[Kwarning: \x1b[m\x1b[Kunused parameter \xe2\x80\x98\x1b[01m\x1b[Kpayload\x1b[m\x1b[K\xe2\x80\x99 [\x1b[01;35m\x1b[K-Wunused-parameter\x1b[m\x1b[K]\n'}
[37.955226] (rplidar_ros) StderrLine: {'line': b'   56 |         virtual void onDecodingError(int errMsg, _u8 ansType, \x1b[01;35m\x1b[Kconst void* payload\x1b[m\x1b[K, size_t size) {}\n'}
[37.955614] (rplidar_ros) StderrLine: {'line': b'      |                                                               \x1b[01;35m\x1b[K~~~~~~~~~~~~^~~~~~~\x1b[m\x1b[K\n'}
[37.955920] (rplidar_ros) StderrLine: {'line': b'\x1b[01m\x1b[K/home/punished_venom/DroneControls/src/rplidar_ros/sdk/src/dataunpacker/dataunpacker.h:56:91:\x1b[m\x1b[K \x1b[01;35m\x1b[Kwarning: \x1b[m\x1b[Kunused parameter \xe2\x80\x98\x1b[01m\x1b[Ksize\x1b[m\x1b[K\xe2\x80\x99 [\x1b[01;35m\x1b[K-Wunused-parameter\x1b[m\x1b[K]\n'}
[37.956181] (rplidar_ros) StderrLine: {'line': b'   56 |         virtual void onDecodingError(int errMsg, _u8 ansType, const void* payload, \x1b[01;35m\x1b[Ksize_t size\x1b[m\x1b[K) {}\n'}
[37.956522] (rplidar_ros) StderrLine: {'line': b'      |                                                                                    \x1b[01;35m\x1b[K~~~~~~~^~~~\x1b[m\x1b[K\n'}
[37.975350] (-) TimerEvent: {}
[37.991093] (rplidar_ros) StderrLine: {'line': b'In file included from \x1b[01m\x1b[K/home/punished_venom/DroneControls/src/rplidar_ros/sdk/src/sl_lidar_driver.cpp:51\x1b[m\x1b[K:\n'}
[37.991633] (rplidar_ros) StderrLine: {'line': b'\x1b[01m\x1b[K/home/punished_venom/DroneControls/src/rplidar_ros/sdk/src/sl_async_transceiver.h:\x1b[m\x1b[K In member function \xe2\x80\x98\x1b[01m\x1b[Kvirtual void sl::internal::IAsyncProtocolCodec::\x1b[01;32m\x1b[KonChannelError\x1b[m\x1b[K(u_result)\x1b[m\x1b[K\xe2\x80\x99:\n'}
[37.991968] (rplidar_ros) StderrLine: {'line': b'\x1b[01m\x1b[K/home/punished_venom/DroneControls/src/rplidar_ros/sdk/src/sl_async_transceiver.h:90:48:\x1b[m\x1b[K \x1b[01;35m\x1b[Kwarning: \x1b[m\x1b[Kunused parameter \xe2\x80\x98\x1b[01m\x1b[KerrCode\x1b[m\x1b[K\xe2\x80\x99 [\x1b[01;35m\x1b[K-Wunused-parameter\x1b[m\x1b[K]\n'}
[37.992218] (rplidar_ros) StderrLine: {'line': b'   90 |         virtual void   onChannelError(\x1b[01;35m\x1b[Ku_result errCode\x1b[m\x1b[K) {}\n'}
[37.992717] (rplidar_ros) StderrLine: {'line': b'      |                                       \x1b[01;35m\x1b[K~~~~~~~~~^~~~~~~\x1b[m\x1b[K\n'}
[38.075500] (-) TimerEvent: {}
[38.080674] (rplidar_ros) StderrLine: {'line': b'\x1b[01m\x1b[K/home/punished_venom/DroneControls/src/rplidar_ros/sdk/src/sl_lidar_driver.cpp:\x1b[m\x1b[K In member function \xe2\x80\x98\x1b[01m\x1b[Kvirtual sl_result sl::SlamtecLidarDriver::\x1b[01;32m\x1b[Kreset\x1b[m\x1b[K(sl_u32)\x1b[m\x1b[K\xe2\x80\x99:\n'}
[38.081170] (rplidar_ros) StderrLine: {'line': b'\x1b[01m\x1b[K/home/punished_venom/DroneControls/src/rplidar_ros/sdk/src/sl_lidar_driver.cpp:511:32:\x1b[m\x1b[K \x1b[01;35m\x1b[Kwarning: \x1b[m\x1b[Kunused parameter \xe2\x80\x98\x1b[01m\x1b[KtimeoutInMs\x1b[m\x1b[K\xe2\x80\x99 [\x1b[01;35m\x1b[K-Wunused-parameter\x1b[m\x1b[K]\n'}
[38.081539] (rplidar_ros) StderrLine: {'line': b'  511 |         sl_result reset(\x1b[01;35m\x1b[Ksl_u32 timeoutInMs = DEFAULT_TIMEOUT\x1b[m\x1b[K)\n'}
[38.081832] (rplidar_ros) StderrLine: {'line': b'      |                         \x1b[01;35m\x1b[K~~~~~~~^~~~~~~~~~~~~~~~~~~~~~~~~~~~~\x1b[m\x1b[K\n'}
[38.095033] (rplidar_ros) StderrLine: {'line': b'\x1b[01m\x1b[K/home/punished_venom/DroneControls/src/rplidar_ros/sdk/src/sl_lidar_driver.cpp:\x1b[m\x1b[K In member function \xe2\x80\x98\x1b[01m\x1b[Kvirtual sl_result sl::SlamtecLidarDriver::\x1b[01;32m\x1b[KstartScan\x1b[m\x1b[K(bool, bool, sl_u32, sl::LidarScanMode*)\x1b[m\x1b[K\xe2\x80\x99:\n'}
[38.095570] (rplidar_ros) StderrLine: {'line': b'\x1b[01m\x1b[K/home/punished_venom/DroneControls/src/rplidar_ros/sdk/src/sl_lidar_driver.cpp:586:69:\x1b[m\x1b[K \x1b[01;35m\x1b[Kwarning: \x1b[m\x1b[Kunused parameter \xe2\x80\x98\x1b[01m\x1b[Koptions\x1b[m\x1b[K\xe2\x80\x99 [\x1b[01;35m\x1b[K-Wunused-parameter\x1b[m\x1b[K]\n'}
[38.095945] (rplidar_ros) StderrLine: {'line': b'  586 |         sl_result startScan(bool force, bool useTypicalScan, \x1b[01;35m\x1b[Ksl_u32 options = 0\x1b[m\x1b[K, LidarScanMode* outUsedScanMode = nullptr)\n'}
[38.096254] (rplidar_ros) StderrLine: {'line': b'      |                                                              \x1b[01;35m\x1b[K~~~~~~~^~~~~~~~~~~\x1b[m\x1b[K\n'}
[38.103906] (rplidar_ros) StderrLine: {'line': b'\x1b[01m\x1b[K/home/punished_venom/DroneControls/src/rplidar_ros/sdk/src/sl_lidar_driver.cpp:\x1b[m\x1b[K In member function \xe2\x80\x98\x1b[01m\x1b[Kvirtual sl_result sl::SlamtecLidarDriver::\x1b[01;32m\x1b[Kstop\x1b[m\x1b[K(sl_u32)\x1b[m\x1b[K\xe2\x80\x99:\n'}
[38.104530] (rplidar_ros) StderrLine: {'line': b'\x1b[01m\x1b[K/home/punished_venom/DroneControls/src/rplidar_ros/sdk/src/sl_lidar_driver.cpp:763:31:\x1b[m\x1b[K \x1b[01;35m\x1b[Kwarning: \x1b[m\x1b[Kunused parameter \xe2\x80\x98\x1b[01m\x1b[Ktimeout\x1b[m\x1b[K\xe2\x80\x99 [\x1b[01;35m\x1b[K-Wunused-parameter\x1b[m\x1b[K]\n'}
[38.104887] (rplidar_ros) StderrLine: {'line': b'  763 |         sl_result stop(\x1b[01;35m\x1b[Ksl_u32 timeout = DEFAULT_TIMEOUT\x1b[m\x1b[K)\n'}
[38.105173] (rplidar_ros) StderrLine: {'line': b'      |                        \x1b[01;35m\x1b[K~~~~~~~^~~~~~~~~~~~~~~~~~~~~~~~~\x1b[m\x1b[K\n'}
[38.112816] (rplidar_ros) StderrLine: {'line': b'\x1b[01m\x1b[K/home/punished_venom/DroneControls/src/rplidar_ros/sdk/src/sl_lidar_driver.cpp:\x1b[m\x1b[K In member function \xe2\x80\x98\x1b[01m\x1b[Kvirtual sl_result sl::SlamtecLidarDriver::\x1b[01;32m\x1b[KgetFrequency\x1b[m\x1b[K(const sl::LidarScanMode&, const sl_lidar_response_measurement_node_hq_t*, size_t, float&)\x1b[m\x1b[K\xe2\x80\x99:\n'}
[38.113313] (rplidar_ros) StderrLine: {'line': b'\x1b[01m\x1b[K/home/punished_venom/DroneControls/src/rplidar_ros/sdk/src/sl_lidar_driver.cpp:880:110:\x1b[m\x1b[K \x1b[01;35m\x1b[Kwarning: \x1b[m\x1b[Kunused parameter \xe2\x80\x98\x1b[01m\x1b[Knodes\x1b[m\x1b[K\xe2\x80\x99 [\x1b[01;35m\x1b[K-Wunused-parameter\x1b[m\x1b[K]\n'}
[38.113697] (rplidar_ros) StderrLine: {'line': b'  880 |         sl_result getFrequency(const LidarScanMode& scanMode, \x1b[01;35m\x1b[Kconst sl_lidar_response_measurement_node_hq_t* nodes\x1b[m\x1b[K, size_t count, float& frequency)\n'}
[38.114069] (rplidar_ros) StderrLine: {'line': b'      |                                                               \x1b[01;35m\x1b[K~~~~~~~~~~~~~~~~~~~~~~~~~~~~~~~~~~~~~~~~~~~~~~~^~~~~\x1b[m\x1b[K\n'}
[38.124652] (rplidar_ros) StderrLine: {'line': b'\x1b[01m\x1b[K/home/punished_venom/DroneControls/src/rplidar_ros/sdk/src/sl_lidar_driver.cpp:\x1b[m\x1b[K In member function \xe2\x80\x98\x1b[01m\x1b[Kvirtual sl_result sl::SlamtecLidarDriver::\x1b[01;32m\x1b[KgetMotorInfo\x1b[m\x1b[K(sl::LidarMotorInfo&, sl_u32)\x1b[m\x1b[K\xe2\x80\x99:\n'}
[38.125136] (rplidar_ros) StderrLine: {'line': b'\x1b[01m\x1b[K/home/punished_venom/DroneControls/src/rplidar_ros/sdk/src/sl_lidar_driver.cpp:1023:66:\x1b[m\x1b[K \x1b[01;35m\x1b[Kwarning: \x1b[m\x1b[Kunused parameter \xe2\x80\x98\x1b[01m\x1b[KtimeoutInMs\x1b[m\x1b[K\xe2\x80\x99 [\x1b[01;35m\x1b[K-Wunused-parameter\x1b[m\x1b[K]\n'}
[38.125617] (rplidar_ros) StderrLine: {'line': b' 1023 |         sl_result getMotorInfo(LidarMotorInfo &motorInfo, \x1b[01;35m\x1b[Ksl_u32 timeoutInMs\x1b[m\x1b[K)\n'}
[38.125973] (rplidar_ros) StderrLine: {'line': b'      |                                                           \x1b[01;35m\x1b[K~~~~~~~^~~~~~~~~~~\x1b[m\x1b[K\n'}
[38.131479] (rplidar_ros) StderrLine: {'line': b'\x1b[01m\x1b[K/home/punished_venom/DroneControls/src/rplidar_ros/sdk/src/sl_lidar_driver.cpp:\x1b[m\x1b[K In member function \xe2\x80\x98\x1b[01m\x1b[Ku_result sl::SlamtecLidarDriver::\x1b[01;32m\x1b[KgetScanModeCount\x1b[m\x1b[K(sl_u16&, sl_u32)\x1b[m\x1b[K\xe2\x80\x99:\n'}
[38.132000] (rplidar_ros) StderrLine: {'line': b'\x1b[01m\x1b[K/home/punished_venom/DroneControls/src/rplidar_ros/sdk/src/sl_lidar_driver.cpp:1199:61:\x1b[m\x1b[K \x1b[01;35m\x1b[Kwarning: \x1b[m\x1b[Kunused parameter \xe2\x80\x98\x1b[01m\x1b[KtimeoutInMs\x1b[m\x1b[K\xe2\x80\x99 [\x1b[01;35m\x1b[K-Wunused-parameter\x1b[m\x1b[K]\n'}
[38.132375] (rplidar_ros) StderrLine: {'line': b' 1199 |         u_result getScanModeCount(sl_u16& modeCount, \x1b[01;35m\x1b[Ksl_u32 timeoutInMs = DEFAULT_TIMEOUT\x1b[m\x1b[K)\n'}
[38.132783] (rplidar_ros) StderrLine: {'line': b'      |                                                      \x1b[01;35m\x1b[K~~~~~~~^~~~~~~~~~~~~~~~~~~~~~~~~~~~~\x1b[m\x1b[K\n'}
[38.175657] (-) TimerEvent: {}
[38.276378] (-) TimerEvent: {}
[38.324435] (rplidar_ros) StderrLine: {'line': b'/home/punished_venom/DroneControls/src/rplidar_ros/sdk/src/sl_lidar_driver.cpp: In instantiation of \xe2\x80\x98\x1b[01m\x1b[Kvoid sl::RawSampleNodeHolder<T>::\x1b[01;32m\x1b[KpushNode\x1b[m\x1b[K(_u64, const T*) \x1b[35m\x1b[K[with T = sl_lidar_response_measurement_node_hq_t; _u64 = long unsigned int]\x1b[m\x1b[K\x1b[m\x1b[K\xe2\x80\x99:\n'}
[38.325008] (rplidar_ros) StderrLine: {'line': b'\x1b[01m\x1b[K/home/punished_venom/DroneControls/src/rplidar_ros/sdk/src/sl_lidar_driver.cpp:1648:42:\x1b[m\x1b[K   required from here\n'}
[38.325398] (rplidar_ros) StderrLine: {'line': b' 1648 |             \x1b[01;36m\x1b[K_rawSampleNodeHolder.pushNode(timestamp_uS, node)\x1b[m\x1b[K;\n'}
[38.325783] (rplidar_ros) StderrLine: {'line': b'      |             \x1b[01;36m\x1b[K~~~~~~~~~~~~~~~~~~~~~~~~~~~~~^~~~~~~~~~~~~~~~~~~~\x1b[m\x1b[K\n'}
[38.326097] (rplidar_ros) StderrLine: {'line': b'\x1b[01m\x1b[K/home/punished_venom/DroneControls/src/rplidar_ros/sdk/src/sl_lidar_driver.cpp:202:28:\x1b[m\x1b[K \x1b[01;35m\x1b[Kwarning: \x1b[m\x1b[Kunused parameter \xe2\x80\x98\x1b[01m\x1b[Ktimestamp_uS\x1b[m\x1b[K\xe2\x80\x99 [\x1b[01;35m\x1b[K-Wunused-parameter\x1b[m\x1b[K]\n'}
[38.326519] (rplidar_ros) StderrLine: {'line': b'  202 |         void pushNode(\x1b[01;35m\x1b[K_u64 timestamp_uS\x1b[m\x1b[K, const T* node)\n'}
[38.326880] (rplidar_ros) StderrLine: {'line': b'      |                       \x1b[01;35m\x1b[K~~~~~^~~~~~~~~~~~\x1b[m\x1b[K\n'}
[38.376521] (-) TimerEvent: {}
[38.477190] (-) TimerEvent: {}
[38.577863] (-) TimerEvent: {}
[38.678549] (-) TimerEvent: {}
[38.779223] (-) TimerEvent: {}
[38.880031] (-) TimerEvent: {}
[38.904010] (rplidar_ros) StderrLine: {'line': b'\x1b[01m\x1b[K/home/punished_venom/DroneControls/src/rplidar_ros/sdk/src/sl_lidar_driver.cpp:\x1b[m\x1b[K At global scope:\n'}
[38.905450] (rplidar_ros) StderrLine: {'line': b'\x1b[01m\x1b[K/home/punished_venom/DroneControls/src/rplidar_ros/sdk/src/sl_lidar_driver.cpp:83:17:\x1b[m\x1b[K \x1b[01;35m\x1b[Kwarning: \x1b[m\x1b[K\xe2\x80\x98\x1b[01m\x1b[Kvoid sl::\x1b[01;32m\x1b[Kconvert\x1b[m\x1b[K(const sl_lidar_response_measurement_node_hq_t&, sl_lidar_response_measurement_node_t&)\x1b[m\x1b[K\xe2\x80\x99 defined but not used [\x1b[01;35m\x1b[K-Wunused-function\x1b[m\x1b[K]\n'}
[38.906710] (rplidar_ros) StderrLine: {'line': b'   83 |     static void \x1b[01;35m\x1b[Kconvert\x1b[m\x1b[K(const sl_lidar_response_measurement_node_hq_t& from, sl_lidar_response_measurement_node_t& to)\n'}
[38.907573] (rplidar_ros) StderrLine: {'line': b'      |                 \x1b[01;35m\x1b[K^~~~~~~\x1b[m\x1b[K\n'}
[38.908057] (rplidar_ros) StderrLine: {'line': b'\x1b[01m\x1b[K/home/punished_venom/DroneControls/src/rplidar_ros/sdk/src/sl_lidar_driver.cpp:75:17:\x1b[m\x1b[K \x1b[01;35m\x1b[Kwarning: \x1b[m\x1b[K\xe2\x80\x98\x1b[01m\x1b[Kvoid sl::\x1b[01;32m\x1b[Kconvert\x1b[m\x1b[K(const sl_lidar_response_measurement_node_t&, sl_lidar_response_measurement_node_hq_t&)\x1b[m\x1b[K\xe2\x80\x99 defined but not used [\x1b[01;35m\x1b[K-Wunused-function\x1b[m\x1b[K]\n'}
[38.908566] (rplidar_ros) StderrLine: {'line': b'   75 |     static void \x1b[01;35m\x1b[Kconvert\x1b[m\x1b[K(const sl_lidar_response_measurement_node_t& from, sl_lidar_response_measurement_node_hq_t& to)\n'}
[38.908960] (rplidar_ros) StderrLine: {'line': b'      |                 \x1b[01;35m\x1b[K^~~~~~~\x1b[m\x1b[K\n'}
[38.909439] (rplidar_ros) StderrLine: {'line': b'\x1b[01m\x1b[K/home/punished_venom/DroneControls/src/rplidar_ros/sdk/src/sl_lidar_driver.cpp:70:17:\x1b[m\x1b[K \x1b[01;35m\x1b[Kwarning: \x1b[m\x1b[K\xe2\x80\x98\x1b[01m\x1b[Kvoid sl::\x1b[01;32m\x1b[KprintDeprecationWarn\x1b[m\x1b[K(const char*, const char*)\x1b[m\x1b[K\xe2\x80\x99 defined but not used [\x1b[01;35m\x1b[K-Wunused-function\x1b[m\x1b[K]\n'}
[38.910093] (rplidar_ros) StderrLine: {'line': b'   70 |     static void \x1b[01;35m\x1b[KprintDeprecationWarn\x1b[m\x1b[K(const char* fn, const char* replacement)\n'}
[38.910762] (rplidar_ros) StderrLine: {'line': b'      |                 \x1b[01;35m\x1b[K^~~~~~~~~~~~~~~~~~~~\x1b[m\x1b[K\n'}
[38.980223] (-) TimerEvent: {}
[39.080964] (-) TimerEvent: {}
[39.181686] (-) TimerEvent: {}
[39.282399] (-) TimerEvent: {}
[39.383127] (-) TimerEvent: {}
[39.410229] (rplidar_ros) StderrLine: {'line': b'In file included from \x1b[01m\x1b[K/home/punished_venom/DroneControls/src/rplidar_ros/sdk/include/rplidar_protocol.h:36\x1b[m\x1b[K,\n'}
[39.410859] (rplidar_ros) StderrLine: {'line': b'                 from \x1b[01m\x1b[K/home/punished_venom/DroneControls/src/rplidar_ros/sdk/include/rplidar.h:39\x1b[m\x1b[K,\n'}
[39.411169] (rplidar_ros) StderrLine: {'line': b'                 from \x1b[01m\x1b[K/home/punished_venom/DroneControls/src/rplidar_ros/sdk/src/sdkcommon.h:49\x1b[m\x1b[K,\n'}
[39.411573] (rplidar_ros) StderrLine: {'line': b'                 from \x1b[01m\x1b[K/home/punished_venom/DroneControls/src/rplidar_ros/sdk/src/sl_lidarprotocol_codec.cpp:35\x1b[m\x1b[K:\n'}
[39.411957] (rplidar_ros) StderrLine: {'line': b'\x1b[01m\x1b[K/home/punished_venom/DroneControls/src/rplidar_ros/sdk/include/sl_lidar_protocol.h:66:16:\x1b[m\x1b[K \x1b[01;35m\x1b[Kwarning: \x1b[m\x1b[KISO C++ forbids zero-size array \xe2\x80\x98\x1b[01m\x1b[Kdata\x1b[m\x1b[K\xe2\x80\x99 [\x1b[01;35m\x1b[K-Wpedantic\x1b[m\x1b[K]\n'}
[39.412302] (rplidar_ros) StderrLine: {'line': b'   66 |     sl_u8 data[\x1b[01;35m\x1b[K0\x1b[m\x1b[K];\n'}
[39.413093] (rplidar_ros) StderrLine: {'line': b'      |                \x1b[01;35m\x1b[K^\x1b[m\x1b[K\n'}
[39.413563] (rplidar_ros) StderrLine: {'line': b'In file included from \x1b[01m\x1b[K/home/punished_venom/DroneControls/src/rplidar_ros/sdk/include/rplidar_cmd.h:36\x1b[m\x1b[K,\n'}
[39.413903] (rplidar_ros) StderrLine: {'line': b'                 from \x1b[01m\x1b[K/home/punished_venom/DroneControls/src/rplidar_ros/sdk/include/rplidar.h:40\x1b[m\x1b[K:\n'}
[39.414239] (rplidar_ros) StderrLine: {'line': b'\x1b[01m\x1b[K/home/punished_venom/DroneControls/src/rplidar_ros/sdk/include/sl_lidar_cmd.h:324:20:\x1b[m\x1b[K \x1b[01;35m\x1b[Kwarning: \x1b[m\x1b[KISO C++ forbids zero-size array \xe2\x80\x98\x1b[01m\x1b[Kpayload\x1b[m\x1b[K\xe2\x80\x99 [\x1b[01;35m\x1b[K-Wpedantic\x1b[m\x1b[K]\n'}
[39.414770] (rplidar_ros) StderrLine: {'line': b'  324 |     sl_u8  payload[\x1b[01;35m\x1b[K0\x1b[m\x1b[K];\n'}
[39.415220] (rplidar_ros) StderrLine: {'line': b'      |                    \x1b[01;35m\x1b[K^\x1b[m\x1b[K\n'}
[39.483299] (-) TimerEvent: {}
[39.584014] (-) TimerEvent: {}
[39.684681] (-) TimerEvent: {}
[39.785444] (-) TimerEvent: {}
[39.886168] (-) TimerEvent: {}
[39.984226] (rplidar_ros) StderrLine: {'line': b'In file included from \x1b[01m\x1b[K/home/punished_venom/DroneControls/src/rplidar_ros/sdk/src/sl_lidarprotocol_codec.cpp:49\x1b[m\x1b[K:\n'}
[39.984871] (rplidar_ros) StderrLine: {'line': b'\x1b[01m\x1b[K/home/punished_venom/DroneControls/src/rplidar_ros/sdk/src/sl_async_transceiver.h:\x1b[m\x1b[K In member function \xe2\x80\x98\x1b[01m\x1b[Kvirtual void sl::internal::IAsyncProtocolCodec::\x1b[01;32m\x1b[KonChannelError\x1b[m\x1b[K(u_result)\x1b[m\x1b[K\xe2\x80\x99:\n'}
[39.985286] (rplidar_ros) StderrLine: {'line': b'\x1b[01m\x1b[K/home/punished_venom/DroneControls/src/rplidar_ros/sdk/src/sl_async_transceiver.h:90:48:\x1b[m\x1b[K \x1b[01;35m\x1b[Kwarning: \x1b[m\x1b[Kunused parameter \xe2\x80\x98\x1b[01m\x1b[KerrCode\x1b[m\x1b[K\xe2\x80\x99 [\x1b[01;35m\x1b[K-Wunused-parameter\x1b[m\x1b[K]\n'}
[39.985800] (rplidar_ros) StderrLine: {'line': b'   90 |         virtual void   onChannelError(\x1b[01;35m\x1b[Ku_result errCode\x1b[m\x1b[K) {}\n'}
[39.986125] (rplidar_ros) StderrLine: {'line': b'      |                                       \x1b[01;35m\x1b[K~~~~~~~~~^~~~~~~\x1b[m\x1b[K\n'}
[39.986524] (-) TimerEvent: {}
[40.087101] (-) TimerEvent: {}
[40.187856] (-) TimerEvent: {}
[40.288604] (-) TimerEvent: {}
[40.389380] (-) TimerEvent: {}
[40.490084] (-) TimerEvent: {}
[40.548964] (rplidar_ros) StdoutLine: {'line': b'[ 39%] \x1b[32mBuilding CXX object CMakeFiles/rplidar_node.dir/sdk/src/sl_serial_channel.cpp.o\x1b[0m\n'}
[40.590256] (-) TimerEvent: {}
[40.675526] (rplidar_ros) StdoutLine: {'line': b'[ 42%] \x1b[32mBuilding CXX object CMakeFiles/rplidar_node.dir/sdk/src/sl_tcp_channel.cpp.o\x1b[0m\n'}
[40.690457] (-) TimerEvent: {}
[40.791141] (-) TimerEvent: {}
[40.891977] (-) TimerEvent: {}
[40.992596] (-) TimerEvent: {}
[41.093298] (-) TimerEvent: {}
[41.193999] (-) TimerEvent: {}
[41.294747] (-) TimerEvent: {}
[41.395434] (-) TimerEvent: {}
[41.496095] (-) TimerEvent: {}
[41.596794] (-) TimerEvent: {}
[41.651260] (rplidar_ros) StderrLine: {'line': b'In file included from \x1b[01m\x1b[K/home/punished_venom/DroneControls/src/rplidar_ros/sdk/include/sl_lidar_cmd.h:41\x1b[m\x1b[K,\n'}
[41.651835] (rplidar_ros) StderrLine: {'line': b'                 from \x1b[01m\x1b[K/home/punished_venom/DroneControls/src/rplidar_ros/sdk/include/sl_lidar_driver.h:54\x1b[m\x1b[K,\n'}
[41.652186] (rplidar_ros) StderrLine: {'line': b'                 from \x1b[01m\x1b[K/home/punished_venom/DroneControls/src/rplidar_ros/sdk/src/sl_serial_channel.cpp:33\x1b[m\x1b[K:\n'}
[41.652604] (rplidar_ros) StderrLine: {'line': b'\x1b[01m\x1b[K/home/punished_venom/DroneControls/src/rplidar_ros/sdk/include/sl_lidar_protocol.h:66:16:\x1b[m\x1b[K \x1b[01;35m\x1b[Kwarning: \x1b[m\x1b[KISO C++ forbids zero-size array \xe2\x80\x98\x1b[01m\x1b[Kdata\x1b[m\x1b[K\xe2\x80\x99 [\x1b[01;35m\x1b[K-Wpedantic\x1b[m\x1b[K]\n'}
[41.652977] (rplidar_ros) StderrLine: {'line': b'   66 |     sl_u8 data[\x1b[01;35m\x1b[K0\x1b[m\x1b[K];\n'}
[41.653586] (rplidar_ros) StderrLine: {'line': b'      |                \x1b[01;35m\x1b[K^\x1b[m\x1b[K\n'}
[41.653940] (rplidar_ros) StderrLine: {'line': b'\x1b[01m\x1b[K/home/punished_venom/DroneControls/src/rplidar_ros/sdk/include/sl_lidar_cmd.h:324:20:\x1b[m\x1b[K \x1b[01;35m\x1b[Kwarning: \x1b[m\x1b[KISO C++ forbids zero-size array \xe2\x80\x98\x1b[01m\x1b[Kpayload\x1b[m\x1b[K\xe2\x80\x99 [\x1b[01;35m\x1b[K-Wpedantic\x1b[m\x1b[K]\n'}
[41.654434] (rplidar_ros) StderrLine: {'line': b'  324 |     sl_u8  payload[\x1b[01;35m\x1b[K0\x1b[m\x1b[K];\n'}
[41.654873] (rplidar_ros) StderrLine: {'line': b'      |                    \x1b[01;35m\x1b[K^\x1b[m\x1b[K\n'}
[41.696971] (-) TimerEvent: {}
[41.792825] (rplidar_ros) StderrLine: {'line': b'In file included from \x1b[01m\x1b[K/home/punished_venom/DroneControls/src/rplidar_ros/sdk/include/sl_lidar_cmd.h:41\x1b[m\x1b[K,\n'}
[41.793478] (rplidar_ros) StderrLine: {'line': b'                 from \x1b[01m\x1b[K/home/punished_venom/DroneControls/src/rplidar_ros/sdk/include/sl_lidar_driver.h:54\x1b[m\x1b[K,\n'}
[41.793882] (rplidar_ros) StderrLine: {'line': b'                 from \x1b[01m\x1b[K/home/punished_venom/DroneControls/src/rplidar_ros/sdk/src/sl_tcp_channel.cpp:33\x1b[m\x1b[K:\n'}
[41.794203] (rplidar_ros) StderrLine: {'line': b'\x1b[01m\x1b[K/home/punished_venom/DroneControls/src/rplidar_ros/sdk/include/sl_lidar_protocol.h:66:16:\x1b[m\x1b[K \x1b[01;35m\x1b[Kwarning: \x1b[m\x1b[KISO C++ forbids zero-size array \xe2\x80\x98\x1b[01m\x1b[Kdata\x1b[m\x1b[K\xe2\x80\x99 [\x1b[01;35m\x1b[K-Wpedantic\x1b[m\x1b[K]\n'}
[41.794651] (rplidar_ros) StderrLine: {'line': b'   66 |     sl_u8 data[\x1b[01;35m\x1b[K0\x1b[m\x1b[K];\n'}
[41.795017] (rplidar_ros) StderrLine: {'line': b'      |                \x1b[01;35m\x1b[K^\x1b[m\x1b[K\n'}
[41.795565] (rplidar_ros) StderrLine: {'line': b'\x1b[01m\x1b[K/home/punished_venom/DroneControls/src/rplidar_ros/sdk/include/sl_lidar_cmd.h:324:20:\x1b[m\x1b[K \x1b[01;35m\x1b[Kwarning: \x1b[m\x1b[KISO C++ forbids zero-size array \xe2\x80\x98\x1b[01m\x1b[Kpayload\x1b[m\x1b[K\xe2\x80\x99 [\x1b[01;35m\x1b[K-Wpedantic\x1b[m\x1b[K]\n'}
[41.796038] (rplidar_ros) StderrLine: {'line': b'  324 |     sl_u8  payload[\x1b[01;35m\x1b[K0\x1b[m\x1b[K];\n'}
[41.796445] (rplidar_ros) StderrLine: {'line': b'      |                    \x1b[01;35m\x1b[K^\x1b[m\x1b[K\n'}
[41.797096] (-) TimerEvent: {}
[41.811571] (rplidar_ros) StderrLine: {'line': b'\x1b[01m\x1b[K/home/punished_venom/DroneControls/src/rplidar_ros/sdk/src/sl_tcp_channel.cpp:\x1b[m\x1b[K In member function \xe2\x80\x98\x1b[01m\x1b[Kvoid sl::TcpChannel::\x1b[01;32m\x1b[KsetStatus\x1b[m\x1b[K(_u32)\x1b[m\x1b[K\xe2\x80\x99:\n'}
[41.812137] (rplidar_ros) StderrLine: {'line': b'\x1b[01m\x1b[K/home/punished_venom/DroneControls/src/rplidar_ros/sdk/src/sl_tcp_channel.cpp:109:29:\x1b[m\x1b[K \x1b[01;35m\x1b[Kwarning: \x1b[m\x1b[Kunused parameter \xe2\x80\x98\x1b[01m\x1b[Kflag\x1b[m\x1b[K\xe2\x80\x99 [\x1b[01;35m\x1b[K-Wunused-parameter\x1b[m\x1b[K]\n'}
[41.812678] (rplidar_ros) StderrLine: {'line': b'  109 |         void setStatus(\x1b[01;35m\x1b[K_u32 flag\x1b[m\x1b[K){}\n'}
[41.813062] (rplidar_ros) StderrLine: {'line': b'      |                        \x1b[01;35m\x1b[K~~~~~^~~~\x1b[m\x1b[K\n'}
[41.897376] (-) TimerEvent: {}
[41.998055] (-) TimerEvent: {}
[42.081530] (rplidar_ros) StdoutLine: {'line': b'[ 44%] \x1b[32mBuilding CXX object CMakeFiles/rplidar_node.dir/sdk/src/sl_udp_channel.cpp.o\x1b[0m\n'}
[42.087522] (<colcon_parallel_executor.executor.parallel.ParallelExecutorExtension object at 0xffffaf3c82f0>) ParallelStatus: {'processing': ('rplidar_ros',)}
[42.098287] (-) TimerEvent: {}
[42.200477] (-) TimerEvent: {}
[42.301119] (-) TimerEvent: {}
[42.401738] (-) TimerEvent: {}
[42.502410] (-) TimerEvent: {}
[42.603009] (-) TimerEvent: {}
[42.703632] (-) TimerEvent: {}
[42.804242] (-) TimerEvent: {}
[42.904895] (-) TimerEvent: {}
[43.005505] (-) TimerEvent: {}
[43.106087] (-) TimerEvent: {}
[43.108411] (rplidar_ros) StderrLine: {'line': b'In file included from \x1b[01m\x1b[K/home/punished_venom/DroneControls/src/rplidar_ros/sdk/include/sl_lidar_cmd.h:41\x1b[m\x1b[K,\n'}
[43.108876] (rplidar_ros) StderrLine: {'line': b'                 from \x1b[01m\x1b[K/home/punished_venom/DroneControls/src/rplidar_ros/sdk/include/sl_lidar_driver.h:54\x1b[m\x1b[K,\n'}
[43.109120] (rplidar_ros) StderrLine: {'line': b'                 from \x1b[01m\x1b[K/home/punished_venom/DroneControls/src/rplidar_ros/sdk/src/sl_udp_channel.cpp:33\x1b[m\x1b[K:\n'}
[43.109546] (rplidar_ros) StderrLine: {'line': b'\x1b[01m\x1b[K/home/punished_venom/DroneControls/src/rplidar_ros/sdk/include/sl_lidar_protocol.h:66:16:\x1b[m\x1b[K \x1b[01;35m\x1b[Kwarning: \x1b[m\x1b[KISO C++ forbids zero-size array \xe2\x80\x98\x1b[01m\x1b[Kdata\x1b[m\x1b[K\xe2\x80\x99 [\x1b[01;35m\x1b[K-Wpedantic\x1b[m\x1b[K]\n'}
[43.109850] (rplidar_ros) StderrLine: {'line': b'   66 |     sl_u8 data[\x1b[01;35m\x1b[K0\x1b[m\x1b[K];\n'}
[43.110096] (rplidar_ros) StderrLine: {'line': b'      |                \x1b[01;35m\x1b[K^\x1b[m\x1b[K\n'}
[43.110529] (rplidar_ros) StderrLine: {'line': b'\x1b[01m\x1b[K/home/punished_venom/DroneControls/src/rplidar_ros/sdk/include/sl_lidar_cmd.h:324:20:\x1b[m\x1b[K \x1b[01;35m\x1b[Kwarning: \x1b[m\x1b[KISO C++ forbids zero-size array \xe2\x80\x98\x1b[01m\x1b[Kpayload\x1b[m\x1b[K\xe2\x80\x99 [\x1b[01;35m\x1b[K-Wpedantic\x1b[m\x1b[K]\n'}
[43.110867] (rplidar_ros) StderrLine: {'line': b'  324 |     sl_u8  payload[\x1b[01;35m\x1b[K0\x1b[m\x1b[K];\n'}
[43.111101] (rplidar_ros) StderrLine: {'line': b'      |                    \x1b[01;35m\x1b[K^\x1b[m\x1b[K\n'}
[43.124353] (rplidar_ros) StderrLine: {'line': b'\x1b[01m\x1b[K/home/punished_venom/DroneControls/src/rplidar_ros/sdk/src/sl_udp_channel.cpp:\x1b[m\x1b[K In member function \xe2\x80\x98\x1b[01m\x1b[Kvoid sl::UdpChannel::\x1b[01;32m\x1b[KsetStatus\x1b[m\x1b[K(_u32)\x1b[m\x1b[K\xe2\x80\x99:\n'}
[43.124810] (rplidar_ros) StderrLine: {'line': b'\x1b[01m\x1b[K/home/punished_venom/DroneControls/src/rplidar_ros/sdk/src/sl_udp_channel.cpp:112:29:\x1b[m\x1b[K \x1b[01;35m\x1b[Kwarning: \x1b[m\x1b[Kunused parameter \xe2\x80\x98\x1b[01m\x1b[Kflag\x1b[m\x1b[K\xe2\x80\x99 [\x1b[01;35m\x1b[K-Wunused-parameter\x1b[m\x1b[K]\n'}
[43.125067] (rplidar_ros) StderrLine: {'line': b'  112 |         void setStatus(\x1b[01;35m\x1b[K_u32 flag\x1b[m\x1b[K){}\n'}
[43.125316] (rplidar_ros) StderrLine: {'line': b'      |                        \x1b[01;35m\x1b[K~~~~~^~~~\x1b[m\x1b[K\n'}
[43.206263] (-) TimerEvent: {}
[43.306899] (-) TimerEvent: {}
[43.407473] (-) TimerEvent: {}
[43.468214] (rplidar_ros) StdoutLine: {'line': b'[ 47%] \x1b[1m\x1b[32mLinking CXX executable rplidar_node\x1b[0m\n'}
[43.507636] (-) TimerEvent: {}
[43.608574] (-) TimerEvent: {}
[43.709607] (-) TimerEvent: {}
[43.810427] (-) TimerEvent: {}
[43.911260] (-) TimerEvent: {}
[44.012197] (-) TimerEvent: {}
[44.113060] (-) TimerEvent: {}
[44.213926] (-) TimerEvent: {}
[44.314656] (-) TimerEvent: {}
[44.415252] (-) TimerEvent: {}
[44.515805] (-) TimerEvent: {}
[44.566536] (rplidar_ros) StdoutLine: {'line': b'[ 47%] Built target rplidar_node\n'}
[44.616084] (-) TimerEvent: {}
[44.640721] (rplidar_ros) StdoutLine: {'line': b'[ 50%] \x1b[32mBuilding CXX object CMakeFiles/rplidar_client.dir/src/rplidar_client.cpp.o\x1b[0m\n'}
[44.646843] (rplidar_ros) StdoutLine: {'line': b'[ 52%] \x1b[32mBuilding CXX object CMakeFiles/rplidar_composition.dir/src/rplidar_node.cpp.o\x1b[0m\n'}
[44.649086] (rplidar_ros) StdoutLine: {'line': b'[ 57%] \x1b[32mBuilding CXX object CMakeFiles/rplidar_composition.dir/sdk/src/arch/linux/net_socket.cpp.o\x1b[0m\n'}
[44.652472] (rplidar_ros) StdoutLine: {'line': b'[ 57%] \x1b[32mBuilding CXX object CMakeFiles/rplidar_composition.dir/sdk/src/arch/linux/net_serial.cpp.o\x1b[0m\n'}
[44.716244] (-) TimerEvent: {}
[44.817074] (-) TimerEvent: {}
[44.919694] (-) TimerEvent: {}
[45.022553] (-) TimerEvent: {}
[45.123439] (-) TimerEvent: {}
[45.224097] (-) TimerEvent: {}
[45.324837] (-) TimerEvent: {}
[45.426497] (-) TimerEvent: {}
[45.527428] (-) TimerEvent: {}
[45.629619] (-) TimerEvent: {}
[45.732482] (-) TimerEvent: {}
[45.833251] (-) TimerEvent: {}
[45.934104] (-) TimerEvent: {}
[46.034921] (-) TimerEvent: {}
[46.136552] (-) TimerEvent: {}
[46.237393] (-) TimerEvent: {}
[46.339765] (-) TimerEvent: {}
[46.440559] (-) TimerEvent: {}
[46.542565] (-) TimerEvent: {}
[46.643379] (-) TimerEvent: {}
[46.674954] (rplidar_ros) StderrLine: {'line': b'In file included from \x1b[01m\x1b[K/home/punished_venom/DroneControls/src/rplidar_ros/sdk/include/rplidar_protocol.h:36\x1b[m\x1b[K,\n'}
[46.675808] (rplidar_ros) StderrLine: {'line': b'                 from \x1b[01m\x1b[K/home/punished_venom/DroneControls/src/rplidar_ros/sdk/include/rplidar.h:39\x1b[m\x1b[K,\n'}
[46.676381] (rplidar_ros) StderrLine: {'line': b'                 from \x1b[01m\x1b[K/home/punished_venom/DroneControls/src/rplidar_ros/sdk/src/sdkcommon.h:49\x1b[m\x1b[K,\n'}
[46.677010] (rplidar_ros) StderrLine: {'line': b'                 from \x1b[01m\x1b[K/home/punished_venom/DroneControls/src/rplidar_ros/sdk/src/arch/linux/net_socket.cpp:10\x1b[m\x1b[K:\n'}
[46.680880] (rplidar_ros) StderrLine: {'line': b'\x1b[01m\x1b[K/home/punished_venom/DroneControls/src/rplidar_ros/sdk/include/sl_lidar_protocol.h:66:16:\x1b[m\x1b[K \x1b[01;35m\x1b[Kwarning: \x1b[m\x1b[KISO C++ forbids zero-size array \xe2\x80\x98\x1b[01m\x1b[Kdata\x1b[m\x1b[K\xe2\x80\x99 [\x1b[01;35m\x1b[K-Wpedantic\x1b[m\x1b[K]\n'}
[46.681633] (rplidar_ros) StderrLine: {'line': b'   66 |     sl_u8 data[\x1b[01;35m\x1b[K0\x1b[m\x1b[K];\n'}
[46.682223] (rplidar_ros) StderrLine: {'line': b'      |                \x1b[01;35m\x1b[K^\x1b[m\x1b[K\n'}
[46.682854] (rplidar_ros) StderrLine: {'line': b'In file included from \x1b[01m\x1b[K/home/punished_venom/DroneControls/src/rplidar_ros/sdk/include/rplidar_cmd.h:36\x1b[m\x1b[K,\n'}
[46.686485] (rplidar_ros) StderrLine: {'line': b'                 from \x1b[01m\x1b[K/home/punished_venom/DroneControls/src/rplidar_ros/sdk/include/rplidar.h:40\x1b[m\x1b[K:\n'}
[46.687244] (rplidar_ros) StderrLine: {'line': b'\x1b[01m\x1b[K/home/punished_venom/DroneControls/src/rplidar_ros/sdk/include/sl_lidar_cmd.h:324:20:\x1b[m\x1b[K \x1b[01;35m\x1b[Kwarning: \x1b[m\x1b[KISO C++ forbids zero-size array \xe2\x80\x98\x1b[01m\x1b[Kpayload\x1b[m\x1b[K\xe2\x80\x99 [\x1b[01;35m\x1b[K-Wpedantic\x1b[m\x1b[K]\n'}
[46.687951] (rplidar_ros) StderrLine: {'line': b'  324 |     sl_u8  payload[\x1b[01;35m\x1b[K0\x1b[m\x1b[K];\n'}
[46.688663] (rplidar_ros) StderrLine: {'line': b'      |                    \x1b[01;35m\x1b[K^\x1b[m\x1b[K\n'}
[46.713817] (rplidar_ros) StderrLine: {'line': b'\x1b[01m\x1b[K/home/punished_venom/DroneControls/src/rplidar_ros/sdk/src/arch/linux/net_serial.cpp:\x1b[m\x1b[K In member function \xe2\x80\x98\x1b[01m\x1b[Kbool rp::arch::net::raw_serial::\x1b[01;32m\x1b[Kopen\x1b[m\x1b[K(const char*, uint32_t, uint32_t)\x1b[m\x1b[K\xe2\x80\x99:\n'}
[46.714686] (rplidar_ros) StderrLine: {'line': b'\x1b[01m\x1b[K/home/punished_venom/DroneControls/src/rplidar_ros/sdk/src/arch/linux/net_serial.cpp:97:74:\x1b[m\x1b[K \x1b[01;35m\x1b[Kwarning: \x1b[m\x1b[Kunused parameter \xe2\x80\x98\x1b[01m\x1b[Kflags\x1b[m\x1b[K\xe2\x80\x99 [\x1b[01;35m\x1b[K-Wunused-parameter\x1b[m\x1b[K]\n'}
[46.715361] (rplidar_ros) StderrLine: {'line': b'   97 | bool raw_serial::open(const char * portname, uint32_t baudrate, \x1b[01;35m\x1b[Kuint32_t flags\x1b[m\x1b[K)\n'}
[46.715960] (rplidar_ros) StderrLine: {'line': b'      |                                                                 \x1b[01;35m\x1b[K~~~~~~~~~^~~~~\x1b[m\x1b[K\n'}
[46.720064] (rplidar_ros) StderrLine: {'line': b'\x1b[01m\x1b[K/home/punished_venom/DroneControls/src/rplidar_ros/sdk/src/arch/linux/net_serial.cpp:\x1b[m\x1b[K In member function \xe2\x80\x98\x1b[01m\x1b[Kvirtual void rp::arch::net::raw_serial::\x1b[01;32m\x1b[Kflush\x1b[m\x1b[K(_u32)\x1b[m\x1b[K\xe2\x80\x99:\n'}
[46.720882] (rplidar_ros) StderrLine: {'line': b'\x1b[01m\x1b[K/home/punished_venom/DroneControls/src/rplidar_ros/sdk/src/arch/linux/net_serial.cpp:281:30:\x1b[m\x1b[K \x1b[01;35m\x1b[Kwarning: \x1b[m\x1b[Kunused parameter \xe2\x80\x98\x1b[01m\x1b[Kflags\x1b[m\x1b[K\xe2\x80\x99 [\x1b[01;35m\x1b[K-Wunused-parameter\x1b[m\x1b[K]\n'}
[46.721510] (rplidar_ros) StderrLine: {'line': b'  281 | void raw_serial::flush( \x1b[01;35m\x1b[K_u32 flags\x1b[m\x1b[K)\n'}
[46.722055] (rplidar_ros) StderrLine: {'line': b'      |                         \x1b[01;35m\x1b[K~~~~~^~~~~\x1b[m\x1b[K\n'}
[46.725624] (rplidar_ros) StderrLine: {'line': b'\x1b[01m\x1b[K/home/punished_venom/DroneControls/src/rplidar_ros/sdk/src/arch/linux/net_serial.cpp:\x1b[m\x1b[K In member function \xe2\x80\x98\x1b[01m\x1b[Kvirtual int rp::arch::net::raw_serial::\x1b[01;32m\x1b[Kwaitforsent\x1b[m\x1b[K(_u32, size_t*)\x1b[m\x1b[K\xe2\x80\x99:\n'}
[46.726316] (rplidar_ros) StderrLine: {'line': b'\x1b[01m\x1b[K/home/punished_venom/DroneControls/src/rplidar_ros/sdk/src/arch/linux/net_serial.cpp:286:34:\x1b[m\x1b[K \x1b[01;35m\x1b[Kwarning: \x1b[m\x1b[Kunused parameter \xe2\x80\x98\x1b[01m\x1b[Ktimeout\x1b[m\x1b[K\xe2\x80\x99 [\x1b[01;35m\x1b[K-Wunused-parameter\x1b[m\x1b[K]\n'}
[46.727191] (rplidar_ros) StderrLine: {'line': b'  286 | int raw_serial::waitforsent(\x1b[01;35m\x1b[K_u32 timeout\x1b[m\x1b[K, size_t * returned_size)\n'}
[46.730418] (rplidar_ros) StderrLine: {'line': b'      |                             \x1b[01;35m\x1b[K~~~~~^~~~~~~\x1b[m\x1b[K\n'}
[46.731052] (rplidar_ros) StderrLine: {'line': b'\x1b[01m\x1b[K/home/punished_venom/DroneControls/src/rplidar_ros/sdk/src/arch/linux/net_serial.cpp:\x1b[m\x1b[K In member function \xe2\x80\x98\x1b[01m\x1b[Kvirtual int rp::arch::net::raw_serial::\x1b[01;32m\x1b[Kwaitforrecv\x1b[m\x1b[K(_u32, size_t*)\x1b[m\x1b[K\xe2\x80\x99:\n'}
[46.731681] (rplidar_ros) StderrLine: {'line': b'\x1b[01m\x1b[K/home/punished_venom/DroneControls/src/rplidar_ros/sdk/src/arch/linux/net_serial.cpp:292:34:\x1b[m\x1b[K \x1b[01;35m\x1b[Kwarning: \x1b[m\x1b[Kunused parameter \xe2\x80\x98\x1b[01m\x1b[Ktimeout\x1b[m\x1b[K\xe2\x80\x99 [\x1b[01;35m\x1b[K-Wunused-parameter\x1b[m\x1b[K]\n'}
[46.732220] (rplidar_ros) StderrLine: {'line': b'  292 | int raw_serial::waitforrecv(\x1b[01;35m\x1b[K_u32 timeout\x1b[m\x1b[K, size_t * returned_size)\n'}
[46.736047] (rplidar_ros) StderrLine: {'line': b'      |                             \x1b[01;35m\x1b[K~~~~~^~~~~~~\x1b[m\x1b[K\n'}
[46.736733] (rplidar_ros) StderrLine: {'line': b'\x1b[01m\x1b[K/home/punished_venom/DroneControls/src/rplidar_ros/sdk/src/arch/linux/net_serial.cpp:\x1b[m\x1b[K In member function \xe2\x80\x98\x1b[01m\x1b[Kvirtual void rp::arch::net::raw_serial::\x1b[01;32m\x1b[KcancelOperation\x1b[m\x1b[K()\x1b[m\x1b[K\xe2\x80\x99:\n'}
[46.737384] (rplidar_ros) StderrLine: {'line': b'\x1b[01m\x1b[K/home/punished_venom/DroneControls/src/rplidar_ros/sdk/src/arch/linux/net_serial.cpp:427:5:\x1b[m\x1b[K \x1b[01;35m\x1b[Kwarning: \x1b[m\x1b[Kvalue computed is not used [\x1b[01;35m\x1b[K-Wunused-value\x1b[m\x1b[K]\n'}
[46.738012] (rplidar_ros) StderrLine: {'line': b'  427 |     \x1b[01;35m\x1b[K(int)::write(_selfpipe[1], "x", 1)\x1b[m\x1b[K;\n'}
[46.741743] (rplidar_ros) StderrLine: {'line': b'      |     \x1b[01;35m\x1b[K^~~~~~~~~~~~~~~~~~~~~~~~~~~~~~~~~~\x1b[m\x1b[K\n'}
[46.744514] (-) TimerEvent: {}
[46.845684] (-) TimerEvent: {}
[46.865347] (rplidar_ros) StderrLine: {'line': b'In file included from \x1b[01m\x1b[K/home/punished_venom/DroneControls/src/rplidar_ros/sdk/src/arch/linux/arch_linux.h:42\x1b[m\x1b[K,\n'}
[46.866102] (rplidar_ros) StderrLine: {'line': b'                 from \x1b[01m\x1b[K/home/punished_venom/DroneControls/src/rplidar_ros/sdk/src/sdkcommon.h:41\x1b[m\x1b[K:\n'}
[46.866926] (rplidar_ros) StderrLine: {'line': b'\x1b[01m\x1b[K/home/punished_venom/DroneControls/src/rplidar_ros/sdk/src/arch/linux/net_socket.cpp:\x1b[m\x1b[K In member function \xe2\x80\x98\x1b[01m\x1b[Kvirtual u_result rp::arch::net::DGramSocketImpl::\x1b[01;32m\x1b[KsendTo\x1b[m\x1b[K(const rp::net::SocketAddress*, const void*, size_t)\x1b[m\x1b[K\xe2\x80\x99:\n'}
[46.867601] (rplidar_ros) StderrLine: {'line': b'\x1b[01m\x1b[K/home/punished_venom/DroneControls/src/rplidar_ros/sdk/src/arch/linux/net_socket.cpp:733:24:\x1b[m\x1b[K \x1b[01;35m\x1b[Kwarning: \x1b[m\x1b[Kcomparison of integer expressions of different signedness: \xe2\x80\x98\x1b[01m\x1b[Kint\x1b[m\x1b[K\xe2\x80\x99 and \xe2\x80\x98\x1b[01m\x1b[Ksize_t\x1b[m\x1b[K\xe2\x80\x99 {aka \xe2\x80\x98\x1b[01m\x1b[Klong unsigned int\x1b[m\x1b[K\xe2\x80\x99} [\x1b[01;35m\x1b[K-Wsign-compare\x1b[m\x1b[K]\n'}
[46.868256] (rplidar_ros) StderrLine: {'line': b'  733 |             assert(\x1b[01;35m\x1b[Kans == len\x1b[m\x1b[K);\n'}
[46.871106] (rplidar_ros) StderrLine: {'line': b'      |                    \x1b[01;35m\x1b[K~~~~^~~~~~\x1b[m\x1b[K\n'}
[46.946498] (-) TimerEvent: {}
[47.047625] (-) TimerEvent: {}
[47.151787] (-) TimerEvent: {}
[47.252762] (-) TimerEvent: {}
[47.357732] (-) TimerEvent: {}
[47.372167] (rplidar_ros) StdoutLine: {'line': b'[ 60%] \x1b[32mBuilding CXX object CMakeFiles/rplidar_composition.dir/sdk/src/arch/linux/timer.cpp.o\x1b[0m\n'}
[47.458523] (-) TimerEvent: {}
[47.560696] (-) TimerEvent: {}
[47.664837] (-) TimerEvent: {}
[47.765672] (-) TimerEvent: {}
[47.869832] (-) TimerEvent: {}
[47.888368] (rplidar_ros) StdoutLine: {'line': b'[ 63%] \x1b[32mBuilding CXX object CMakeFiles/rplidar_composition.dir/sdk/src/dataunpacker/dataunpacker.cpp.o\x1b[0m\n'}
[47.970037] (-) TimerEvent: {}
[48.073736] (-) TimerEvent: {}
[48.175657] (-) TimerEvent: {}
[48.279709] (-) TimerEvent: {}
[48.380493] (-) TimerEvent: {}
[48.481401] (-) TimerEvent: {}
[48.582449] (-) TimerEvent: {}
[48.683298] (-) TimerEvent: {}
[48.784514] (-) TimerEvent: {}
[48.887150] (-) TimerEvent: {}
[48.988557] (-) TimerEvent: {}
[49.089362] (-) TimerEvent: {}
[49.192753] (-) TimerEvent: {}
[49.294495] (-) TimerEvent: {}
[49.395584] (-) TimerEvent: {}
[49.498785] (-) TimerEvent: {}
[49.602792] (-) TimerEvent: {}
[49.703690] (-) TimerEvent: {}
[49.806739] (-) TimerEvent: {}
[49.909488] (-) TimerEvent: {}
[50.010168] (-) TimerEvent: {}
[50.100139] (rplidar_ros) StderrLine: {'line': b'In file included from \x1b[01m\x1b[K/home/punished_venom/DroneControls/src/rplidar_ros/sdk/include/rplidar_protocol.h:36\x1b[m\x1b[K,\n'}
[50.100734] (rplidar_ros) StderrLine: {'line': b'                 from \x1b[01m\x1b[K/home/punished_venom/DroneControls/src/rplidar_ros/sdk/include/rplidar.h:39\x1b[m\x1b[K,\n'}
[50.101190] (rplidar_ros) StderrLine: {'line': b'                 from \x1b[01m\x1b[K/home/punished_venom/DroneControls/src/rplidar_ros/sdk/src/sdkcommon.h:49\x1b[m\x1b[K,\n'}
[50.101658] (rplidar_ros) StderrLine: {'line': b'                 from \x1b[01m\x1b[K/home/punished_venom/DroneControls/src/rplidar_ros/sdk/src/dataunpacker/dataunnpacker_commondef.h:41\x1b[m\x1b[K,\n'}
[50.102021] (rplidar_ros) StderrLine: {'line': b'                 from \x1b[01m\x1b[K/home/punished_venom/DroneControls/src/rplidar_ros/sdk/src/dataunpacker/dataunpacker.cpp:39\x1b[m\x1b[K:\n'}
[50.104554] (rplidar_ros) StderrLine: {'line': b'\x1b[01m\x1b[K/home/punished_venom/DroneControls/src/rplidar_ros/sdk/include/sl_lidar_protocol.h:66:16:\x1b[m\x1b[K \x1b[01;35m\x1b[Kwarning: \x1b[m\x1b[KISO C++ forbids zero-size array \xe2\x80\x98\x1b[01m\x1b[Kdata\x1b[m\x1b[K\xe2\x80\x99 [\x1b[01;35m\x1b[K-Wpedantic\x1b[m\x1b[K]\n'}
[50.105538] (rplidar_ros) StderrLine: {'line': b'   66 |     sl_u8 data[\x1b[01;35m\x1b[K0\x1b[m\x1b[K];\n'}
[50.106192] (rplidar_ros) StderrLine: {'line': b'      |                \x1b[01;35m\x1b[K^\x1b[m\x1b[K\n'}
[50.106811] (rplidar_ros) StderrLine: {'line': b'In file included from \x1b[01m\x1b[K/home/punished_venom/DroneControls/src/rplidar_ros/sdk/include/rplidar_cmd.h:36\x1b[m\x1b[K,\n'}
[50.107304] (rplidar_ros) StderrLine: {'line': b'                 from \x1b[01m\x1b[K/home/punished_venom/DroneControls/src/rplidar_ros/sdk/include/rplidar.h:40\x1b[m\x1b[K:\n'}
[50.108037] (rplidar_ros) StderrLine: {'line': b'\x1b[01m\x1b[K/home/punished_venom/DroneControls/src/rplidar_ros/sdk/include/sl_lidar_cmd.h:324:20:\x1b[m\x1b[K \x1b[01;35m\x1b[Kwarning: \x1b[m\x1b[KISO C++ forbids zero-size array \xe2\x80\x98\x1b[01m\x1b[Kpayload\x1b[m\x1b[K\xe2\x80\x99 [\x1b[01;35m\x1b[K-Wpedantic\x1b[m\x1b[K]\n'}
[50.108772] (rplidar_ros) StderrLine: {'line': b'  324 |     sl_u8  payload[\x1b[01;35m\x1b[K0\x1b[m\x1b[K];\n'}
[50.109298] (rplidar_ros) StderrLine: {'line': b'      |                    \x1b[01;35m\x1b[K^\x1b[m\x1b[K\n'}
[50.110388] (-) TimerEvent: {}
[50.211126] (-) TimerEvent: {}
[50.311907] (-) TimerEvent: {}
[50.412671] (-) TimerEvent: {}
[50.513514] (-) TimerEvent: {}
[50.614296] (-) TimerEvent: {}
[50.626029] (rplidar_ros) StderrLine: {'line': b'In file included from \x1b[01m\x1b[K/home/punished_venom/DroneControls/src/rplidar_ros/sdk/src/dataunpacker/dataunpacker.cpp:40\x1b[m\x1b[K:\n'}
[50.627103] (rplidar_ros) StderrLine: {'line': b'\x1b[01m\x1b[K/home/punished_venom/DroneControls/src/rplidar_ros/sdk/src/dataunpacker/dataunpacker.h:\x1b[m\x1b[K In member function \xe2\x80\x98\x1b[01m\x1b[Kvirtual void sl::internal::LIDARSampleDataListener::\x1b[01;32m\x1b[KonCustomSampleDataDecoded\x1b[m\x1b[K(_u8, _u32, const void*, size_t)\x1b[m\x1b[K\xe2\x80\x99:\n'}
[50.627721] (rplidar_ros) StderrLine: {'line': b'\x1b[01m\x1b[K/home/punished_venom/DroneControls/src/rplidar_ros/sdk/src/dataunpacker/dataunpacker.h:54:52:\x1b[m\x1b[K \x1b[01;35m\x1b[Kwarning: \x1b[m\x1b[Kunused parameter \xe2\x80\x98\x1b[01m\x1b[KansType\x1b[m\x1b[K\xe2\x80\x99 [\x1b[01;35m\x1b[K-Wunused-parameter\x1b[m\x1b[K]\n'}
[50.628544] (rplidar_ros) StderrLine: {'line': b'   54 |         virtual void onCustomSampleDataDecoded(\x1b[01;35m\x1b[K_u8 ansType\x1b[m\x1b[K, _u32 customCode, const void* data, size_t size) {}\n'}
[50.630189] (rplidar_ros) StderrLine: {'line': b'      |                                                \x1b[01;35m\x1b[K~~~~^~~~~~~\x1b[m\x1b[K\n'}
[50.631397] (rplidar_ros) StderrLine: {'line': b'\x1b[01m\x1b[K/home/punished_venom/DroneControls/src/rplidar_ros/sdk/src/dataunpacker/dataunpacker.h:54:66:\x1b[m\x1b[K \x1b[01;35m\x1b[Kwarning: \x1b[m\x1b[Kunused parameter \xe2\x80\x98\x1b[01m\x1b[KcustomCode\x1b[m\x1b[K\xe2\x80\x99 [\x1b[01;35m\x1b[K-Wunused-parameter\x1b[m\x1b[K]\n'}
[50.632523] (rplidar_ros) StderrLine: {'line': b'   54 |         virtual void onCustomSampleDataDecoded(_u8 ansType, \x1b[01;35m\x1b[K_u32 customCode\x1b[m\x1b[K, const void* data, size_t size) {}\n'}
[50.633899] (rplidar_ros) StderrLine: {'line': b'      |                                                             \x1b[01;35m\x1b[K~~~~~^~~~~~~~~~\x1b[m\x1b[K\n'}
[50.635140] (rplidar_ros) StderrLine: {'line': b'\x1b[01m\x1b[K/home/punished_venom/DroneControls/src/rplidar_ros/sdk/src/dataunpacker/dataunpacker.h:54:90:\x1b[m\x1b[K \x1b[01;35m\x1b[Kwarning: \x1b[m\x1b[Kunused parameter \xe2\x80\x98\x1b[01m\x1b[Kdata\x1b[m\x1b[K\xe2\x80\x99 [\x1b[01;35m\x1b[K-Wunused-parameter\x1b[m\x1b[K]\n'}
[50.636308] (rplidar_ros) StderrLine: {'line': b'   54 |         virtual void onCustomSampleDataDecoded(_u8 ansType, _u32 customCode, \x1b[01;35m\x1b[Kconst void* data\x1b[m\x1b[K, size_t size) {}\n'}
[50.637140] (rplidar_ros) StderrLine: {'line': b'      |                                                                              \x1b[01;35m\x1b[K~~~~~~~~~~~~^~~~\x1b[m\x1b[K\n'}
[50.637707] (rplidar_ros) StderrLine: {'line': b'\x1b[01m\x1b[K/home/punished_venom/DroneControls/src/rplidar_ros/sdk/src/dataunpacker/dataunpacker.h:54:103:\x1b[m\x1b[K \x1b[01;35m\x1b[Kwarning: \x1b[m\x1b[Kunused parameter \xe2\x80\x98\x1b[01m\x1b[Ksize\x1b[m\x1b[K\xe2\x80\x99 [\x1b[01;35m\x1b[K-Wunused-parameter\x1b[m\x1b[K]\n'}
[50.638150] (rplidar_ros) StderrLine: {'line': b'   54 |         virtual void onCustomSampleDataDecoded(_u8 ansType, _u32 customCode, const void* data, \x1b[01;35m\x1b[Ksize_t size\x1b[m\x1b[K) {}\n'}
[50.638824] (rplidar_ros) StderrLine: {'line': b'      |                                                                                                \x1b[01;35m\x1b[K~~~~~~~^~~~\x1b[m\x1b[K\n'}
[50.639274] (rplidar_ros) StderrLine: {'line': b'\x1b[01m\x1b[K/home/punished_venom/DroneControls/src/rplidar_ros/sdk/src/dataunpacker/dataunpacker.h:\x1b[m\x1b[K In member function \xe2\x80\x98\x1b[01m\x1b[Kvirtual void sl::internal::LIDARSampleDataListener::\x1b[01;32m\x1b[KonDecodingError\x1b[m\x1b[K(int, _u8, const void*, size_t)\x1b[m\x1b[K\xe2\x80\x99:\n'}
[50.639868] (rplidar_ros) StderrLine: {'line': b'\x1b[01m\x1b[K/home/punished_venom/DroneControls/src/rplidar_ros/sdk/src/dataunpacker/dataunpacker.h:56:42:\x1b[m\x1b[K \x1b[01;35m\x1b[Kwarning: \x1b[m\x1b[Kunused parameter \xe2\x80\x98\x1b[01m\x1b[KerrMsg\x1b[m\x1b[K\xe2\x80\x99 [\x1b[01;35m\x1b[K-Wunused-parameter\x1b[m\x1b[K]\n'}
[50.640477] (rplidar_ros) StderrLine: {'line': b'   56 |         virtual void onDecodingError(\x1b[01;35m\x1b[Kint errMsg\x1b[m\x1b[K, _u8 ansType, const void* payload, size_t size) {}\n'}
[50.641190] (rplidar_ros) StderrLine: {'line': b'      |                                      \x1b[01;35m\x1b[K~~~~^~~~~~\x1b[m\x1b[K\n'}
[50.641823] (rplidar_ros) StderrLine: {'line': b'\x1b[01m\x1b[K/home/punished_venom/DroneControls/src/rplidar_ros/sdk/src/dataunpacker/dataunpacker.h:56:54:\x1b[m\x1b[K \x1b[01;35m\x1b[Kwarning: \x1b[m\x1b[Kunused parameter \xe2\x80\x98\x1b[01m\x1b[KansType\x1b[m\x1b[K\xe2\x80\x99 [\x1b[01;35m\x1b[K-Wunused-parameter\x1b[m\x1b[K]\n'}
[50.642286] (rplidar_ros) StderrLine: {'line': b'   56 |         virtual void onDecodingError(int errMsg, \x1b[01;35m\x1b[K_u8 ansType\x1b[m\x1b[K, const void* payload, size_t size) {}\n'}
[50.642878] (rplidar_ros) StderrLine: {'line': b'      |                                                  \x1b[01;35m\x1b[K~~~~^~~~~~~\x1b[m\x1b[K\n'}
[50.643311] (rplidar_ros) StderrLine: {'line': b'\x1b[01m\x1b[K/home/punished_venom/DroneControls/src/rplidar_ros/sdk/src/dataunpacker/dataunpacker.h:56:75:\x1b[m\x1b[K \x1b[01;35m\x1b[Kwarning: \x1b[m\x1b[Kunused parameter \xe2\x80\x98\x1b[01m\x1b[Kpayload\x1b[m\x1b[K\xe2\x80\x99 [\x1b[01;35m\x1b[K-Wunused-parameter\x1b[m\x1b[K]\n'}
[50.643998] (rplidar_ros) StderrLine: {'line': b'   56 |         virtual void onDecodingError(int errMsg, _u8 ansType, \x1b[01;35m\x1b[Kconst void* payload\x1b[m\x1b[K, size_t size) {}\n'}
[50.644508] (rplidar_ros) StderrLine: {'line': b'      |                                                               \x1b[01;35m\x1b[K~~~~~~~~~~~~^~~~~~~\x1b[m\x1b[K\n'}
[50.645044] (rplidar_ros) StderrLine: {'line': b'\x1b[01m\x1b[K/home/punished_venom/DroneControls/src/rplidar_ros/sdk/src/dataunpacker/dataunpacker.h:56:91:\x1b[m\x1b[K \x1b[01;35m\x1b[Kwarning: \x1b[m\x1b[Kunused parameter \xe2\x80\x98\x1b[01m\x1b[Ksize\x1b[m\x1b[K\xe2\x80\x99 [\x1b[01;35m\x1b[K-Wunused-parameter\x1b[m\x1b[K]\n'}
[50.645550] (rplidar_ros) StderrLine: {'line': b'   56 |         virtual void onDecodingError(int errMsg, _u8 ansType, const void* payload, \x1b[01;35m\x1b[Ksize_t size\x1b[m\x1b[K) {}\n'}
[50.646084] (rplidar_ros) StderrLine: {'line': b'      |                                                                                    \x1b[01;35m\x1b[K~~~~~~~^~~~\x1b[m\x1b[K\n'}
[50.714520] (-) TimerEvent: {}
[50.815449] (-) TimerEvent: {}
[50.916231] (-) TimerEvent: {}
[51.017119] (-) TimerEvent: {}
[51.118434] (-) TimerEvent: {}
[51.219189] (-) TimerEvent: {}
[51.320074] (-) TimerEvent: {}
[51.420955] (-) TimerEvent: {}
[51.521856] (-) TimerEvent: {}
[51.622616] (-) TimerEvent: {}
[51.723483] (-) TimerEvent: {}
[51.801759] (rplidar_ros) StdoutLine: {'line': b'[ 65%] \x1b[32mBuilding CXX object CMakeFiles/rplidar_composition.dir/sdk/src/dataunpacker/unpacker/handler_capsules.cpp.o\x1b[0m\n'}
[51.804309] (rplidar_ros) StdoutLine: {'line': b'[ 68%] \x1b[32mBuilding CXX object CMakeFiles/rplidar_composition.dir/sdk/src/dataunpacker/unpacker/handler_hqnode.cpp.o\x1b[0m\n'}
[51.825534] (-) TimerEvent: {}
[51.927639] (-) TimerEvent: {}
[52.028441] (-) TimerEvent: {}
[52.130771] (-) TimerEvent: {}
[52.233717] (-) TimerEvent: {}
[52.337697] (-) TimerEvent: {}
[52.438530] (-) TimerEvent: {}
[52.540550] (-) TimerEvent: {}
[52.644705] (-) TimerEvent: {}
[52.745611] (-) TimerEvent: {}
[52.848738] (-) TimerEvent: {}
[52.952709] (-) TimerEvent: {}
[53.053567] (-) TimerEvent: {}
[53.157769] (-) TimerEvent: {}
[53.259377] (-) TimerEvent: {}
[53.363771] (-) TimerEvent: {}
[53.464650] (-) TimerEvent: {}
[53.567106] (-) TimerEvent: {}
[53.670603] (-) TimerEvent: {}
[53.774796] (-) TimerEvent: {}
[53.876511] (-) TimerEvent: {}
[53.977316] (-) TimerEvent: {}
[54.079748] (-) TimerEvent: {}
[54.183004] (-) TimerEvent: {}
[54.192748] (rplidar_ros) StderrLine: {'line': b'In file included from \x1b[01m\x1b[K/home/punished_venom/DroneControls/src/rplidar_ros/sdk/include/rplidar_protocol.h:36\x1b[m\x1b[K,\n'}
[54.193602] (rplidar_ros) StderrLine: {'line': b'                 from \x1b[01m\x1b[K/home/punished_venom/DroneControls/src/rplidar_ros/sdk/include/rplidar.h:39\x1b[m\x1b[K,\n'}
[54.194291] (rplidar_ros) StderrLine: {'line': b'                 from \x1b[01m\x1b[K/home/punished_venom/DroneControls/src/rplidar_ros/sdk/src/sdkcommon.h:49\x1b[m\x1b[K,\n'}
[54.195828] (rplidar_ros) StderrLine: {'line': b'                 from \x1b[01m\x1b[K/home/punished_venom/DroneControls/src/rplidar_ros/sdk/src/dataunpacker/unpacker/../dataunnpacker_commondef.h:41\x1b[m\x1b[K,\n'}
[54.198642] (rplidar_ros) StderrLine: {'line': b'                 from \x1b[01m\x1b[K/home/punished_venom/DroneControls/src/rplidar_ros/sdk/src/dataunpacker/unpacker/handler_hqnode.cpp:39\x1b[m\x1b[K:\n'}
[54.199303] (rplidar_ros) StderrLine: {'line': b'\x1b[01m\x1b[K/home/punished_venom/DroneControls/src/rplidar_ros/sdk/include/sl_lidar_protocol.h:66:16:\x1b[m\x1b[K \x1b[01;35m\x1b[Kwarning: \x1b[m\x1b[KISO C++ forbids zero-size array \xe2\x80\x98\x1b[01m\x1b[Kdata\x1b[m\x1b[K\xe2\x80\x99 [\x1b[01;35m\x1b[K-Wpedantic\x1b[m\x1b[K]\n'}
[54.199990] (rplidar_ros) StderrLine: {'line': b'   66 |     sl_u8 data[\x1b[01;35m\x1b[K0\x1b[m\x1b[K];\n'}
[54.200664] (rplidar_ros) StderrLine: {'line': b'      |                \x1b[01;35m\x1b[K^\x1b[m\x1b[K\n'}
[54.201252] (rplidar_ros) StderrLine: {'line': b'In file included from \x1b[01m\x1b[K/home/punished_venom/DroneControls/src/rplidar_ros/sdk/include/rplidar_cmd.h:36\x1b[m\x1b[K,\n'}
[54.205091] (rplidar_ros) StderrLine: {'line': b'                 from \x1b[01m\x1b[K/home/punished_venom/DroneControls/src/rplidar_ros/sdk/include/rplidar.h:40\x1b[m\x1b[K:\n'}
[54.205788] (rplidar_ros) StderrLine: {'line': b'\x1b[01m\x1b[K/home/punished_venom/DroneControls/src/rplidar_ros/sdk/include/sl_lidar_cmd.h:324:20:\x1b[m\x1b[K \x1b[01;35m\x1b[Kwarning: \x1b[m\x1b[KISO C++ forbids zero-size array \xe2\x80\x98\x1b[01m\x1b[Kpayload\x1b[m\x1b[K\xe2\x80\x99 [\x1b[01;35m\x1b[K-Wpedantic\x1b[m\x1b[K]\n'}
[54.206312] (rplidar_ros) StderrLine: {'line': b'  324 |     sl_u8  payload[\x1b[01;35m\x1b[K0\x1b[m\x1b[K];\n'}
[54.206960] (rplidar_ros) StderrLine: {'line': b'      |                    \x1b[01;35m\x1b[K^\x1b[m\x1b[K\n'}
[54.210573] (rplidar_ros) StderrLine: {'line': b'In file included from \x1b[01m\x1b[K/home/punished_venom/DroneControls/src/rplidar_ros/sdk/include/rplidar_protocol.h:36\x1b[m\x1b[K,\n'}
[54.211271] (rplidar_ros) StderrLine: {'line': b'                 from \x1b[01m\x1b[K/home/punished_venom/DroneControls/src/rplidar_ros/sdk/include/rplidar.h:39\x1b[m\x1b[K,\n'}
[54.214136] (rplidar_ros) StderrLine: {'line': b'                 from \x1b[01m\x1b[K/home/punished_venom/DroneControls/src/rplidar_ros/sdk/src/sdkcommon.h:49\x1b[m\x1b[K,\n'}
[54.215997] (rplidar_ros) StderrLine: {'line': b'                 from \x1b[01m\x1b[K/home/punished_venom/DroneControls/src/rplidar_ros/sdk/src/dataunpacker/unpacker/../dataunnpacker_commondef.h:41\x1b[m\x1b[K,\n'}
[54.216684] (rplidar_ros) StderrLine: {'line': b'                 from \x1b[01m\x1b[K/home/punished_venom/DroneControls/src/rplidar_ros/sdk/src/dataunpacker/unpacker/handler_capsules.cpp:39\x1b[m\x1b[K:\n'}
[54.217221] (rplidar_ros) StderrLine: {'line': b'\x1b[01m\x1b[K/home/punished_venom/DroneControls/src/rplidar_ros/sdk/include/sl_lidar_protocol.h:66:16:\x1b[m\x1b[K \x1b[01;35m\x1b[Kwarning: \x1b[m\x1b[KISO C++ forbids zero-size array \xe2\x80\x98\x1b[01m\x1b[Kdata\x1b[m\x1b[K\xe2\x80\x99 [\x1b[01;35m\x1b[K-Wpedantic\x1b[m\x1b[K]\n'}
[54.217851] (rplidar_ros) StderrLine: {'line': b'   66 |     sl_u8 data[\x1b[01;35m\x1b[K0\x1b[m\x1b[K];\n'}
[54.221545] (rplidar_ros) StderrLine: {'line': b'      |                \x1b[01;35m\x1b[K^\x1b[m\x1b[K\n'}
[54.222204] (rplidar_ros) StderrLine: {'line': b'In file included from \x1b[01m\x1b[K/home/punished_venom/DroneControls/src/rplidar_ros/sdk/include/rplidar_cmd.h:36\x1b[m\x1b[K,\n'}
[54.222885] (rplidar_ros) StderrLine: {'line': b'                 from \x1b[01m\x1b[K/home/punished_venom/DroneControls/src/rplidar_ros/sdk/include/rplidar.h:40\x1b[m\x1b[K:\n'}
[54.227820] (rplidar_ros) StderrLine: {'line': b'\x1b[01m\x1b[K/home/punished_venom/DroneControls/src/rplidar_ros/sdk/include/sl_lidar_cmd.h:324:20:\x1b[m\x1b[K \x1b[01;35m\x1b[Kwarning: \x1b[m\x1b[KISO C++ forbids zero-size array \xe2\x80\x98\x1b[01m\x1b[Kpayload\x1b[m\x1b[K\xe2\x80\x99 [\x1b[01;35m\x1b[K-Wpedantic\x1b[m\x1b[K]\n'}
[54.228578] (rplidar_ros) StderrLine: {'line': b'  324 |     sl_u8  payload[\x1b[01;35m\x1b[K0\x1b[m\x1b[K];\n'}
[54.229169] (rplidar_ros) StderrLine: {'line': b'      |                    \x1b[01;35m\x1b[K^\x1b[m\x1b[K\n'}
[54.283266] (-) TimerEvent: {}
[54.384177] (-) TimerEvent: {}
[54.486019] (-) TimerEvent: {}
[54.587507] (-) TimerEvent: {}
[54.688490] (-) TimerEvent: {}
[54.790416] (-) TimerEvent: {}
[54.831201] (rplidar_ros) StderrLine: {'line': b'In file included from \x1b[01m\x1b[K/home/punished_venom/DroneControls/src/rplidar_ros/sdk/src/dataunpacker/unpacker/handler_hqnode.cpp:40\x1b[m\x1b[K:\n'}
[54.832137] (rplidar_ros) StderrLine: {'line': b'\x1b[01m\x1b[K/home/punished_venom/DroneControls/src/rplidar_ros/sdk/src/dataunpacker/unpacker/../dataunpacker.h:\x1b[m\x1b[K In member function \xe2\x80\x98\x1b[01m\x1b[Kvirtual void sl::internal::LIDARSampleDataListener::\x1b[01;32m\x1b[KonCustomSampleDataDecoded\x1b[m\x1b[K(_u8, _u32, const void*, size_t)\x1b[m\x1b[K\xe2\x80\x99:\n'}
[54.832846] (rplidar_ros) StderrLine: {'line': b'\x1b[01m\x1b[K/home/punished_venom/DroneControls/src/rplidar_ros/sdk/src/dataunpacker/unpacker/../dataunpacker.h:54:52:\x1b[m\x1b[K \x1b[01;35m\x1b[Kwarning: \x1b[m\x1b[Kunused parameter \xe2\x80\x98\x1b[01m\x1b[KansType\x1b[m\x1b[K\xe2\x80\x99 [\x1b[01;35m\x1b[K-Wunused-parameter\x1b[m\x1b[K]\n'}
[54.834628] (rplidar_ros) StderrLine: {'line': b'   54 |         virtual void onCustomSampleDataDecoded(\x1b[01;35m\x1b[K_u8 ansType\x1b[m\x1b[K, _u32 customCode, const void* data, size_t size) {}\n'}
[54.838629] (rplidar_ros) StderrLine: {'line': b'      |                                                \x1b[01;35m\x1b[K~~~~^~~~~~~\x1b[m\x1b[K\n'}
[54.842029] (rplidar_ros) StderrLine: {'line': b'\x1b[01m\x1b[K/home/punished_venom/DroneControls/src/rplidar_ros/sdk/src/dataunpacker/unpacker/../dataunpacker.h:54:66:\x1b[m\x1b[K \x1b[01;35m\x1b[Kwarning: \x1b[m\x1b[Kunused parameter \xe2\x80\x98\x1b[01m\x1b[KcustomCode\x1b[m\x1b[K\xe2\x80\x99 [\x1b[01;35m\x1b[K-Wunused-parameter\x1b[m\x1b[K]\n'}
[54.843401] (rplidar_ros) StderrLine: {'line': b'   54 |         virtual void onCustomSampleDataDecoded(_u8 ansType, \x1b[01;35m\x1b[K_u32 customCode\x1b[m\x1b[K, const void* data, size_t size) {}\n'}
[54.847559] (rplidar_ros) StderrLine: {'line': b'      |                                                             \x1b[01;35m\x1b[K~~~~~^~~~~~~~~~\x1b[m\x1b[K\n'}
[54.848295] (rplidar_ros) StderrLine: {'line': b'\x1b[01m\x1b[K/home/punished_venom/DroneControls/src/rplidar_ros/sdk/src/dataunpacker/unpacker/../dataunpacker.h:54:90:\x1b[m\x1b[K \x1b[01;35m\x1b[Kwarning: \x1b[m\x1b[Kunused parameter \xe2\x80\x98\x1b[01m\x1b[Kdata\x1b[m\x1b[K\xe2\x80\x99 [\x1b[01;35m\x1b[K-Wunused-parameter\x1b[m\x1b[K]\n'}
[54.848978] (rplidar_ros) StderrLine: {'line': b'   54 |         virtual void onCustomSampleDataDecoded(_u8 ansType, _u32 customCode, \x1b[01;35m\x1b[Kconst void* data\x1b[m\x1b[K, size_t size) {}\n'}
[54.849563] (rplidar_ros) StderrLine: {'line': b'      |                                                                              \x1b[01;35m\x1b[K~~~~~~~~~~~~^~~~\x1b[m\x1b[K\n'}
[54.850137] (rplidar_ros) StderrLine: {'line': b'\x1b[01m\x1b[K/home/punished_venom/DroneControls/src/rplidar_ros/sdk/src/dataunpacker/unpacker/../dataunpacker.h:54:103:\x1b[m\x1b[K \x1b[01;35m\x1b[Kwarning: \x1b[m\x1b[Kunused parameter \xe2\x80\x98\x1b[01m\x1b[Ksize\x1b[m\x1b[K\xe2\x80\x99 [\x1b[01;35m\x1b[K-Wunused-parameter\x1b[m\x1b[K]\n'}
[54.854059] (rplidar_ros) StderrLine: {'line': b'   54 |         virtual void onCustomSampleDataDecoded(_u8 ansType, _u32 customCode, const void* data, \x1b[01;35m\x1b[Ksize_t size\x1b[m\x1b[K) {}\n'}
[54.854812] (rplidar_ros) StderrLine: {'line': b'      |                                                                                                \x1b[01;35m\x1b[K~~~~~~~^~~~\x1b[m\x1b[K\n'}
[54.855559] (rplidar_ros) StderrLine: {'line': b'\x1b[01m\x1b[K/home/punished_venom/DroneControls/src/rplidar_ros/sdk/src/dataunpacker/unpacker/../dataunpacker.h:\x1b[m\x1b[K In member function \xe2\x80\x98\x1b[01m\x1b[Kvirtual void sl::internal::LIDARSampleDataListener::\x1b[01;32m\x1b[KonDecodingError\x1b[m\x1b[K(int, _u8, const void*, size_t)\x1b[m\x1b[K\xe2\x80\x99:\n'}
[54.856196] (rplidar_ros) StderrLine: {'line': b'\x1b[01m\x1b[K/home/punished_venom/DroneControls/src/rplidar_ros/sdk/src/dataunpacker/unpacker/../dataunpacker.h:56:42:\x1b[m\x1b[K \x1b[01;35m\x1b[Kwarning: \x1b[m\x1b[Kunused parameter \xe2\x80\x98\x1b[01m\x1b[KerrMsg\x1b[m\x1b[K\xe2\x80\x99 [\x1b[01;35m\x1b[K-Wunused-parameter\x1b[m\x1b[K]\n'}
[54.860110] (rplidar_ros) StderrLine: {'line': b'   56 |         virtual void onDecodingError(\x1b[01;35m\x1b[Kint errMsg\x1b[m\x1b[K, _u8 ansType, const void* payload, size_t size) {}\n'}
[54.860804] (rplidar_ros) StderrLine: {'line': b'      |                                      \x1b[01;35m\x1b[K~~~~^~~~~~\x1b[m\x1b[K\n'}
[54.863632] (rplidar_ros) StderrLine: {'line': b'\x1b[01m\x1b[K/home/punished_venom/DroneControls/src/rplidar_ros/sdk/src/dataunpacker/unpacker/../dataunpacker.h:56:54:\x1b[m\x1b[K \x1b[01;35m\x1b[Kwarning: \x1b[m\x1b[Kunused parameter \xe2\x80\x98\x1b[01m\x1b[KansType\x1b[m\x1b[K\xe2\x80\x99 [\x1b[01;35m\x1b[K-Wunused-parameter\x1b[m\x1b[K]\n'}
[54.864519] (rplidar_ros) StderrLine: {'line': b'   56 |         virtual void onDecodingError(int errMsg, \x1b[01;35m\x1b[K_u8 ansType\x1b[m\x1b[K, const void* payload, size_t size) {}\n'}
[54.865935] (rplidar_ros) StderrLine: {'line': b'      |                                                  \x1b[01;35m\x1b[K~~~~^~~~~~~\x1b[m\x1b[K\n'}
[54.870454] (rplidar_ros) StderrLine: {'line': b'\x1b[01m\x1b[K/home/punished_venom/DroneControls/src/rplidar_ros/sdk/src/dataunpacker/unpacker/../dataunpacker.h:56:75:\x1b[m\x1b[K \x1b[01;35m\x1b[Kwarning: \x1b[m\x1b[Kunused parameter \xe2\x80\x98\x1b[01m\x1b[Kpayload\x1b[m\x1b[K\xe2\x80\x99 [\x1b[01;35m\x1b[K-Wunused-parameter\x1b[m\x1b[K]\n'}
[54.871872] (rplidar_ros) StderrLine: {'line': b'   56 |         virtual void onDecodingError(int errMsg, _u8 ansType, \x1b[01;35m\x1b[Kconst void* payload\x1b[m\x1b[K, size_t size) {}\n'}
[54.872956] (rplidar_ros) StderrLine: {'line': b'      |                                                               \x1b[01;35m\x1b[K~~~~~~~~~~~~^~~~~~~\x1b[m\x1b[K\n'}
[54.873639] (rplidar_ros) StderrLine: {'line': b'\x1b[01m\x1b[K/home/punished_venom/DroneControls/src/rplidar_ros/sdk/src/dataunpacker/unpacker/../dataunpacker.h:56:91:\x1b[m\x1b[K \x1b[01;35m\x1b[Kwarning: \x1b[m\x1b[Kunused parameter \xe2\x80\x98\x1b[01m\x1b[Ksize\x1b[m\x1b[K\xe2\x80\x99 [\x1b[01;35m\x1b[K-Wunused-parameter\x1b[m\x1b[K]\n'}
[54.874245] (rplidar_ros) StderrLine: {'line': b'   56 |         virtual void onDecodingError(int errMsg, _u8 ansType, const void* payload, \x1b[01;35m\x1b[Ksize_t size\x1b[m\x1b[K) {}\n'}
[54.875303] (rplidar_ros) StderrLine: {'line': b'      |                                                                                    \x1b[01;35m\x1b[K~~~~~~~^~~~\x1b[m\x1b[K\n'}
[54.876598] (rplidar_ros) StderrLine: {'line': b'In file included from \x1b[01m\x1b[K/home/punished_venom/DroneControls/src/rplidar_ros/sdk/src/dataunpacker/unpacker/handler_capsules.cpp:40\x1b[m\x1b[K:\n'}
[54.877376] (rplidar_ros) StderrLine: {'line': b'\x1b[01m\x1b[K/home/punished_venom/DroneControls/src/rplidar_ros/sdk/src/dataunpacker/unpacker/../dataunpacker.h:\x1b[m\x1b[K In member function \xe2\x80\x98\x1b[01m\x1b[Kvirtual void sl::internal::LIDARSampleDataListener::\x1b[01;32m\x1b[KonCustomSampleDataDecoded\x1b[m\x1b[K(_u8, _u32, const void*, size_t)\x1b[m\x1b[K\xe2\x80\x99:\n'}
[54.878025] (rplidar_ros) StderrLine: {'line': b'\x1b[01m\x1b[K/home/punished_venom/DroneControls/src/rplidar_ros/sdk/src/dataunpacker/unpacker/../dataunpacker.h:54:52:\x1b[m\x1b[K \x1b[01;35m\x1b[Kwarning: \x1b[m\x1b[Kunused parameter \xe2\x80\x98\x1b[01m\x1b[KansType\x1b[m\x1b[K\xe2\x80\x99 [\x1b[01;35m\x1b[K-Wunused-parameter\x1b[m\x1b[K]\n'}
[54.878722] (rplidar_ros) StderrLine: {'line': b'   54 |         virtual void onCustomSampleDataDecoded(\x1b[01;35m\x1b[K_u8 ansType\x1b[m\x1b[K, _u32 customCode, const void* data, size_t size) {}\n'}
[54.879276] (rplidar_ros) StderrLine: {'line': b'      |                                                \x1b[01;35m\x1b[K~~~~^~~~~~~\x1b[m\x1b[K\n'}
[54.880037] (rplidar_ros) StderrLine: {'line': b'\x1b[01m\x1b[K/home/punished_venom/DroneControls/src/rplidar_ros/sdk/src/dataunpacker/unpacker/../dataunpacker.h:54:66:\x1b[m\x1b[K \x1b[01;35m\x1b[Kwarning: \x1b[m\x1b[Kunused parameter \xe2\x80\x98\x1b[01m\x1b[KcustomCode\x1b[m\x1b[K\xe2\x80\x99 [\x1b[01;35m\x1b[K-Wunused-parameter\x1b[m\x1b[K]\n'}
[54.880682] (rplidar_ros) StderrLine: {'line': b'   54 |         virtual void onCustomSampleDataDecoded(_u8 ansType, \x1b[01;35m\x1b[K_u32 customCode\x1b[m\x1b[K, const void* data, size_t size) {}\n'}
[54.881202] (rplidar_ros) StderrLine: {'line': b'      |                                                             \x1b[01;35m\x1b[K~~~~~^~~~~~~~~~\x1b[m\x1b[K\n'}
[54.881820] (rplidar_ros) StderrLine: {'line': b'\x1b[01m\x1b[K/home/punished_venom/DroneControls/src/rplidar_ros/sdk/src/dataunpacker/unpacker/../dataunpacker.h:54:90:\x1b[m\x1b[K \x1b[01;35m\x1b[Kwarning: \x1b[m\x1b[Kunused parameter \xe2\x80\x98\x1b[01m\x1b[Kdata\x1b[m\x1b[K\xe2\x80\x99 [\x1b[01;35m\x1b[K-Wunused-parameter\x1b[m\x1b[K]\n'}
[54.882396] (rplidar_ros) StderrLine: {'line': b'   54 |         virtual void onCustomSampleDataDecoded(_u8 ansType, _u32 customCode, \x1b[01;35m\x1b[Kconst void* data\x1b[m\x1b[K, size_t size) {}\n'}
[54.882987] (rplidar_ros) StderrLine: {'line': b'      |                                                                              \x1b[01;35m\x1b[K~~~~~~~~~~~~^~~~\x1b[m\x1b[K\n'}
[54.883579] (rplidar_ros) StderrLine: {'line': b'\x1b[01m\x1b[K/home/punished_venom/DroneControls/src/rplidar_ros/sdk/src/dataunpacker/unpacker/../dataunpacker.h:54:103:\x1b[m\x1b[K \x1b[01;35m\x1b[Kwarning: \x1b[m\x1b[Kunused parameter \xe2\x80\x98\x1b[01m\x1b[Ksize\x1b[m\x1b[K\xe2\x80\x99 [\x1b[01;35m\x1b[K-Wunused-parameter\x1b[m\x1b[K]\n'}
[54.884136] (rplidar_ros) StderrLine: {'line': b'   54 |         virtual void onCustomSampleDataDecoded(_u8 ansType, _u32 customCode, const void* data, \x1b[01;35m\x1b[Ksize_t size\x1b[m\x1b[K) {}\n'}
[54.884860] (rplidar_ros) StderrLine: {'line': b'      |                                                                                                \x1b[01;35m\x1b[K~~~~~~~^~~~\x1b[m\x1b[K\n'}
[54.885435] (rplidar_ros) StderrLine: {'line': b'\x1b[01m\x1b[K/home/punished_venom/DroneControls/src/rplidar_ros/sdk/src/dataunpacker/unpacker/../dataunpacker.h:\x1b[m\x1b[K In member function \xe2\x80\x98\x1b[01m\x1b[Kvirtual void sl::internal::LIDARSampleDataListener::\x1b[01;32m\x1b[KonDecodingError\x1b[m\x1b[K(int, _u8, const void*, size_t)\x1b[m\x1b[K\xe2\x80\x99:\n'}
[54.886046] (rplidar_ros) StderrLine: {'line': b'\x1b[01m\x1b[K/home/punished_venom/DroneControls/src/rplidar_ros/sdk/src/dataunpacker/unpacker/../dataunpacker.h:56:42:\x1b[m\x1b[K \x1b[01;35m\x1b[Kwarning: \x1b[m\x1b[Kunused parameter \xe2\x80\x98\x1b[01m\x1b[KerrMsg\x1b[m\x1b[K\xe2\x80\x99 [\x1b[01;35m\x1b[K-Wunused-parameter\x1b[m\x1b[K]\n'}
[54.886649] (rplidar_ros) StderrLine: {'line': b'   56 |         virtual void onDecodingError(\x1b[01;35m\x1b[Kint errMsg\x1b[m\x1b[K, _u8 ansType, const void* payload, size_t size) {}\n'}
[54.887194] (rplidar_ros) StderrLine: {'line': b'      |                                      \x1b[01;35m\x1b[K~~~~^~~~~~\x1b[m\x1b[K\n'}
[54.887804] (rplidar_ros) StderrLine: {'line': b'\x1b[01m\x1b[K/home/punished_venom/DroneControls/src/rplidar_ros/sdk/src/dataunpacker/unpacker/../dataunpacker.h:56:54:\x1b[m\x1b[K \x1b[01;35m\x1b[Kwarning: \x1b[m\x1b[Kunused parameter \xe2\x80\x98\x1b[01m\x1b[KansType\x1b[m\x1b[K\xe2\x80\x99 [\x1b[01;35m\x1b[K-Wunused-parameter\x1b[m\x1b[K]\n'}
[54.888313] (rplidar_ros) StderrLine: {'line': b'   56 |         virtual void onDecodingError(int errMsg, \x1b[01;35m\x1b[K_u8 ansType\x1b[m\x1b[K, const void* payload, size_t size) {}\n'}
[54.889125] (rplidar_ros) StderrLine: {'line': b'      |                                                  \x1b[01;35m\x1b[K~~~~^~~~~~~\x1b[m\x1b[K\n'}
[54.889756] (rplidar_ros) StderrLine: {'line': b'\x1b[01m\x1b[K/home/punished_venom/DroneControls/src/rplidar_ros/sdk/src/dataunpacker/unpacker/../dataunpacker.h:56:75:\x1b[m\x1b[K \x1b[01;35m\x1b[Kwarning: \x1b[m\x1b[Kunused parameter \xe2\x80\x98\x1b[01m\x1b[Kpayload\x1b[m\x1b[K\xe2\x80\x99 [\x1b[01;35m\x1b[K-Wunused-parameter\x1b[m\x1b[K]\n'}
[54.890421] (rplidar_ros) StderrLine: {'line': b'   56 |         virtual void onDecodingError(int errMsg, _u8 ansType, \x1b[01;35m\x1b[Kconst void* payload\x1b[m\x1b[K, size_t size) {}\n'}
[54.891034] (-) TimerEvent: {}
[54.892943] (rplidar_ros) StderrLine: {'line': b'      |                                                               \x1b[01;35m\x1b[K~~~~~~~~~~~~^~~~~~~\x1b[m\x1b[K\n'}
[54.893807] (rplidar_ros) StderrLine: {'line': b'\x1b[01m\x1b[K/home/punished_venom/DroneControls/src/rplidar_ros/sdk/src/dataunpacker/unpacker/../dataunpacker.h:56:91:\x1b[m\x1b[K \x1b[01;35m\x1b[Kwarning: \x1b[m\x1b[Kunused parameter \xe2\x80\x98\x1b[01m\x1b[Ksize\x1b[m\x1b[K\xe2\x80\x99 [\x1b[01;35m\x1b[K-Wunused-parameter\x1b[m\x1b[K]\n'}
[54.894452] (rplidar_ros) StderrLine: {'line': b'   56 |         virtual void onDecodingError(int errMsg, _u8 ansType, const void* payload, \x1b[01;35m\x1b[Ksize_t size\x1b[m\x1b[K) {}\n'}
[54.895165] (rplidar_ros) StderrLine: {'line': b'      |                                                                                    \x1b[01;35m\x1b[K~~~~~~~^~~~\x1b[m\x1b[K\n'}
[54.944455] (rplidar_ros) StderrLine: {'line': b'\x1b[01m\x1b[K/home/punished_venom/DroneControls/src/rplidar_ros/sdk/src/dataunpacker/unpacker/handler_capsules.cpp:\x1b[m\x1b[K In member function \xe2\x80\x98\x1b[01m\x1b[Kvoid sl::internal::unpacker::UnpackerHandler_DenseCapsuleNode::\x1b[01;32m\x1b[K_onScanNodeDenseCapsuleData\x1b[m\x1b[K(rplidar_response_dense_capsule_measurement_nodes_t&, sl::internal::LIDARSampleDataUnpackerInner*)\x1b[m\x1b[K\xe2\x80\x99:\n'}
[54.945192] (rplidar_ros) StderrLine: {'line': b'\x1b[01m\x1b[K/home/punished_venom/DroneControls/src/rplidar_ros/sdk/src/dataunpacker/unpacker/handler_capsules.cpp:763:30:\x1b[m\x1b[K \x1b[01;35m\x1b[Kwarning: \x1b[m\x1b[Ktype qualifiers ignored on cast result type [\x1b[01;35m\x1b[K-Wignored-qualifiers\x1b[m\x1b[K]\n'}
[54.945898] (rplidar_ros) StderrLine: {'line': b'  763 |             const int dist = \x1b[01;35m\x1b[Kstatic_cast<const int>(_cached_previous_dense_capsuledata.cabins[pos].distance)\x1b[m\x1b[K;\n'}
[54.946508] (rplidar_ros) StderrLine: {'line': b'      |                              \x1b[01;35m\x1b[K^~~~~~~~~~~~~~~~~~~~~~~~~~~~~~~~~~~~~~~~~~~~~~~~~~~~~~~~~~~~~~~~~~~~~~~~~~~~~~~\x1b[m\x1b[K\n'}
[54.991281] (-) TimerEvent: {}
[55.092180] (-) TimerEvent: {}
[55.194830] (-) TimerEvent: {}
[55.299780] (-) TimerEvent: {}
[55.400746] (-) TimerEvent: {}
[55.504810] (-) TimerEvent: {}
[55.605750] (-) TimerEvent: {}
[55.708045] (rplidar_ros) StdoutLine: {'line': b'[ 71%] \x1b[32mBuilding CXX object CMakeFiles/rplidar_composition.dir/sdk/src/dataunpacker/unpacker/handler_normalnode.cpp.o\x1b[0m\n'}
[55.708924] (-) TimerEvent: {}
[55.814749] (-) TimerEvent: {}
[55.915564] (-) TimerEvent: {}
[56.012144] (rplidar_ros) StdoutLine: {'line': b'[ 73%] \x1b[32mBuilding CXX object CMakeFiles/rplidar_composition.dir/sdk/src/hal/thread.cpp.o\x1b[0m\n'}
[56.016509] (-) TimerEvent: {}
[56.119626] (-) TimerEvent: {}
[56.220675] (-) TimerEvent: {}
[56.324705] (-) TimerEvent: {}
[56.425497] (-) TimerEvent: {}
[56.528776] (-) TimerEvent: {}
[56.631491] (-) TimerEvent: {}
[56.734781] (-) TimerEvent: {}
[56.837845] (-) TimerEvent: {}
[56.941749] (-) TimerEvent: {}
[57.043644] (-) TimerEvent: {}
[57.147829] (-) TimerEvent: {}
[57.248755] (-) TimerEvent: {}
[57.353518] (-) TimerEvent: {}
[57.454403] (-) TimerEvent: {}
[57.555252] (-) TimerEvent: {}
[57.657111] (-) TimerEvent: {}
[57.698742] (rplidar_ros) StderrLine: {'line': b'In file included from \x1b[01m\x1b[K/home/punished_venom/DroneControls/src/rplidar_ros/sdk/include/sl_lidar_cmd.h:41\x1b[m\x1b[K,\n'}
[57.699613] (rplidar_ros) StderrLine: {'line': b'                 from \x1b[01m\x1b[K/home/punished_venom/DroneControls/src/rplidar_ros/sdk/include/sl_lidar_driver.h:54\x1b[m\x1b[K,\n'}
[57.700232] (rplidar_ros) StderrLine: {'line': b'                 from \x1b[01m\x1b[K/home/punished_venom/DroneControls/src/rplidar_ros/sdk/include/sl_lidar.h:36\x1b[m\x1b[K,\n'}
[57.703108] (rplidar_ros) StderrLine: {'line': b'                 from \x1b[01m\x1b[K/home/punished_venom/DroneControls/src/rplidar_ros/src/rplidar_node.cpp:38\x1b[m\x1b[K:\n'}
[57.703799] (rplidar_ros) StderrLine: {'line': b'\x1b[01m\x1b[K/home/punished_venom/DroneControls/src/rplidar_ros/sdk/include/sl_lidar_protocol.h:66:16:\x1b[m\x1b[K \x1b[01;35m\x1b[Kwarning: \x1b[m\x1b[KISO C++ forbids zero-size array \xe2\x80\x98\x1b[01m\x1b[Kdata\x1b[m\x1b[K\xe2\x80\x99 [\x1b[01;35m\x1b[K-Wpedantic\x1b[m\x1b[K]\n'}
[57.707618] (rplidar_ros) StderrLine: {'line': b'   66 |     sl_u8 data[\x1b[01;35m\x1b[K0\x1b[m\x1b[K];\n'}
[57.708396] (rplidar_ros) StderrLine: {'line': b'      |                \x1b[01;35m\x1b[K^\x1b[m\x1b[K\n'}
[57.709466] (rplidar_ros) StderrLine: {'line': b'\x1b[01m\x1b[K/home/punished_venom/DroneControls/src/rplidar_ros/sdk/include/sl_lidar_cmd.h:324:20:\x1b[m\x1b[K \x1b[01;35m\x1b[Kwarning: \x1b[m\x1b[KISO C++ forbids zero-size array \xe2\x80\x98\x1b[01m\x1b[Kpayload\x1b[m\x1b[K\xe2\x80\x99 [\x1b[01;35m\x1b[K-Wpedantic\x1b[m\x1b[K]\n'}
[57.710183] (rplidar_ros) StderrLine: {'line': b'  324 |     sl_u8  payload[\x1b[01;35m\x1b[K0\x1b[m\x1b[K];\n'}
[57.710836] (rplidar_ros) StderrLine: {'line': b'      |                    \x1b[01;35m\x1b[K^\x1b[m\x1b[K\n'}
[57.757490] (-) TimerEvent: {}
[57.861217] (-) TimerEvent: {}
[57.963481] (-) TimerEvent: {}
[57.993583] (rplidar_ros) StderrLine: {'line': b'\x1b[01m\x1b[K/home/punished_venom/DroneControls/src/rplidar_ros/src/rplidar_node.cpp:\x1b[m\x1b[K In member function \xe2\x80\x98\x1b[01m\x1b[Kint RPlidarNode::\x1b[01;32m\x1b[Kwork_loop\x1b[m\x1b[K()\x1b[m\x1b[K\xe2\x80\x99:\n'}
[57.994419] (rplidar_ros) StderrLine: {'line': b'\x1b[01m\x1b[K/home/punished_venom/DroneControls/src/rplidar_ros/src/rplidar_node.cpp:543:30:\x1b[m\x1b[K \x1b[01;35m\x1b[Kwarning: \x1b[m\x1b[K\xe2\x80\x98\x1b[01m\x1b[Kvoid rclcpp::\x1b[01;32m\x1b[Kspin_some\x1b[m\x1b[K(const Node::SharedPtr&)\x1b[m\x1b[K\xe2\x80\x99 is deprecated: use SingleThreadedExecutor::spin_some instead [\x1b[01;35m\x1b[K-Wdeprecated-declarations\x1b[m\x1b[K]\n'}
[57.995078] (rplidar_ros) StderrLine: {'line': b'  543 |             \x1b[01;35m\x1b[Krclcpp::spin_some(shared_from_this())\x1b[m\x1b[K;\n'}
[57.995839] (rplidar_ros) StderrLine: {'line': b'      |             \x1b[01;35m\x1b[K~~~~~~~~~~~~~~~~~^~~~~~~~~~~~~~~~~~~~\x1b[m\x1b[K\n'}
[57.997878] (rplidar_ros) StderrLine: {'line': b'In file included from \x1b[01m\x1b[K/opt/ros/lyrical/include/rclcpp/rclcpp/rclcpp.hpp:174\x1b[m\x1b[K,\n'}
[57.998596] (rplidar_ros) StderrLine: {'line': b'                 from \x1b[01m\x1b[K/home/punished_venom/DroneControls/src/rplidar_ros/src/rplidar_node.cpp:35\x1b[m\x1b[K:\n'}
[57.999171] (rplidar_ros) StderrLine: {'line': b'\x1b[01m\x1b[K/opt/ros/lyrical/include/rclcpp/rclcpp/executors.hpp:110:1:\x1b[m\x1b[K \x1b[01;36m\x1b[Knote: \x1b[m\x1b[Kdeclared here\n'}
[57.999875] (rplidar_ros) StderrLine: {'line': b'  110 | \x1b[01;36m\x1b[Kspin_some\x1b[m\x1b[K(const rclcpp::Node::SharedPtr & node_ptr);\n'}
[58.004584] (rplidar_ros) StderrLine: {'line': b'      | \x1b[01;36m\x1b[K^~~~~~~~~\x1b[m\x1b[K\n'}
[58.040407] (rplidar_ros) StderrLine: {'line': b'In file included from \x1b[01m\x1b[K/home/punished_venom/DroneControls/src/rplidar_ros/sdk/include/rplidar_protocol.h:36\x1b[m\x1b[K,\n'}
[58.041073] (rplidar_ros) StderrLine: {'line': b'                 from \x1b[01m\x1b[K/home/punished_venom/DroneControls/src/rplidar_ros/sdk/include/rplidar.h:39\x1b[m\x1b[K,\n'}
[58.041761] (rplidar_ros) StderrLine: {'line': b'                 from \x1b[01m\x1b[K/home/punished_venom/DroneControls/src/rplidar_ros/sdk/src/sdkcommon.h:49\x1b[m\x1b[K,\n'}
[58.045435] (rplidar_ros) StderrLine: {'line': b'                 from \x1b[01m\x1b[K/home/punished_venom/DroneControls/src/rplidar_ros/sdk/src/dataunpacker/unpacker/../dataunnpacker_commondef.h:41\x1b[m\x1b[K,\n'}
[58.046932] (rplidar_ros) StderrLine: {'line': b'                 from \x1b[01m\x1b[K/home/punished_venom/DroneControls/src/rplidar_ros/sdk/src/dataunpacker/unpacker/handler_normalnode.cpp:39\x1b[m\x1b[K:\n'}
[58.047675] (rplidar_ros) StderrLine: {'line': b'\x1b[01m\x1b[K/home/punished_venom/DroneControls/src/rplidar_ros/sdk/include/sl_lidar_protocol.h:66:16:\x1b[m\x1b[K \x1b[01;35m\x1b[Kwarning: \x1b[m\x1b[KISO C++ forbids zero-size array \xe2\x80\x98\x1b[01m\x1b[Kdata\x1b[m\x1b[K\xe2\x80\x99 [\x1b[01;35m\x1b[K-Wpedantic\x1b[m\x1b[K]\n'}
[58.048231] (rplidar_ros) StderrLine: {'line': b'   66 |     sl_u8 data[\x1b[01;35m\x1b[K0\x1b[m\x1b[K];\n'}
[58.048849] (rplidar_ros) StderrLine: {'line': b'      |                \x1b[01;35m\x1b[K^\x1b[m\x1b[K\n'}
[58.049369] (rplidar_ros) StderrLine: {'line': b'In file included from \x1b[01m\x1b[K/home/punished_venom/DroneControls/src/rplidar_ros/sdk/include/rplidar_cmd.h:36\x1b[m\x1b[K,\n'}
[58.049932] (rplidar_ros) StderrLine: {'line': b'                 from \x1b[01m\x1b[K/home/punished_venom/DroneControls/src/rplidar_ros/sdk/include/rplidar.h:40\x1b[m\x1b[K:\n'}
[58.050431] (rplidar_ros) StderrLine: {'line': b'\x1b[01m\x1b[K/home/punished_venom/DroneControls/src/rplidar_ros/sdk/include/sl_lidar_cmd.h:324:20:\x1b[m\x1b[K \x1b[01;35m\x1b[Kwarning: \x1b[m\x1b[KISO C++ forbids zero-size array \xe2\x80\x98\x1b[01m\x1b[Kpayload\x1b[m\x1b[K\xe2\x80\x99 [\x1b[01;35m\x1b[K-Wpedantic\x1b[m\x1b[K]\n'}
[58.051029] (rplidar_ros) StderrLine: {'line': b'  324 |     sl_u8  payload[\x1b[01;35m\x1b[K0\x1b[m\x1b[K];\n'}
[58.051685] (rplidar_ros) StderrLine: {'line': b'      |                    \x1b[01;35m\x1b[K^\x1b[m\x1b[K\n'}
[58.064507] (-) TimerEvent: {}
[58.166367] (-) TimerEvent: {}
[58.221140] (rplidar_ros) StderrLine: {'line': b'In file included from \x1b[01m\x1b[K/home/punished_venom/DroneControls/src/rplidar_ros/sdk/include/rplidar_protocol.h:36\x1b[m\x1b[K,\n'}
[58.221916] (rplidar_ros) StderrLine: {'line': b'                 from \x1b[01m\x1b[K/home/punished_venom/DroneControls/src/rplidar_ros/sdk/include/rplidar.h:39\x1b[m\x1b[K,\n'}
[58.222433] (rplidar_ros) StderrLine: {'line': b'                 from \x1b[01m\x1b[K/home/punished_venom/DroneControls/src/rplidar_ros/sdk/src/sdkcommon.h:49\x1b[m\x1b[K,\n'}
[58.225536] (rplidar_ros) StderrLine: {'line': b'                 from \x1b[01m\x1b[K/home/punished_venom/DroneControls/src/rplidar_ros/sdk/src/hal/thread.cpp:35\x1b[m\x1b[K:\n'}
[58.226276] (rplidar_ros) StderrLine: {'line': b'\x1b[01m\x1b[K/home/punished_venom/DroneControls/src/rplidar_ros/sdk/include/sl_lidar_protocol.h:66:16:\x1b[m\x1b[K \x1b[01;35m\x1b[Kwarning: \x1b[m\x1b[KISO C++ forbids zero-size array \xe2\x80\x98\x1b[01m\x1b[Kdata\x1b[m\x1b[K\xe2\x80\x99 [\x1b[01;35m\x1b[K-Wpedantic\x1b[m\x1b[K]\n'}
[58.227287] (rplidar_ros) StderrLine: {'line': b'   66 |     sl_u8 data[\x1b[01;35m\x1b[K0\x1b[m\x1b[K];\n'}
[58.227973] (rplidar_ros) StderrLine: {'line': b'      |                \x1b[01;35m\x1b[K^\x1b[m\x1b[K\n'}
[58.228528] (rplidar_ros) StderrLine: {'line': b'In file included from \x1b[01m\x1b[K/home/punished_venom/DroneControls/src/rplidar_ros/sdk/include/rplidar_cmd.h:36\x1b[m\x1b[K,\n'}
[58.229077] (rplidar_ros) StderrLine: {'line': b'                 from \x1b[01m\x1b[K/home/punished_venom/DroneControls/src/rplidar_ros/sdk/include/rplidar.h:40\x1b[m\x1b[K:\n'}
[58.232938] (rplidar_ros) StderrLine: {'line': b'\x1b[01m\x1b[K/home/punished_venom/DroneControls/src/rplidar_ros/sdk/include/sl_lidar_cmd.h:324:20:\x1b[m\x1b[K \x1b[01;35m\x1b[Kwarning: \x1b[m\x1b[KISO C++ forbids zero-size array \xe2\x80\x98\x1b[01m\x1b[Kpayload\x1b[m\x1b[K\xe2\x80\x99 [\x1b[01;35m\x1b[K-Wpedantic\x1b[m\x1b[K]\n'}
[58.233625] (rplidar_ros) StderrLine: {'line': b'  324 |     sl_u8  payload[\x1b[01;35m\x1b[K0\x1b[m\x1b[K];\n'}
[58.234239] (rplidar_ros) StderrLine: {'line': b'      |                    \x1b[01;35m\x1b[K^\x1b[m\x1b[K\n'}
[58.267520] (-) TimerEvent: {}
[58.352741] (rplidar_ros) StderrLine: {'line': b'In file included from \x1b[01m\x1b[K/home/punished_venom/DroneControls/src/rplidar_ros/sdk/src/hal/thread.cpp:43\x1b[m\x1b[K:\n'}
[58.353580] (rplidar_ros) StderrLine: {'line': b'\x1b[01m\x1b[K/home/punished_venom/DroneControls/src/rplidar_ros/sdk/src/arch/linux/thread.hpp:\x1b[m\x1b[K In static member function \xe2\x80\x98\x1b[01m\x1b[Kstatic rp::hal::Thread rp::hal::Thread::\x1b[01;32m\x1b[Kcreate\x1b[m\x1b[K(thread_proc_t, void*)\x1b[m\x1b[K\xe2\x80\x99:\n'}
[58.354187] (rplidar_ros) StderrLine: {'line': b'\x1b[01m\x1b[K/home/punished_venom/DroneControls/src/rplidar_ros/sdk/src/arch/linux/thread.hpp:52:57:\x1b[m\x1b[K \x1b[01;35m\x1b[Kwarning: \x1b[m\x1b[Kcast between incompatible function types from \xe2\x80\x98\x1b[01m\x1b[K\x1b[01;32m\x1b[Kthread_proc_t\x1b[m\x1b[K\xe2\x80\x99 {aka \xe2\x80\x98\x1b[01m\x1b[K\x1b[01;32m\x1b[Klong unsigned int (*)(void*)\x1b[m\x1b[K\xe2\x80\x99} to \xe2\x80\x98\x1b[01m\x1b[K\x1b[01;34m\x1b[Kvoid* (*)(void*)\x1b[m\x1b[K\x1b[m\x1b[K\xe2\x80\x99 [\x1b[01;35m\x1b[K-Wcast-function-type\x1b[m\x1b[K]\n'}
[58.358069] (rplidar_ros) StderrLine: {'line': b'   52 |     pthread_create((pthread_t *)&newborn._handle, NULL, \x1b[01;35m\x1b[K(void * (*)(void *))proc\x1b[m\x1b[K, data);\n'}
[58.358775] (rplidar_ros) StderrLine: {'line': b'      |                                                         \x1b[01;35m\x1b[K^~~~~~~~~~~~~~~~~~~~~~~~\x1b[m\x1b[K\n'}
[58.359296] (rplidar_ros) StderrLine: {'line': b'\x1b[01m\x1b[K/home/punished_venom/DroneControls/src/rplidar_ros/sdk/src/arch/linux/thread.hpp:\x1b[m\x1b[K In member function \xe2\x80\x98\x1b[01m\x1b[Ku_result rp::hal::Thread::\x1b[01;32m\x1b[Kjoin\x1b[m\x1b[K(long unsigned int)\x1b[m\x1b[K\xe2\x80\x99:\n'}
[58.360025] (rplidar_ros) StderrLine: {'line': b'\x1b[01m\x1b[K/home/punished_venom/DroneControls/src/rplidar_ros/sdk/src/arch/linux/thread.hpp:176:37:\x1b[m\x1b[K \x1b[01;35m\x1b[Kwarning: \x1b[m\x1b[Kunused parameter \xe2\x80\x98\x1b[01m\x1b[Ktimeout\x1b[m\x1b[K\xe2\x80\x99 [\x1b[01;35m\x1b[K-Wunused-parameter\x1b[m\x1b[K]\n'}
[58.363912] (rplidar_ros) StderrLine: {'line': b'  176 | u_result Thread::join(\x1b[01;35m\x1b[Kunsigned long timeout\x1b[m\x1b[K)\n'}
[58.364648] (rplidar_ros) StderrLine: {'line': b'      |                       \x1b[01;35m\x1b[K~~~~~~~~~~~~~~^~~~~~~\x1b[m\x1b[K\n'}
[58.367733] (-) TimerEvent: {}
[58.471765] (-) TimerEvent: {}
[58.574009] (-) TimerEvent: {}
[58.675513] (-) TimerEvent: {}
[58.712838] (rplidar_ros) StderrLine: {'line': b'In file included from \x1b[01m\x1b[K/home/punished_venom/DroneControls/src/rplidar_ros/sdk/src/dataunpacker/unpacker/handler_normalnode.cpp:40\x1b[m\x1b[K:\n'}
[58.713767] (rplidar_ros) StderrLine: {'line': b'\x1b[01m\x1b[K/home/punished_venom/DroneControls/src/rplidar_ros/sdk/src/dataunpacker/unpacker/../dataunpacker.h:\x1b[m\x1b[K In member function \xe2\x80\x98\x1b[01m\x1b[Kvirtual void sl::internal::LIDARSampleDataListener::\x1b[01;32m\x1b[KonCustomSampleDataDecoded\x1b[m\x1b[K(_u8, _u32, const void*, size_t)\x1b[m\x1b[K\xe2\x80\x99:\n'}
[58.714450] (rplidar_ros) StderrLine: {'line': b'\x1b[01m\x1b[K/home/punished_venom/DroneControls/src/rplidar_ros/sdk/src/dataunpacker/unpacker/../dataunpacker.h:54:52:\x1b[m\x1b[K \x1b[01;35m\x1b[Kwarning: \x1b[m\x1b[Kunused parameter \xe2\x80\x98\x1b[01m\x1b[KansType\x1b[m\x1b[K\xe2\x80\x99 [\x1b[01;35m\x1b[K-Wunused-parameter\x1b[m\x1b[K]\n'}
[58.715115] (rplidar_ros) StderrLine: {'line': b'   54 |         virtual void onCustomSampleDataDecoded(\x1b[01;35m\x1b[K_u8 ansType\x1b[m\x1b[K, _u32 customCode, const void* data, size_t size) {}\n'}
[58.719974] (rplidar_ros) StderrLine: {'line': b'      |                                                \x1b[01;35m\x1b[K~~~~^~~~~~~\x1b[m\x1b[K\n'}
[58.720728] (rplidar_ros) StderrLine: {'line': b'\x1b[01m\x1b[K/home/punished_venom/DroneControls/src/rplidar_ros/sdk/src/dataunpacker/unpacker/../dataunpacker.h:54:66:\x1b[m\x1b[K \x1b[01;35m\x1b[Kwarning: \x1b[m\x1b[Kunused parameter \xe2\x80\x98\x1b[01m\x1b[KcustomCode\x1b[m\x1b[K\xe2\x80\x99 [\x1b[01;35m\x1b[K-Wunused-parameter\x1b[m\x1b[K]\n'}
[58.724540] (rplidar_ros) StderrLine: {'line': b'   54 |         virtual void onCustomSampleDataDecoded(_u8 ansType, \x1b[01;35m\x1b[K_u32 customCode\x1b[m\x1b[K, const void* data, size_t size) {}\n'}
[58.725282] (rplidar_ros) StderrLine: {'line': b'      |                                                             \x1b[01;35m\x1b[K~~~~~^~~~~~~~~~\x1b[m\x1b[K\n'}
[58.725994] (rplidar_ros) StderrLine: {'line': b'\x1b[01m\x1b[K/home/punished_venom/DroneControls/src/rplidar_ros/sdk/src/dataunpacker/unpacker/../dataunpacker.h:54:90:\x1b[m\x1b[K \x1b[01;35m\x1b[Kwarning: \x1b[m\x1b[Kunused parameter \xe2\x80\x98\x1b[01m\x1b[Kdata\x1b[m\x1b[K\xe2\x80\x99 [\x1b[01;35m\x1b[K-Wunused-parameter\x1b[m\x1b[K]\n'}
[58.726652] (rplidar_ros) StderrLine: {'line': b'   54 |         virtual void onCustomSampleDataDecoded(_u8 ansType, _u32 customCode, \x1b[01;35m\x1b[Kconst void* data\x1b[m\x1b[K, size_t size) {}\n'}
[58.727258] (rplidar_ros) StderrLine: {'line': b'      |                                                                              \x1b[01;35m\x1b[K~~~~~~~~~~~~^~~~\x1b[m\x1b[K\n'}
[58.731108] (rplidar_ros) StderrLine: {'line': b'\x1b[01m\x1b[K/home/punished_venom/DroneControls/src/rplidar_ros/sdk/src/dataunpacker/unpacker/../dataunpacker.h:54:103:\x1b[m\x1b[K \x1b[01;35m\x1b[Kwarning: \x1b[m\x1b[Kunused parameter \xe2\x80\x98\x1b[01m\x1b[Ksize\x1b[m\x1b[K\xe2\x80\x99 [\x1b[01;35m\x1b[K-Wunused-parameter\x1b[m\x1b[K]\n'}
[58.731882] (rplidar_ros) StderrLine: {'line': b'   54 |         virtual void onCustomSampleDataDecoded(_u8 ansType, _u32 customCode, const void* data, \x1b[01;35m\x1b[Ksize_t size\x1b[m\x1b[K) {}\n'}
[58.732524] (rplidar_ros) StderrLine: {'line': b'      |                                                                                                \x1b[01;35m\x1b[K~~~~~~~^~~~\x1b[m\x1b[K\n'}
[58.733137] (rplidar_ros) StderrLine: {'line': b'\x1b[01m\x1b[K/home/punished_venom/DroneControls/src/rplidar_ros/sdk/src/dataunpacker/unpacker/../dataunpacker.h:\x1b[m\x1b[K In member function \xe2\x80\x98\x1b[01m\x1b[Kvirtual void sl::internal::LIDARSampleDataListener::\x1b[01;32m\x1b[KonDecodingError\x1b[m\x1b[K(int, _u8, const void*, size_t)\x1b[m\x1b[K\xe2\x80\x99:\n'}
[58.736974] (rplidar_ros) StderrLine: {'line': b'\x1b[01m\x1b[K/home/punished_venom/DroneControls/src/rplidar_ros/sdk/src/dataunpacker/unpacker/../dataunpacker.h:56:42:\x1b[m\x1b[K \x1b[01;35m\x1b[Kwarning: \x1b[m\x1b[Kunused parameter \xe2\x80\x98\x1b[01m\x1b[KerrMsg\x1b[m\x1b[K\xe2\x80\x99 [\x1b[01;35m\x1b[K-Wunused-parameter\x1b[m\x1b[K]\n'}
[58.737646] (rplidar_ros) StderrLine: {'line': b'   56 |         virtual void onDecodingError(\x1b[01;35m\x1b[Kint errMsg\x1b[m\x1b[K, _u8 ansType, const void* payload, size_t size) {}\n'}
[58.738236] (rplidar_ros) StderrLine: {'line': b'      |                                      \x1b[01;35m\x1b[K~~~~^~~~~~\x1b[m\x1b[K\n'}
[58.738857] (rplidar_ros) StderrLine: {'line': b'\x1b[01m\x1b[K/home/punished_venom/DroneControls/src/rplidar_ros/sdk/src/dataunpacker/unpacker/../dataunpacker.h:56:54:\x1b[m\x1b[K \x1b[01;35m\x1b[Kwarning: \x1b[m\x1b[Kunused parameter \xe2\x80\x98\x1b[01m\x1b[KansType\x1b[m\x1b[K\xe2\x80\x99 [\x1b[01;35m\x1b[K-Wunused-parameter\x1b[m\x1b[K]\n'}
[58.741494] (rplidar_ros) StderrLine: {'line': b'   56 |         virtual void onDecodingError(int errMsg, \x1b[01;35m\x1b[K_u8 ansType\x1b[m\x1b[K, const void* payload, size_t size) {}\n'}
[58.742256] (rplidar_ros) StderrLine: {'line': b'      |                                                  \x1b[01;35m\x1b[K~~~~^~~~~~~\x1b[m\x1b[K\n'}
[58.742943] (rplidar_ros) StderrLine: {'line': b'\x1b[01m\x1b[K/home/punished_venom/DroneControls/src/rplidar_ros/sdk/src/dataunpacker/unpacker/../dataunpacker.h:56:75:\x1b[m\x1b[K \x1b[01;35m\x1b[Kwarning: \x1b[m\x1b[Kunused parameter \xe2\x80\x98\x1b[01m\x1b[Kpayload\x1b[m\x1b[K\xe2\x80\x99 [\x1b[01;35m\x1b[K-Wunused-parameter\x1b[m\x1b[K]\n'}
[58.744981] (rplidar_ros) StderrLine: {'line': b'   56 |         virtual void onDecodingError(int errMsg, _u8 ansType, \x1b[01;35m\x1b[Kconst void* payload\x1b[m\x1b[K, size_t size) {}\n'}
[58.748088] (rplidar_ros) StderrLine: {'line': b'      |                                                               \x1b[01;35m\x1b[K~~~~~~~~~~~~^~~~~~~\x1b[m\x1b[K\n'}
[58.748792] (rplidar_ros) StderrLine: {'line': b'\x1b[01m\x1b[K/home/punished_venom/DroneControls/src/rplidar_ros/sdk/src/dataunpacker/unpacker/../dataunpacker.h:56:91:\x1b[m\x1b[K \x1b[01;35m\x1b[Kwarning: \x1b[m\x1b[Kunused parameter \xe2\x80\x98\x1b[01m\x1b[Ksize\x1b[m\x1b[K\xe2\x80\x99 [\x1b[01;35m\x1b[K-Wunused-parameter\x1b[m\x1b[K]\n'}
[58.749527] (rplidar_ros) StderrLine: {'line': b'   56 |         virtual void onDecodingError(int errMsg, _u8 ansType, const void* payload, \x1b[01;35m\x1b[Ksize_t size\x1b[m\x1b[K) {}\n'}
[58.750158] (rplidar_ros) StderrLine: {'line': b'      |                                                                                    \x1b[01;35m\x1b[K~~~~~~~^~~~\x1b[m\x1b[K\n'}
[58.775743] (-) TimerEvent: {}
[58.876647] (-) TimerEvent: {}
[58.898582] (rplidar_ros) StdoutLine: {'line': b'[ 76%] \x1b[32mBuilding CXX object CMakeFiles/rplidar_composition.dir/sdk/src/rplidar_driver.cpp.o\x1b[0m\n'}
[58.976842] (-) TimerEvent: {}
[59.079730] (-) TimerEvent: {}
[59.180576] (-) TimerEvent: {}
[59.281500] (-) TimerEvent: {}
[59.383725] (-) TimerEvent: {}
[59.485505] (-) TimerEvent: {}
[59.586372] (-) TimerEvent: {}
[59.687543] (-) TimerEvent: {}
[59.788248] (-) TimerEvent: {}
[59.889494] (-) TimerEvent: {}
[59.990551] (-) TimerEvent: {}
[60.091478] (-) TimerEvent: {}
[60.193490] (-) TimerEvent: {}
[60.294191] (-) TimerEvent: {}
[60.394906] (-) TimerEvent: {}
[60.495608] (-) TimerEvent: {}
[60.567532] (rplidar_ros) StdoutLine: {'line': b'[ 78%] \x1b[32mBuilding CXX object CMakeFiles/rplidar_composition.dir/sdk/src/sl_async_transceiver.cpp.o\x1b[0m\n'}
[60.595846] (-) TimerEvent: {}
[60.698740] (-) TimerEvent: {}
[60.801772] (-) TimerEvent: {}
[60.903529] (-) TimerEvent: {}
[61.005495] (-) TimerEvent: {}
[61.064467] (rplidar_ros) StderrLine: {'line': b'In file included from \x1b[01m\x1b[K/home/punished_venom/DroneControls/src/rplidar_ros/sdk/include/rplidar_protocol.h:36\x1b[m\x1b[K,\n'}
[61.065103] (rplidar_ros) StderrLine: {'line': b'                 from \x1b[01m\x1b[K/home/punished_venom/DroneControls/src/rplidar_ros/sdk/include/rplidar.h:39\x1b[m\x1b[K,\n'}
[61.065638] (rplidar_ros) StderrLine: {'line': b'                 from \x1b[01m\x1b[K/home/punished_venom/DroneControls/src/rplidar_ros/sdk/src/sdkcommon.h:49\x1b[m\x1b[K,\n'}
[61.066077] (rplidar_ros) StderrLine: {'line': b'                 from \x1b[01m\x1b[K/home/punished_venom/DroneControls/src/rplidar_ros/sdk/src/rplidar_driver.cpp:33\x1b[m\x1b[K:\n'}
[61.066564] (rplidar_ros) StderrLine: {'line': b'\x1b[01m\x1b[K/home/punished_venom/DroneControls/src/rplidar_ros/sdk/include/sl_lidar_protocol.h:66:16:\x1b[m\x1b[K \x1b[01;35m\x1b[Kwarning: \x1b[m\x1b[KISO C++ forbids zero-size array \xe2\x80\x98\x1b[01m\x1b[Kdata\x1b[m\x1b[K\xe2\x80\x99 [\x1b[01;35m\x1b[K-Wpedantic\x1b[m\x1b[K]\n'}
[61.069839] (rplidar_ros) StderrLine: {'line': b'   66 |     sl_u8 data[\x1b[01;35m\x1b[K0\x1b[m\x1b[K];\n'}
[61.070383] (rplidar_ros) StderrLine: {'line': b'      |                \x1b[01;35m\x1b[K^\x1b[m\x1b[K\n'}
[61.070998] (rplidar_ros) StderrLine: {'line': b'In file included from \x1b[01m\x1b[K/home/punished_venom/DroneControls/src/rplidar_ros/sdk/include/rplidar_cmd.h:36\x1b[m\x1b[K,\n'}
[61.071663] (rplidar_ros) StderrLine: {'line': b'                 from \x1b[01m\x1b[K/home/punished_venom/DroneControls/src/rplidar_ros/sdk/include/rplidar.h:40\x1b[m\x1b[K:\n'}
[61.075431] (rplidar_ros) StderrLine: {'line': b'\x1b[01m\x1b[K/home/punished_venom/DroneControls/src/rplidar_ros/sdk/include/sl_lidar_cmd.h:324:20:\x1b[m\x1b[K \x1b[01;35m\x1b[Kwarning: \x1b[m\x1b[KISO C++ forbids zero-size array \xe2\x80\x98\x1b[01m\x1b[Kpayload\x1b[m\x1b[K\xe2\x80\x99 [\x1b[01;35m\x1b[K-Wpedantic\x1b[m\x1b[K]\n'}
[61.076157] (rplidar_ros) StderrLine: {'line': b'  324 |     sl_u8  payload[\x1b[01;35m\x1b[K0\x1b[m\x1b[K];\n'}
[61.078954] (rplidar_ros) StderrLine: {'line': b'      |                    \x1b[01;35m\x1b[K^\x1b[m\x1b[K\n'}
[61.105706] (-) TimerEvent: {}
[61.208724] (-) TimerEvent: {}
[61.309505] (-) TimerEvent: {}
[61.410280] (-) TimerEvent: {}
[61.447459] (rplidar_ros) StderrLine: {'line': b'\x1b[01m\x1b[K/home/punished_venom/DroneControls/src/rplidar_ros/sdk/src/rplidar_driver.cpp:\x1b[m\x1b[K In member function \xe2\x80\x98\x1b[01m\x1b[Ku_result rp::standalone::rplidar::RPlidarDriver::\x1b[01;32m\x1b[Kconnect\x1b[m\x1b[K(const char*, _u32, _u32)\x1b[m\x1b[K\xe2\x80\x99:\n'}
[61.448223] (rplidar_ros) StderrLine: {'line': b'\x1b[01m\x1b[K/home/punished_venom/DroneControls/src/rplidar_ros/sdk/src/rplidar_driver.cpp:67:77:\x1b[m\x1b[K \x1b[01;35m\x1b[Kwarning: \x1b[m\x1b[Kunused parameter \xe2\x80\x98\x1b[01m\x1b[Kflag\x1b[m\x1b[K\xe2\x80\x99 [\x1b[01;35m\x1b[K-Wunused-parameter\x1b[m\x1b[K]\n'}
[61.448918] (rplidar_ros) StderrLine: {'line': b'   67 |     u_result RPlidarDriver::connect(const char *path, _u32 portOrBaud, \x1b[01;35m\x1b[K_u32 flag\x1b[m\x1b[K)\n'}
[61.451922] (rplidar_ros) StderrLine: {'line': b'      |                                                                        \x1b[01;35m\x1b[K~~~~~^~~~\x1b[m\x1b[K\n'}
[61.456599] (rplidar_ros) StderrLine: {'line': b'\x1b[01m\x1b[K/home/punished_venom/DroneControls/src/rplidar_ros/sdk/src/rplidar_driver.cpp:\x1b[m\x1b[K In member function \xe2\x80\x98\x1b[01m\x1b[Ku_result rp::standalone::rplidar::RPlidarDriver::\x1b[01;32m\x1b[Kreset\x1b[m\x1b[K(_u32)\x1b[m\x1b[K\xe2\x80\x99:\n'}
[61.457383] (rplidar_ros) StderrLine: {'line': b'\x1b[01m\x1b[K/home/punished_venom/DroneControls/src/rplidar_ros/sdk/src/rplidar_driver.cpp:101:40:\x1b[m\x1b[K \x1b[01;35m\x1b[Kwarning: \x1b[m\x1b[Kunused parameter \xe2\x80\x98\x1b[01m\x1b[Ktimeout\x1b[m\x1b[K\xe2\x80\x99 [\x1b[01;35m\x1b[K-Wunused-parameter\x1b[m\x1b[K]\n'}
[61.458279] (rplidar_ros) StderrLine: {'line': b'  101 |     u_result RPlidarDriver::reset(\x1b[01;35m\x1b[K_u32 timeout\x1b[m\x1b[K)\n'}
[61.459019] (rplidar_ros) StderrLine: {'line': b'      |                                   \x1b[01;35m\x1b[K~~~~~^~~~~~~\x1b[m\x1b[K\n'}
[61.461848] (rplidar_ros) StderrLine: {'line': b'\x1b[01m\x1b[K/home/punished_venom/DroneControls/src/rplidar_ros/sdk/src/rplidar_driver.cpp:\x1b[m\x1b[K In member function \xe2\x80\x98\x1b[01m\x1b[Ku_result rp::standalone::rplidar::RPlidarDriver::\x1b[01;32m\x1b[KgetScanDataWithInterval\x1b[m\x1b[K(rplidar_response_measurement_node_t*, size_t&)\x1b[m\x1b[K\xe2\x80\x99:\n'}
[61.462553] (rplidar_ros) StderrLine: {'line': b'\x1b[01m\x1b[K/home/punished_venom/DroneControls/src/rplidar_ros/sdk/src/rplidar_driver.cpp:180:91:\x1b[m\x1b[K \x1b[01;35m\x1b[Kwarning: \x1b[m\x1b[Kunused parameter \xe2\x80\x98\x1b[01m\x1b[Knodebuffer\x1b[m\x1b[K\xe2\x80\x99 [\x1b[01;35m\x1b[K-Wunused-parameter\x1b[m\x1b[K]\n'}
[61.463189] (rplidar_ros) StderrLine: {'line': b'  180 |     u_result RPlidarDriver::getScanDataWithInterval(\x1b[01;35m\x1b[Krplidar_response_measurement_node_t * nodebuffer\x1b[m\x1b[K, size_t & count)\n'}
[61.463858] (rplidar_ros) StderrLine: {'line': b'      |                                                     \x1b[01;35m\x1b[K~~~~~~~~~~~~~~~~~~~~~~~~~~~~~~~~~~~~~~^~~~~~~~~~\x1b[m\x1b[K\n'}
[61.467556] (rplidar_ros) StderrLine: {'line': b'\x1b[01m\x1b[K/home/punished_venom/DroneControls/src/rplidar_ros/sdk/src/rplidar_driver.cpp:180:112:\x1b[m\x1b[K \x1b[01;35m\x1b[Kwarning: \x1b[m\x1b[Kunused parameter \xe2\x80\x98\x1b[01m\x1b[Kcount\x1b[m\x1b[K\xe2\x80\x99 [\x1b[01;35m\x1b[K-Wunused-parameter\x1b[m\x1b[K]\n'}
[61.468272] (rplidar_ros) StderrLine: {'line': b'  180 |     u_result RPlidarDriver::getScanDataWithInterval(rplidar_response_measurement_node_t * nodebuffer, \x1b[01;35m\x1b[Ksize_t & count\x1b[m\x1b[K)\n'}
[61.469017] (rplidar_ros) StderrLine: {'line': b'      |                                                                                                       \x1b[01;35m\x1b[K~~~~~~~~~^~~~~\x1b[m\x1b[K\n'}
[61.510518] (-) TimerEvent: {}
[61.611501] (-) TimerEvent: {}
[61.713713] (-) TimerEvent: {}
[61.814522] (-) TimerEvent: {}
[61.915516] (-) TimerEvent: {}
[62.016512] (-) TimerEvent: {}
[62.118738] (-) TimerEvent: {}
[62.220742] (-) TimerEvent: {}
[62.229571] (rplidar_ros) StdoutLine: {'line': b'[ 81%] \x1b[32mBuilding CXX object CMakeFiles/rplidar_composition.dir/sdk/src/sl_crc.cpp.o\x1b[0m\n'}
[62.316766] (rplidar_ros) StderrLine: {'line': b'In file included from \x1b[01m\x1b[K/home/punished_venom/DroneControls/src/rplidar_ros/sdk/include/sl_lidar_cmd.h:41\x1b[m\x1b[K,\n'}
[62.317686] (rplidar_ros) StderrLine: {'line': b'                 from \x1b[01m\x1b[K/home/punished_venom/DroneControls/src/rplidar_ros/sdk/include/sl_crc.h:36\x1b[m\x1b[K,\n'}
[62.318288] (rplidar_ros) StderrLine: {'line': b'                 from \x1b[01m\x1b[K/home/punished_venom/DroneControls/src/rplidar_ros/sdk/src/sl_crc.cpp:33\x1b[m\x1b[K:\n'}
[62.319140] (rplidar_ros) StderrLine: {'line': b'\x1b[01m\x1b[K/home/punished_venom/DroneControls/src/rplidar_ros/sdk/include/sl_lidar_protocol.h:66:16:\x1b[m\x1b[K \x1b[01;35m\x1b[Kwarning: \x1b[m\x1b[KISO C++ forbids zero-size array \xe2\x80\x98\x1b[01m\x1b[Kdata\x1b[m\x1b[K\xe2\x80\x99 [\x1b[01;35m\x1b[K-Wpedantic\x1b[m\x1b[K]\n'}
[62.323960] (-) TimerEvent: {}
[62.324512] (rplidar_ros) StderrLine: {'line': b'   66 |     sl_u8 data[\x1b[01;35m\x1b[K0\x1b[m\x1b[K];\n'}
[62.325211] (rplidar_ros) StderrLine: {'line': b'      |                \x1b[01;35m\x1b[K^\x1b[m\x1b[K\n'}
[62.325866] (rplidar_ros) StderrLine: {'line': b'\x1b[01m\x1b[K/home/punished_venom/DroneControls/src/rplidar_ros/sdk/include/sl_lidar_cmd.h:324:20:\x1b[m\x1b[K \x1b[01;35m\x1b[Kwarning: \x1b[m\x1b[KISO C++ forbids zero-size array \xe2\x80\x98\x1b[01m\x1b[Kpayload\x1b[m\x1b[K\xe2\x80\x99 [\x1b[01;35m\x1b[K-Wpedantic\x1b[m\x1b[K]\n'}
[62.327596] (rplidar_ros) StderrLine: {'line': b'  324 |     sl_u8  payload[\x1b[01;35m\x1b[K0\x1b[m\x1b[K];\n'}
[62.328605] (rplidar_ros) StderrLine: {'line': b'      |                    \x1b[01;35m\x1b[K^\x1b[m\x1b[K\n'}
[62.424216] (-) TimerEvent: {}
[62.432051] (rplidar_ros) StdoutLine: {'line': b'[ 84%] \x1b[32mBuilding CXX object CMakeFiles/rplidar_composition.dir/sdk/src/sl_lidar_driver.cpp.o\x1b[0m\n'}
[62.524476] (-) TimerEvent: {}
[62.627783] (-) TimerEvent: {}
[62.731786] (-) TimerEvent: {}
[62.832855] (-) TimerEvent: {}
[62.935782] (-) TimerEvent: {}
[63.036767] (-) TimerEvent: {}
[63.140373] (-) TimerEvent: {}
[63.242527] (-) TimerEvent: {}
[63.309219] (rplidar_ros) StderrLine: {'line': b'In file included from \x1b[01m\x1b[K/home/punished_venom/DroneControls/src/rplidar_ros/sdk/include/rplidar_protocol.h:36\x1b[m\x1b[K,\n'}
[63.310189] (rplidar_ros) StderrLine: {'line': b'                 from \x1b[01m\x1b[K/home/punished_venom/DroneControls/src/rplidar_ros/sdk/include/rplidar.h:39\x1b[m\x1b[K,\n'}
[63.311028] (rplidar_ros) StderrLine: {'line': b'                 from \x1b[01m\x1b[K/home/punished_venom/DroneControls/src/rplidar_ros/sdk/src/sdkcommon.h:49\x1b[m\x1b[K,\n'}
[63.315248] (rplidar_ros) StderrLine: {'line': b'                 from \x1b[01m\x1b[K/home/punished_venom/DroneControls/src/rplidar_ros/sdk/src/sl_async_transceiver.cpp:35\x1b[m\x1b[K:\n'}
[63.316233] (rplidar_ros) StderrLine: {'line': b'\x1b[01m\x1b[K/home/punished_venom/DroneControls/src/rplidar_ros/sdk/include/sl_lidar_protocol.h:66:16:\x1b[m\x1b[K \x1b[01;35m\x1b[Kwarning: \x1b[m\x1b[KISO C++ forbids zero-size array \xe2\x80\x98\x1b[01m\x1b[Kdata\x1b[m\x1b[K\xe2\x80\x99 [\x1b[01;35m\x1b[K-Wpedantic\x1b[m\x1b[K]\n'}
[63.317232] (rplidar_ros) StderrLine: {'line': b'   66 |     sl_u8 data[\x1b[01;35m\x1b[K0\x1b[m\x1b[K];\n'}
[63.322357] (rplidar_ros) StderrLine: {'line': b'      |                \x1b[01;35m\x1b[K^\x1b[m\x1b[K\n'}
[63.323237] (rplidar_ros) StderrLine: {'line': b'In file included from \x1b[01m\x1b[K/home/punished_venom/DroneControls/src/rplidar_ros/sdk/include/rplidar_cmd.h:36\x1b[m\x1b[K,\n'}
[63.324103] (rplidar_ros) StderrLine: {'line': b'                 from \x1b[01m\x1b[K/home/punished_venom/DroneControls/src/rplidar_ros/sdk/include/rplidar.h:40\x1b[m\x1b[K:\n'}
[63.328296] (rplidar_ros) StderrLine: {'line': b'\x1b[01m\x1b[K/home/punished_venom/DroneControls/src/rplidar_ros/sdk/include/sl_lidar_cmd.h:324:20:\x1b[m\x1b[K \x1b[01;35m\x1b[Kwarning: \x1b[m\x1b[KISO C++ forbids zero-size array \xe2\x80\x98\x1b[01m\x1b[Kpayload\x1b[m\x1b[K\xe2\x80\x99 [\x1b[01;35m\x1b[K-Wpedantic\x1b[m\x1b[K]\n'}
[63.329147] (rplidar_ros) StderrLine: {'line': b'  324 |     sl_u8  payload[\x1b[01;35m\x1b[K0\x1b[m\x1b[K];\n'}
[63.329990] (rplidar_ros) StderrLine: {'line': b'      |                    \x1b[01;35m\x1b[K^\x1b[m\x1b[K\n'}
[63.342798] (-) TimerEvent: {}
[63.443814] (-) TimerEvent: {}
[63.546779] (-) TimerEvent: {}
[63.649750] (-) TimerEvent: {}
[63.750962] (-) TimerEvent: {}
[63.828436] (rplidar_ros) StderrLine: {'line': b'In file included from \x1b[01m\x1b[K/home/punished_venom/DroneControls/src/rplidar_ros/sdk/src/sl_async_transceiver.cpp:44\x1b[m\x1b[K:\n'}
[63.829189] (rplidar_ros) StderrLine: {'line': b'\x1b[01m\x1b[K/home/punished_venom/DroneControls/src/rplidar_ros/sdk/src/sl_async_transceiver.h:\x1b[m\x1b[K In member function \xe2\x80\x98\x1b[01m\x1b[Kvirtual void sl::internal::IAsyncProtocolCodec::\x1b[01;32m\x1b[KonChannelError\x1b[m\x1b[K(u_result)\x1b[m\x1b[K\xe2\x80\x99:\n'}
[63.830029] (rplidar_ros) StderrLine: {'line': b'\x1b[01m\x1b[K/home/punished_venom/DroneControls/src/rplidar_ros/sdk/src/sl_async_transceiver.h:90:48:\x1b[m\x1b[K \x1b[01;35m\x1b[Kwarning: \x1b[m\x1b[Kunused parameter \xe2\x80\x98\x1b[01m\x1b[KerrCode\x1b[m\x1b[K\xe2\x80\x99 [\x1b[01;35m\x1b[K-Wunused-parameter\x1b[m\x1b[K]\n'}
[63.830844] (rplidar_ros) StderrLine: {'line': b'   90 |         virtual void   onChannelError(\x1b[01;35m\x1b[Ku_result errCode\x1b[m\x1b[K) {}\n'}
[63.831467] (rplidar_ros) StderrLine: {'line': b'      |                                       \x1b[01;35m\x1b[K~~~~~~~~~^~~~~~~\x1b[m\x1b[K\n'}
[63.851535] (-) TimerEvent: {}
[63.953715] (-) TimerEvent: {}
[64.056772] (-) TimerEvent: {}
[64.157984] (-) TimerEvent: {}
[64.261798] (-) TimerEvent: {}
[64.362676] (-) TimerEvent: {}
[64.464517] (-) TimerEvent: {}
[64.565764] (-) TimerEvent: {}
[64.669834] (-) TimerEvent: {}
[64.770708] (-) TimerEvent: {}
[64.838744] (rplidar_ros) StdoutLine: {'line': b'[ 86%] \x1b[32mBuilding CXX object CMakeFiles/rplidar_composition.dir/sdk/src/sl_lidarprotocol_codec.cpp.o\x1b[0m\n'}
[64.871488] (-) TimerEvent: {}
[64.973751] (-) TimerEvent: {}
[65.059283] (rplidar_ros) StderrLine: {'line': b'In file included from \x1b[01m\x1b[K/home/punished_venom/DroneControls/src/rplidar_ros/sdk/include/rplidar_protocol.h:36\x1b[m\x1b[K,\n'}
[65.059982] (rplidar_ros) StderrLine: {'line': b'                 from \x1b[01m\x1b[K/home/punished_venom/DroneControls/src/rplidar_ros/sdk/include/rplidar.h:39\x1b[m\x1b[K,\n'}
[65.060519] (rplidar_ros) StderrLine: {'line': b'                 from \x1b[01m\x1b[K/home/punished_venom/DroneControls/src/rplidar_ros/sdk/src/sdkcommon.h:49\x1b[m\x1b[K,\n'}
[65.061094] (rplidar_ros) StderrLine: {'line': b'                 from \x1b[01m\x1b[K/home/punished_venom/DroneControls/src/rplidar_ros/sdk/src/sl_lidar_driver.cpp:33\x1b[m\x1b[K:\n'}
[65.063874] (rplidar_ros) StderrLine: {'line': b'\x1b[01m\x1b[K/home/punished_venom/DroneControls/src/rplidar_ros/sdk/include/sl_lidar_protocol.h:66:16:\x1b[m\x1b[K \x1b[01;35m\x1b[Kwarning: \x1b[m\x1b[KISO C++ forbids zero-size array \xe2\x80\x98\x1b[01m\x1b[Kdata\x1b[m\x1b[K\xe2\x80\x99 [\x1b[01;35m\x1b[K-Wpedantic\x1b[m\x1b[K]\n'}
[65.064411] (rplidar_ros) StderrLine: {'line': b'   66 |     sl_u8 data[\x1b[01;35m\x1b[K0\x1b[m\x1b[K];\n'}
[65.064964] (rplidar_ros) StderrLine: {'line': b'      |                \x1b[01;35m\x1b[K^\x1b[m\x1b[K\n'}
[65.067784] (rplidar_ros) StderrLine: {'line': b'In file included from \x1b[01m\x1b[K/home/punished_venom/DroneControls/src/rplidar_ros/sdk/include/rplidar_cmd.h:36\x1b[m\x1b[K,\n'}
[65.069908] (rplidar_ros) StderrLine: {'line': b'                 from \x1b[01m\x1b[K/home/punished_venom/DroneControls/src/rplidar_ros/sdk/include/rplidar.h:40\x1b[m\x1b[K:\n'}
[65.070662] (rplidar_ros) StderrLine: {'line': b'\x1b[01m\x1b[K/home/punished_venom/DroneControls/src/rplidar_ros/sdk/include/sl_lidar_cmd.h:324:20:\x1b[m\x1b[K \x1b[01;35m\x1b[Kwarning: \x1b[m\x1b[KISO C++ forbids zero-size array \xe2\x80\x98\x1b[01m\x1b[Kpayload\x1b[m\x1b[K\xe2\x80\x99 [\x1b[01;35m\x1b[K-Wpedantic\x1b[m\x1b[K]\n'}
[65.072504] (rplidar_ros) StderrLine: {'line': b'  324 |     sl_u8  payload[\x1b[01;35m\x1b[K0\x1b[m\x1b[K];\n'}
[65.073106] (rplidar_ros) StderrLine: {'line': b'      |                    \x1b[01;35m\x1b[K^\x1b[m\x1b[K\n'}
[65.076857] (-) TimerEvent: {}
[65.177638] (-) TimerEvent: {}
[65.279498] (-) TimerEvent: {}
[65.383055] (-) TimerEvent: {}
[65.484240] (-) TimerEvent: {}
[65.588508] (-) TimerEvent: {}
[65.689437] (-) TimerEvent: {}
[65.790550] (-) TimerEvent: {}
[65.892479] (-) TimerEvent: {}
[65.906576] (rplidar_ros) StderrLine: {'line': b'In file included from \x1b[01m\x1b[K/home/punished_venom/DroneControls/src/rplidar_ros/sdk/src/sl_lidar_driver.cpp:50\x1b[m\x1b[K:\n'}
[65.907401] (rplidar_ros) StderrLine: {'line': b'\x1b[01m\x1b[K/home/punished_venom/DroneControls/src/rplidar_ros/sdk/src/dataunpacker/dataunpacker.h:\x1b[m\x1b[K In member function \xe2\x80\x98\x1b[01m\x1b[Kvirtual void sl::internal::LIDARSampleDataListener::\x1b[01;32m\x1b[KonCustomSampleDataDecoded\x1b[m\x1b[K(_u8, _u32, const void*, size_t)\x1b[m\x1b[K\xe2\x80\x99:\n'}
[65.908109] (rplidar_ros) StderrLine: {'line': b'\x1b[01m\x1b[K/home/punished_venom/DroneControls/src/rplidar_ros/sdk/src/dataunpacker/dataunpacker.h:54:52:\x1b[m\x1b[K \x1b[01;35m\x1b[Kwarning: \x1b[m\x1b[Kunused parameter \xe2\x80\x98\x1b[01m\x1b[KansType\x1b[m\x1b[K\xe2\x80\x99 [\x1b[01;35m\x1b[K-Wunused-parameter\x1b[m\x1b[K]\n'}
[65.908790] (rplidar_ros) StderrLine: {'line': b'   54 |         virtual void onCustomSampleDataDecoded(\x1b[01;35m\x1b[K_u8 ansType\x1b[m\x1b[K, _u32 customCode, const void* data, size_t size) {}\n'}
[65.912447] (rplidar_ros) StderrLine: {'line': b'      |                                                \x1b[01;35m\x1b[K~~~~^~~~~~~\x1b[m\x1b[K\n'}
[65.913740] (rplidar_ros) StderrLine: {'line': b'\x1b[01m\x1b[K/home/punished_venom/DroneControls/src/rplidar_ros/sdk/src/dataunpacker/dataunpacker.h:54:66:\x1b[m\x1b[K \x1b[01;35m\x1b[Kwarning: \x1b[m\x1b[Kunused parameter \xe2\x80\x98\x1b[01m\x1b[KcustomCode\x1b[m\x1b[K\xe2\x80\x99 [\x1b[01;35m\x1b[K-Wunused-parameter\x1b[m\x1b[K]\n'}
[65.914310] (rplidar_ros) StderrLine: {'line': b'   54 |         virtual void onCustomSampleDataDecoded(_u8 ansType, \x1b[01;35m\x1b[K_u32 customCode\x1b[m\x1b[K, const void* data, size_t size) {}\n'}
[65.917198] (rplidar_ros) StderrLine: {'line': b'      |                                                             \x1b[01;35m\x1b[K~~~~~^~~~~~~~~~\x1b[m\x1b[K\n'}
[65.919034] (rplidar_ros) StderrLine: {'line': b'\x1b[01m\x1b[K/home/punished_venom/DroneControls/src/rplidar_ros/sdk/src/dataunpacker/dataunpacker.h:54:90:\x1b[m\x1b[K \x1b[01;35m\x1b[Kwarning: \x1b[m\x1b[Kunused parameter \xe2\x80\x98\x1b[01m\x1b[Kdata\x1b[m\x1b[K\xe2\x80\x99 [\x1b[01;35m\x1b[K-Wunused-parameter\x1b[m\x1b[K]\n'}
[65.919761] (rplidar_ros) StderrLine: {'line': b'   54 |         virtual void onCustomSampleDataDecoded(_u8 ansType, _u32 customCode, \x1b[01;35m\x1b[Kconst void* data\x1b[m\x1b[K, size_t size) {}\n'}
[65.920404] (rplidar_ros) StderrLine: {'line': b'      |                                                                              \x1b[01;35m\x1b[K~~~~~~~~~~~~^~~~\x1b[m\x1b[K\n'}
[65.920999] (rplidar_ros) StderrLine: {'line': b'\x1b[01m\x1b[K/home/punished_venom/DroneControls/src/rplidar_ros/sdk/src/dataunpacker/dataunpacker.h:54:103:\x1b[m\x1b[K \x1b[01;35m\x1b[Kwarning: \x1b[m\x1b[Kunused parameter \xe2\x80\x98\x1b[01m\x1b[Ksize\x1b[m\x1b[K\xe2\x80\x99 [\x1b[01;35m\x1b[K-Wunused-parameter\x1b[m\x1b[K]\n'}
[65.924768] (rplidar_ros) StderrLine: {'line': b'   54 |         virtual void onCustomSampleDataDecoded(_u8 ansType, _u32 customCode, const void* data, \x1b[01;35m\x1b[Ksize_t size\x1b[m\x1b[K) {}\n'}
[65.927677] (rplidar_ros) StderrLine: {'line': b'      |                                                                                                \x1b[01;35m\x1b[K~~~~~~~^~~~\x1b[m\x1b[K\n'}
[65.928414] (rplidar_ros) StderrLine: {'line': b'\x1b[01m\x1b[K/home/punished_venom/DroneControls/src/rplidar_ros/sdk/src/dataunpacker/dataunpacker.h:\x1b[m\x1b[K In member function \xe2\x80\x98\x1b[01m\x1b[Kvirtual void sl::internal::LIDARSampleDataListener::\x1b[01;32m\x1b[KonDecodingError\x1b[m\x1b[K(int, _u8, const void*, size_t)\x1b[m\x1b[K\xe2\x80\x99:\n'}
[65.929114] (rplidar_ros) StderrLine: {'line': b'\x1b[01m\x1b[K/home/punished_venom/DroneControls/src/rplidar_ros/sdk/src/dataunpacker/dataunpacker.h:56:42:\x1b[m\x1b[K \x1b[01;35m\x1b[Kwarning: \x1b[m\x1b[Kunused parameter \xe2\x80\x98\x1b[01m\x1b[KerrMsg\x1b[m\x1b[K\xe2\x80\x99 [\x1b[01;35m\x1b[K-Wunused-parameter\x1b[m\x1b[K]\n'}
[65.931095] (rplidar_ros) StderrLine: {'line': b'   56 |         virtual void onDecodingError(\x1b[01;35m\x1b[Kint errMsg\x1b[m\x1b[K, _u8 ansType, const void* payload, size_t size) {}\n'}
[65.931820] (rplidar_ros) StderrLine: {'line': b'      |                                      \x1b[01;35m\x1b[K~~~~^~~~~~\x1b[m\x1b[K\n'}
[65.934535] (rplidar_ros) StderrLine: {'line': b'\x1b[01m\x1b[K/home/punished_venom/DroneControls/src/rplidar_ros/sdk/src/dataunpacker/dataunpacker.h:56:54:\x1b[m\x1b[K \x1b[01;35m\x1b[Kwarning: \x1b[m\x1b[Kunused parameter \xe2\x80\x98\x1b[01m\x1b[KansType\x1b[m\x1b[K\xe2\x80\x99 [\x1b[01;35m\x1b[K-Wunused-parameter\x1b[m\x1b[K]\n'}
[65.936535] (rplidar_ros) StderrLine: {'line': b'   56 |         virtual void onDecodingError(int errMsg, \x1b[01;35m\x1b[K_u8 ansType\x1b[m\x1b[K, const void* payload, size_t size) {}\n'}
[65.937221] (rplidar_ros) StderrLine: {'line': b'      |                                                  \x1b[01;35m\x1b[K~~~~^~~~~~~\x1b[m\x1b[K\n'}
[65.937835] (rplidar_ros) StderrLine: {'line': b'\x1b[01m\x1b[K/home/punished_venom/DroneControls/src/rplidar_ros/sdk/src/dataunpacker/dataunpacker.h:56:75:\x1b[m\x1b[K \x1b[01;35m\x1b[Kwarning: \x1b[m\x1b[Kunused parameter \xe2\x80\x98\x1b[01m\x1b[Kpayload\x1b[m\x1b[K\xe2\x80\x99 [\x1b[01;35m\x1b[K-Wunused-parameter\x1b[m\x1b[K]\n'}
[65.938388] (rplidar_ros) StderrLine: {'line': b'   56 |         virtual void onDecodingError(int errMsg, _u8 ansType, \x1b[01;35m\x1b[Kconst void* payload\x1b[m\x1b[K, size_t size) {}\n'}
[65.938950] (rplidar_ros) StderrLine: {'line': b'      |                                                               \x1b[01;35m\x1b[K~~~~~~~~~~~~^~~~~~~\x1b[m\x1b[K\n'}
[65.942525] (rplidar_ros) StderrLine: {'line': b'\x1b[01m\x1b[K/home/punished_venom/DroneControls/src/rplidar_ros/sdk/src/dataunpacker/dataunpacker.h:56:91:\x1b[m\x1b[K \x1b[01;35m\x1b[Kwarning: \x1b[m\x1b[Kunused parameter \xe2\x80\x98\x1b[01m\x1b[Ksize\x1b[m\x1b[K\xe2\x80\x99 [\x1b[01;35m\x1b[K-Wunused-parameter\x1b[m\x1b[K]\n'}
[65.943391] (rplidar_ros) StderrLine: {'line': b'   56 |         virtual void onDecodingError(int errMsg, _u8 ansType, const void* payload, \x1b[01;35m\x1b[Ksize_t size\x1b[m\x1b[K) {}\n'}
[65.943990] (rplidar_ros) StderrLine: {'line': b'      |                                                                                    \x1b[01;35m\x1b[K~~~~~~~^~~~\x1b[m\x1b[K\n'}
[65.967717] (rplidar_ros) StderrLine: {'line': b'In file included from \x1b[01m\x1b[K/home/punished_venom/DroneControls/src/rplidar_ros/sdk/src/sl_lidar_driver.cpp:51\x1b[m\x1b[K:\n'}
[65.968473] (rplidar_ros) StderrLine: {'line': b'\x1b[01m\x1b[K/home/punished_venom/DroneControls/src/rplidar_ros/sdk/src/sl_async_transceiver.h:\x1b[m\x1b[K In member function \xe2\x80\x98\x1b[01m\x1b[Kvirtual void sl::internal::IAsyncProtocolCodec::\x1b[01;32m\x1b[KonChannelError\x1b[m\x1b[K(u_result)\x1b[m\x1b[K\xe2\x80\x99:\n'}
[65.969077] (rplidar_ros) StderrLine: {'line': b'\x1b[01m\x1b[K/home/punished_venom/DroneControls/src/rplidar_ros/sdk/src/sl_async_transceiver.h:90:48:\x1b[m\x1b[K \x1b[01;35m\x1b[Kwarning: \x1b[m\x1b[Kunused parameter \xe2\x80\x98\x1b[01m\x1b[KerrCode\x1b[m\x1b[K\xe2\x80\x99 [\x1b[01;35m\x1b[K-Wunused-parameter\x1b[m\x1b[K]\n'}
[65.969781] (rplidar_ros) StderrLine: {'line': b'   90 |         virtual void   onChannelError(\x1b[01;35m\x1b[Ku_result errCode\x1b[m\x1b[K) {}\n'}
[65.970290] (rplidar_ros) StderrLine: {'line': b'      |                                       \x1b[01;35m\x1b[K~~~~~~~~~^~~~~~~\x1b[m\x1b[K\n'}
[65.993510] (-) TimerEvent: {}
[66.076631] (rplidar_ros) StderrLine: {'line': b'\x1b[01m\x1b[K/home/punished_venom/DroneControls/src/rplidar_ros/sdk/src/sl_lidar_driver.cpp:\x1b[m\x1b[K In member function \xe2\x80\x98\x1b[01m\x1b[Kvirtual sl_result sl::SlamtecLidarDriver::\x1b[01;32m\x1b[Kreset\x1b[m\x1b[K(sl_u32)\x1b[m\x1b[K\xe2\x80\x99:\n'}
[66.078494] (rplidar_ros) StderrLine: {'line': b'\x1b[01m\x1b[K/home/punished_venom/DroneControls/src/rplidar_ros/sdk/src/sl_lidar_driver.cpp:511:32:\x1b[m\x1b[K \x1b[01;35m\x1b[Kwarning: \x1b[m\x1b[Kunused parameter \xe2\x80\x98\x1b[01m\x1b[KtimeoutInMs\x1b[m\x1b[K\xe2\x80\x99 [\x1b[01;35m\x1b[K-Wunused-parameter\x1b[m\x1b[K]\n'}
[66.079248] (rplidar_ros) StderrLine: {'line': b'  511 |         sl_result reset(\x1b[01;35m\x1b[Ksl_u32 timeoutInMs = DEFAULT_TIMEOUT\x1b[m\x1b[K)\n'}
[66.083142] (rplidar_ros) StderrLine: {'line': b'      |                         \x1b[01;35m\x1b[K~~~~~~~^~~~~~~~~~~~~~~~~~~~~~~~~~~~~\x1b[m\x1b[K\n'}
[66.093739] (-) TimerEvent: {}
[66.094651] (rplidar_ros) StderrLine: {'line': b'\x1b[01m\x1b[K/home/punished_venom/DroneControls/src/rplidar_ros/sdk/src/sl_lidar_driver.cpp:\x1b[m\x1b[K In member function \xe2\x80\x98\x1b[01m\x1b[Kvirtual sl_result sl::SlamtecLidarDriver::\x1b[01;32m\x1b[KstartScan\x1b[m\x1b[K(bool, bool, sl_u32, sl::LidarScanMode*)\x1b[m\x1b[K\xe2\x80\x99:\n'}
[66.095354] (rplidar_ros) StderrLine: {'line': b'\x1b[01m\x1b[K/home/punished_venom/DroneControls/src/rplidar_ros/sdk/src/sl_lidar_driver.cpp:586:69:\x1b[m\x1b[K \x1b[01;35m\x1b[Kwarning: \x1b[m\x1b[Kunused parameter \xe2\x80\x98\x1b[01m\x1b[Koptions\x1b[m\x1b[K\xe2\x80\x99 [\x1b[01;35m\x1b[K-Wunused-parameter\x1b[m\x1b[K]\n'}
[66.095976] (rplidar_ros) StderrLine: {'line': b'  586 |         sl_result startScan(bool force, bool useTypicalScan, \x1b[01;35m\x1b[Ksl_u32 options = 0\x1b[m\x1b[K, LidarScanMode* outUsedScanMode = nullptr)\n'}
[66.098722] (rplidar_ros) StderrLine: {'line': b'      |                                                              \x1b[01;35m\x1b[K~~~~~~~^~~~~~~~~~~\x1b[m\x1b[K\n'}
[66.106752] (rplidar_ros) StderrLine: {'line': b'\x1b[01m\x1b[K/home/punished_venom/DroneControls/src/rplidar_ros/sdk/src/sl_lidar_driver.cpp:\x1b[m\x1b[K In member function \xe2\x80\x98\x1b[01m\x1b[Kvirtual sl_result sl::SlamtecLidarDriver::\x1b[01;32m\x1b[Kstop\x1b[m\x1b[K(sl_u32)\x1b[m\x1b[K\xe2\x80\x99:\n'}
[66.107536] (rplidar_ros) StderrLine: {'line': b'\x1b[01m\x1b[K/home/punished_venom/DroneControls/src/rplidar_ros/sdk/src/sl_lidar_driver.cpp:763:31:\x1b[m\x1b[K \x1b[01;35m\x1b[Kwarning: \x1b[m\x1b[Kunused parameter \xe2\x80\x98\x1b[01m\x1b[Ktimeout\x1b[m\x1b[K\xe2\x80\x99 [\x1b[01;35m\x1b[K-Wunused-parameter\x1b[m\x1b[K]\n'}
[66.108129] (rplidar_ros) StderrLine: {'line': b'  763 |         sl_result stop(\x1b[01;35m\x1b[Ksl_u32 timeout = DEFAULT_TIMEOUT\x1b[m\x1b[K)\n'}
[66.108742] (rplidar_ros) StderrLine: {'line': b'      |                        \x1b[01;35m\x1b[K~~~~~~~^~~~~~~~~~~~~~~~~~~~~~~~~\x1b[m\x1b[K\n'}
[66.117588] (rplidar_ros) StderrLine: {'line': b'\x1b[01m\x1b[K/home/punished_venom/DroneControls/src/rplidar_ros/sdk/src/sl_lidar_driver.cpp:\x1b[m\x1b[K In member function \xe2\x80\x98\x1b[01m\x1b[Kvirtual sl_result sl::SlamtecLidarDriver::\x1b[01;32m\x1b[KgetFrequency\x1b[m\x1b[K(const sl::LidarScanMode&, const sl_lidar_response_measurement_node_hq_t*, size_t, float&)\x1b[m\x1b[K\xe2\x80\x99:\n'}
[66.118484] (rplidar_ros) StderrLine: {'line': b'\x1b[01m\x1b[K/home/punished_venom/DroneControls/src/rplidar_ros/sdk/src/sl_lidar_driver.cpp:880:110:\x1b[m\x1b[K \x1b[01;35m\x1b[Kwarning: \x1b[m\x1b[Kunused parameter \xe2\x80\x98\x1b[01m\x1b[Knodes\x1b[m\x1b[K\xe2\x80\x99 [\x1b[01;35m\x1b[K-Wunused-parameter\x1b[m\x1b[K]\n'}
[66.119226] (rplidar_ros) StderrLine: {'line': b'  880 |         sl_result getFrequency(const LidarScanMode& scanMode, \x1b[01;35m\x1b[Kconst sl_lidar_response_measurement_node_hq_t* nodes\x1b[m\x1b[K, size_t count, float& frequency)\n'}
[66.119919] (rplidar_ros) StderrLine: {'line': b'      |                                                               \x1b[01;35m\x1b[K~~~~~~~~~~~~~~~~~~~~~~~~~~~~~~~~~~~~~~~~~~~~~~~^~~~~\x1b[m\x1b[K\n'}
[66.133542] (rplidar_ros) StderrLine: {'line': b'\x1b[01m\x1b[K/home/punished_venom/DroneControls/src/rplidar_ros/sdk/src/sl_lidar_driver.cpp:\x1b[m\x1b[K In member function \xe2\x80\x98\x1b[01m\x1b[Kvirtual sl_result sl::SlamtecLidarDriver::\x1b[01;32m\x1b[KgetMotorInfo\x1b[m\x1b[K(sl::LidarMotorInfo&, sl_u32)\x1b[m\x1b[K\xe2\x80\x99:\n'}
[66.134280] (rplidar_ros) StderrLine: {'line': b'\x1b[01m\x1b[K/home/punished_venom/DroneControls/src/rplidar_ros/sdk/src/sl_lidar_driver.cpp:1023:66:\x1b[m\x1b[K \x1b[01;35m\x1b[Kwarning: \x1b[m\x1b[Kunused parameter \xe2\x80\x98\x1b[01m\x1b[KtimeoutInMs\x1b[m\x1b[K\xe2\x80\x99 [\x1b[01;35m\x1b[K-Wunused-parameter\x1b[m\x1b[K]\n'}
[66.135166] (rplidar_ros) StderrLine: {'line': b' 1023 |         sl_result getMotorInfo(LidarMotorInfo &motorInfo, \x1b[01;35m\x1b[Ksl_u32 timeoutInMs\x1b[m\x1b[K)\n'}
[66.136968] (rplidar_ros) StderrLine: {'line': b'      |                                                           \x1b[01;35m\x1b[K~~~~~~~^~~~~~~~~~~\x1b[m\x1b[K\n'}
[66.140265] (rplidar_ros) StderrLine: {'line': b'\x1b[01m\x1b[K/home/punished_venom/DroneControls/src/rplidar_ros/sdk/src/sl_lidar_driver.cpp:\x1b[m\x1b[K In member function \xe2\x80\x98\x1b[01m\x1b[Ku_result sl::SlamtecLidarDriver::\x1b[01;32m\x1b[KgetScanModeCount\x1b[m\x1b[K(sl_u16&, sl_u32)\x1b[m\x1b[K\xe2\x80\x99:\n'}
[66.141075] (rplidar_ros) StderrLine: {'line': b'\x1b[01m\x1b[K/home/punished_venom/DroneControls/src/rplidar_ros/sdk/src/sl_lidar_driver.cpp:1199:61:\x1b[m\x1b[K \x1b[01;35m\x1b[Kwarning: \x1b[m\x1b[Kunused parameter \xe2\x80\x98\x1b[01m\x1b[KtimeoutInMs\x1b[m\x1b[K\xe2\x80\x99 [\x1b[01;35m\x1b[K-Wunused-parameter\x1b[m\x1b[K]\n'}
[66.145039] (rplidar_ros) StderrLine: {'line': b' 1199 |         u_result getScanModeCount(sl_u16& modeCount, \x1b[01;35m\x1b[Ksl_u32 timeoutInMs = DEFAULT_TIMEOUT\x1b[m\x1b[K)\n'}
[66.145773] (rplidar_ros) StderrLine: {'line': b'      |                                                      \x1b[01;35m\x1b[K~~~~~~~^~~~~~~~~~~~~~~~~~~~~~~~~~~~~\x1b[m\x1b[K\n'}
[66.194000] (-) TimerEvent: {}
[66.296782] (-) TimerEvent: {}
[66.394521] (rplidar_ros) StderrLine: {'line': b'/home/punished_venom/DroneControls/src/rplidar_ros/sdk/src/sl_lidar_driver.cpp: In instantiation of \xe2\x80\x98\x1b[01m\x1b[Kvoid sl::RawSampleNodeHolder<T>::\x1b[01;32m\x1b[KpushNode\x1b[m\x1b[K(_u64, const T*) \x1b[35m\x1b[K[with T = sl_lidar_response_measurement_node_hq_t; _u64 = long unsigned int]\x1b[m\x1b[K\x1b[m\x1b[K\xe2\x80\x99:\n'}
[66.395227] (rplidar_ros) StderrLine: {'line': b'\x1b[01m\x1b[K/home/punished_venom/DroneControls/src/rplidar_ros/sdk/src/sl_lidar_driver.cpp:1648:42:\x1b[m\x1b[K   required from here\n'}
[66.398080] (-) TimerEvent: {}
[66.398988] (rplidar_ros) StderrLine: {'line': b' 1648 |             \x1b[01;36m\x1b[K_rawSampleNodeHolder.pushNode(timestamp_uS, node)\x1b[m\x1b[K;\n'}
[66.400970] (rplidar_ros) StderrLine: {'line': b'      |             \x1b[01;36m\x1b[K~~~~~~~~~~~~~~~~~~~~~~~~~~~~~^~~~~~~~~~~~~~~~~~~~\x1b[m\x1b[K\n'}
[66.401654] (rplidar_ros) StderrLine: {'line': b'\x1b[01m\x1b[K/home/punished_venom/DroneControls/src/rplidar_ros/sdk/src/sl_lidar_driver.cpp:202:28:\x1b[m\x1b[K \x1b[01;35m\x1b[Kwarning: \x1b[m\x1b[Kunused parameter \xe2\x80\x98\x1b[01m\x1b[Ktimestamp_uS\x1b[m\x1b[K\xe2\x80\x99 [\x1b[01;35m\x1b[K-Wunused-parameter\x1b[m\x1b[K]\n'}
[66.402176] (rplidar_ros) StderrLine: {'line': b'  202 |         void pushNode(\x1b[01;35m\x1b[K_u64 timestamp_uS\x1b[m\x1b[K, const T* node)\n'}
[66.404968] (rplidar_ros) StderrLine: {'line': b'      |                       \x1b[01;35m\x1b[K~~~~~^~~~~~~~~~~~\x1b[m\x1b[K\n'}
[66.498375] (-) TimerEvent: {}
[66.599646] (-) TimerEvent: {}
[66.702082] (-) TimerEvent: {}
[66.804726] (-) TimerEvent: {}
[66.906556] (-) TimerEvent: {}
[67.007444] (-) TimerEvent: {}
[67.110771] (-) TimerEvent: {}
[67.183070] (rplidar_ros) StderrLine: {'line': b'\x1b[01m\x1b[K/home/punished_venom/DroneControls/src/rplidar_ros/sdk/src/sl_lidar_driver.cpp:\x1b[m\x1b[K At global scope:\n'}
[67.184692] (rplidar_ros) StderrLine: {'line': b'\x1b[01m\x1b[K/home/punished_venom/DroneControls/src/rplidar_ros/sdk/src/sl_lidar_driver.cpp:83:17:\x1b[m\x1b[K \x1b[01;35m\x1b[Kwarning: \x1b[m\x1b[K\xe2\x80\x98\x1b[01m\x1b[Kvoid sl::\x1b[01;32m\x1b[Kconvert\x1b[m\x1b[K(const sl_lidar_response_measurement_node_hq_t&, sl_lidar_response_measurement_node_t&)\x1b[m\x1b[K\xe2\x80\x99 defined but not used [\x1b[01;35m\x1b[K-Wunused-function\x1b[m\x1b[K]\n'}
[67.188608] (rplidar_ros) StderrLine: {'line': b'   83 |     static void \x1b[01;35m\x1b[Kconvert\x1b[m\x1b[K(const sl_lidar_response_measurement_node_hq_t& from, sl_lidar_response_measurement_node_t& to)\n'}
[67.190006] (rplidar_ros) StderrLine: {'line': b'      |                 \x1b[01;35m\x1b[K^~~~~~~\x1b[m\x1b[K\n'}
[67.194168] (rplidar_ros) StderrLine: {'line': b'\x1b[01m\x1b[K/home/punished_venom/DroneControls/src/rplidar_ros/sdk/src/sl_lidar_driver.cpp:75:17:\x1b[m\x1b[K \x1b[01;35m\x1b[Kwarning: \x1b[m\x1b[K\xe2\x80\x98\x1b[01m\x1b[Kvoid sl::\x1b[01;32m\x1b[Kconvert\x1b[m\x1b[K(const sl_lidar_response_measurement_node_t&, sl_lidar_response_measurement_node_hq_t&)\x1b[m\x1b[K\xe2\x80\x99 defined but not used [\x1b[01;35m\x1b[K-Wunused-function\x1b[m\x1b[K]\n'}
[67.196647] (rplidar_ros) StderrLine: {'line': b'   75 |     static void \x1b[01;35m\x1b[Kconvert\x1b[m\x1b[K(const sl_lidar_response_measurement_node_t& from, sl_lidar_response_measurement_node_hq_t& to)\n'}
[67.200878] (rplidar_ros) StderrLine: {'line': b'      |                 \x1b[01;35m\x1b[K^~~~~~~\x1b[m\x1b[K\n'}
[67.201654] (rplidar_ros) StderrLine: {'line': b'\x1b[01m\x1b[K/home/punished_venom/DroneControls/src/rplidar_ros/sdk/src/sl_lidar_driver.cpp:70:17:\x1b[m\x1b[K \x1b[01;35m\x1b[Kwarning: \x1b[m\x1b[K\xe2\x80\x98\x1b[01m\x1b[Kvoid sl::\x1b[01;32m\x1b[KprintDeprecationWarn\x1b[m\x1b[K(const char*, const char*)\x1b[m\x1b[K\xe2\x80\x99 defined but not used [\x1b[01;35m\x1b[K-Wunused-function\x1b[m\x1b[K]\n'}
[67.202384] (rplidar_ros) StderrLine: {'line': b'   70 |     static void \x1b[01;35m\x1b[KprintDeprecationWarn\x1b[m\x1b[K(const char* fn, const char* replacement)\n'}
[67.202987] (rplidar_ros) StderrLine: {'line': b'      |                 \x1b[01;35m\x1b[K^~~~~~~~~~~~~~~~~~~~\x1b[m\x1b[K\n'}
[67.211053] (-) TimerEvent: {}
[67.235544] (rplidar_ros) StderrLine: {'line': b'In file included from \x1b[01m\x1b[K/home/punished_venom/DroneControls/src/rplidar_ros/sdk/include/rplidar_protocol.h:36\x1b[m\x1b[K,\n'}
[67.236272] (rplidar_ros) StderrLine: {'line': b'                 from \x1b[01m\x1b[K/home/punished_venom/DroneControls/src/rplidar_ros/sdk/include/rplidar.h:39\x1b[m\x1b[K,\n'}
[67.236976] (rplidar_ros) StderrLine: {'line': b'                 from \x1b[01m\x1b[K/home/punished_venom/DroneControls/src/rplidar_ros/sdk/src/sdkcommon.h:49\x1b[m\x1b[K,\n'}
[67.237589] (rplidar_ros) StderrLine: {'line': b'                 from \x1b[01m\x1b[K/home/punished_venom/DroneControls/src/rplidar_ros/sdk/src/sl_lidarprotocol_codec.cpp:35\x1b[m\x1b[K:\n'}
[67.241850] (rplidar_ros) StderrLine: {'line': b'\x1b[01m\x1b[K/home/punished_venom/DroneControls/src/rplidar_ros/sdk/include/sl_lidar_protocol.h:66:16:\x1b[m\x1b[K \x1b[01;35m\x1b[Kwarning: \x1b[m\x1b[KISO C++ forbids zero-size array \xe2\x80\x98\x1b[01m\x1b[Kdata\x1b[m\x1b[K\xe2\x80\x99 [\x1b[01;35m\x1b[K-Wpedantic\x1b[m\x1b[K]\n'}
[67.243911] (rplidar_ros) StderrLine: {'line': b'   66 |     sl_u8 data[\x1b[01;35m\x1b[K0\x1b[m\x1b[K];\n'}
[67.245971] (rplidar_ros) StderrLine: {'line': b'      |                \x1b[01;35m\x1b[K^\x1b[m\x1b[K\n'}
[67.247964] (rplidar_ros) StderrLine: {'line': b'In file included from \x1b[01m\x1b[K/home/punished_venom/DroneControls/src/rplidar_ros/sdk/include/rplidar_cmd.h:36\x1b[m\x1b[K,\n'}
[67.248827] (rplidar_ros) StderrLine: {'line': b'                 from \x1b[01m\x1b[K/home/punished_venom/DroneControls/src/rplidar_ros/sdk/include/rplidar.h:40\x1b[m\x1b[K:\n'}
[67.249448] (rplidar_ros) StderrLine: {'line': b'\x1b[01m\x1b[K/home/punished_venom/DroneControls/src/rplidar_ros/sdk/include/sl_lidar_cmd.h:324:20:\x1b[m\x1b[K \x1b[01;35m\x1b[Kwarning: \x1b[m\x1b[KISO C++ forbids zero-size array \xe2\x80\x98\x1b[01m\x1b[Kpayload\x1b[m\x1b[K\xe2\x80\x99 [\x1b[01;35m\x1b[K-Wpedantic\x1b[m\x1b[K]\n'}
[67.250093] (rplidar_ros) StderrLine: {'line': b'  324 |     sl_u8  payload[\x1b[01;35m\x1b[K0\x1b[m\x1b[K];\n'}
[67.253977] (rplidar_ros) StderrLine: {'line': b'      |                    \x1b[01;35m\x1b[K^\x1b[m\x1b[K\n'}
[67.311262] (-) TimerEvent: {}
[67.412076] (-) TimerEvent: {}
[67.512921] (-) TimerEvent: {}
[67.614508] (-) TimerEvent: {}
[67.715427] (-) TimerEvent: {}
[67.816269] (-) TimerEvent: {}
[67.917493] (-) TimerEvent: {}
[68.018503] (-) TimerEvent: {}
[68.087749] (rplidar_ros) StderrLine: {'line': b'In file included from \x1b[01m\x1b[K/home/punished_venom/DroneControls/src/rplidar_ros/sdk/src/sl_lidarprotocol_codec.cpp:49\x1b[m\x1b[K:\n'}
[68.088569] (rplidar_ros) StderrLine: {'line': b'\x1b[01m\x1b[K/home/punished_venom/DroneControls/src/rplidar_ros/sdk/src/sl_async_transceiver.h:\x1b[m\x1b[K In member function \xe2\x80\x98\x1b[01m\x1b[Kvirtual void sl::internal::IAsyncProtocolCodec::\x1b[01;32m\x1b[KonChannelError\x1b[m\x1b[K(u_result)\x1b[m\x1b[K\xe2\x80\x99:\n'}
[68.089156] (rplidar_ros) StderrLine: {'line': b'\x1b[01m\x1b[K/home/punished_venom/DroneControls/src/rplidar_ros/sdk/src/sl_async_transceiver.h:90:48:\x1b[m\x1b[K \x1b[01;35m\x1b[Kwarning: \x1b[m\x1b[Kunused parameter \xe2\x80\x98\x1b[01m\x1b[KerrCode\x1b[m\x1b[K\xe2\x80\x99 [\x1b[01;35m\x1b[K-Wunused-parameter\x1b[m\x1b[K]\n'}
[68.089779] (rplidar_ros) StderrLine: {'line': b'   90 |         virtual void   onChannelError(\x1b[01;35m\x1b[Ku_result errCode\x1b[m\x1b[K) {}\n'}
[68.090244] (rplidar_ros) StderrLine: {'line': b'      |                                       \x1b[01;35m\x1b[K~~~~~~~~~^~~~~~~\x1b[m\x1b[K\n'}
[68.119514] (-) TimerEvent: {}
[68.220720] (-) TimerEvent: {}
[68.323518] (-) TimerEvent: {}
[68.424511] (-) TimerEvent: {}
[68.526862] (-) TimerEvent: {}
[68.630038] (-) TimerEvent: {}
[68.732823] (-) TimerEvent: {}
[68.836792] (-) TimerEvent: {}
[68.868285] (rplidar_ros) StdoutLine: {'line': b'[ 89%] \x1b[32mBuilding CXX object CMakeFiles/rplidar_composition.dir/sdk/src/sl_serial_channel.cpp.o\x1b[0m\n'}
[68.937110] (-) TimerEvent: {}
[69.039505] (-) TimerEvent: {}
[69.140491] (-) TimerEvent: {}
[69.241489] (-) TimerEvent: {}
[69.343732] (-) TimerEvent: {}
[69.444693] (-) TimerEvent: {}
[69.546535] (-) TimerEvent: {}
[69.647259] (-) TimerEvent: {}
[69.750721] (-) TimerEvent: {}
[69.851519] (-) TimerEvent: {}
[69.952562] (-) TimerEvent: {}
[70.054662] (-) TimerEvent: {}
[70.157705] (-) TimerEvent: {}
[70.258511] (-) TimerEvent: {}
[70.359263] (-) TimerEvent: {}
[70.441678] (rplidar_ros) StderrLine: {'line': b'In file included from \x1b[01m\x1b[K/home/punished_venom/DroneControls/src/rplidar_ros/sdk/include/sl_lidar_cmd.h:41\x1b[m\x1b[K,\n'}
[70.442242] (rplidar_ros) StderrLine: {'line': b'                 from \x1b[01m\x1b[K/home/punished_venom/DroneControls/src/rplidar_ros/sdk/include/sl_lidar_driver.h:54\x1b[m\x1b[K,\n'}
[70.442624] (rplidar_ros) StderrLine: {'line': b'                 from \x1b[01m\x1b[K/home/punished_venom/DroneControls/src/rplidar_ros/sdk/src/sl_serial_channel.cpp:33\x1b[m\x1b[K:\n'}
[70.442908] (rplidar_ros) StderrLine: {'line': b'\x1b[01m\x1b[K/home/punished_venom/DroneControls/src/rplidar_ros/sdk/include/sl_lidar_protocol.h:66:16:\x1b[m\x1b[K \x1b[01;35m\x1b[Kwarning: \x1b[m\x1b[KISO C++ forbids zero-size array \xe2\x80\x98\x1b[01m\x1b[Kdata\x1b[m\x1b[K\xe2\x80\x99 [\x1b[01;35m\x1b[K-Wpedantic\x1b[m\x1b[K]\n'}
[70.443171] (rplidar_ros) StderrLine: {'line': b'   66 |     sl_u8 data[\x1b[01;35m\x1b[K0\x1b[m\x1b[K];\n'}
[70.443523] (rplidar_ros) StderrLine: {'line': b'      |                \x1b[01;35m\x1b[K^\x1b[m\x1b[K\n'}
[70.446017] (rplidar_ros) StderrLine: {'line': b'\x1b[01m\x1b[K/home/punished_venom/DroneControls/src/rplidar_ros/sdk/include/sl_lidar_cmd.h:324:20:\x1b[m\x1b[K \x1b[01;35m\x1b[Kwarning: \x1b[m\x1b[KISO C++ forbids zero-size array \xe2\x80\x98\x1b[01m\x1b[Kpayload\x1b[m\x1b[K\xe2\x80\x99 [\x1b[01;35m\x1b[K-Wpedantic\x1b[m\x1b[K]\n'}
[70.446797] (rplidar_ros) StderrLine: {'line': b'  324 |     sl_u8  payload[\x1b[01;35m\x1b[K0\x1b[m\x1b[K];\n'}
[70.447259] (rplidar_ros) StderrLine: {'line': b'      |                    \x1b[01;35m\x1b[K^\x1b[m\x1b[K\n'}
[70.459585] (-) TimerEvent: {}
[70.560682] (-) TimerEvent: {}
[70.661608] (-) TimerEvent: {}
[70.762665] (-) TimerEvent: {}
[70.863517] (-) TimerEvent: {}
[70.964516] (-) TimerEvent: {}
[70.969043] (rplidar_ros) StdoutLine: {'line': b'[ 92%] \x1b[32mBuilding CXX object CMakeFiles/rplidar_composition.dir/sdk/src/sl_tcp_channel.cpp.o\x1b[0m\n'}
[70.975661] (rplidar_ros) StdoutLine: {'line': b'[ 94%] \x1b[32mBuilding CXX object CMakeFiles/rplidar_composition.dir/sdk/src/sl_udp_channel.cpp.o\x1b[0m\n'}
[71.065518] (-) TimerEvent: {}
[71.166408] (-) TimerEvent: {}
[71.269680] (-) TimerEvent: {}
[71.370497] (-) TimerEvent: {}
[71.474796] (-) TimerEvent: {}
[71.576829] (-) TimerEvent: {}
[71.679523] (-) TimerEvent: {}
[71.781502] (-) TimerEvent: {}
[71.884819] (-) TimerEvent: {}
[71.986543] (-) TimerEvent: {}
[72.087649] (-) TimerEvent: {}
[72.117049] (<colcon_parallel_executor.executor.parallel.ParallelExecutorExtension object at 0xffffaf3c82f0>) ParallelStatus: {'processing': ('rplidar_ros',)}
[72.187876] (-) TimerEvent: {}
[72.288782] (-) TimerEvent: {}
[72.390442] (-) TimerEvent: {}
[72.491886] (-) TimerEvent: {}
[72.554765] (rplidar_ros) StderrLine: {'line': b'In file included from \x1b[01m\x1b[K/home/punished_venom/DroneControls/src/rplidar_ros/sdk/include/sl_lidar_cmd.h:41\x1b[m\x1b[K,\n'}
[72.555571] (rplidar_ros) StderrLine: {'line': b'                 from \x1b[01m\x1b[K/home/punished_venom/DroneControls/src/rplidar_ros/sdk/include/sl_lidar_driver.h:54\x1b[m\x1b[K,\n'}
[72.556269] (rplidar_ros) StderrLine: {'line': b'                 from \x1b[01m\x1b[K/home/punished_venom/DroneControls/src/rplidar_ros/sdk/src/sl_udp_channel.cpp:33\x1b[m\x1b[K:\n'}
[72.557142] (rplidar_ros) StderrLine: {'line': b'\x1b[01m\x1b[K/home/punished_venom/DroneControls/src/rplidar_ros/sdk/include/sl_lidar_protocol.h:66:16:\x1b[m\x1b[K \x1b[01;35m\x1b[Kwarning: \x1b[m\x1b[KISO C++ forbids zero-size array \xe2\x80\x98\x1b[01m\x1b[Kdata\x1b[m\x1b[K\xe2\x80\x99 [\x1b[01;35m\x1b[K-Wpedantic\x1b[m\x1b[K]\n'}
[72.561918] (rplidar_ros) StderrLine: {'line': b'   66 |     sl_u8 data[\x1b[01;35m\x1b[K0\x1b[m\x1b[K];\n'}
[72.562603] (rplidar_ros) StderrLine: {'line': b'      |                \x1b[01;35m\x1b[K^\x1b[m\x1b[K\n'}
[72.563677] (rplidar_ros) StderrLine: {'line': b'In file included from \x1b[01m\x1b[K/home/punished_venom/DroneControls/src/rplidar_ros/sdk/include/sl_lidar_cmd.h:41\x1b[m\x1b[K,\n'}
[72.564186] (rplidar_ros) StderrLine: {'line': b'                 from \x1b[01m\x1b[K/home/punished_venom/DroneControls/src/rplidar_ros/sdk/include/sl_lidar_driver.h:54\x1b[m\x1b[K,\n'}
[72.568157] (rplidar_ros) StderrLine: {'line': b'                 from \x1b[01m\x1b[K/home/punished_venom/DroneControls/src/rplidar_ros/sdk/src/sl_tcp_channel.cpp:33\x1b[m\x1b[K:\n'}
[72.568925] (rplidar_ros) StderrLine: {'line': b'\x1b[01m\x1b[K/home/punished_venom/DroneControls/src/rplidar_ros/sdk/include/sl_lidar_protocol.h:66:16:\x1b[m\x1b[K \x1b[01;35m\x1b[Kwarning: \x1b[m\x1b[KISO C++ forbids zero-size array \xe2\x80\x98\x1b[01m\x1b[Kdata\x1b[m\x1b[K\xe2\x80\x99 [\x1b[01;35m\x1b[K-Wpedantic\x1b[m\x1b[K]\n'}
[72.569594] (rplidar_ros) StderrLine: {'line': b'   66 |     sl_u8 data[\x1b[01;35m\x1b[K0\x1b[m\x1b[K];\n'}
[72.570254] (rplidar_ros) StderrLine: {'line': b'      |                \x1b[01;35m\x1b[K^\x1b[m\x1b[K\n'}
[72.573358] (rplidar_ros) StderrLine: {'line': b'\x1b[01m\x1b[K/home/punished_venom/DroneControls/src/rplidar_ros/sdk/include/sl_lidar_cmd.h:324:20:\x1b[m\x1b[K \x1b[01;35m\x1b[Kwarning: \x1b[m\x1b[KISO C++ forbids zero-size array \xe2\x80\x98\x1b[01m\x1b[Kpayload\x1b[m\x1b[K\xe2\x80\x99 [\x1b[01;35m\x1b[K-Wpedantic\x1b[m\x1b[K]\n'}
[72.574121] (rplidar_ros) StderrLine: {'line': b'  324 |     sl_u8  payload[\x1b[01;35m\x1b[K0\x1b[m\x1b[K];\n'}
[72.576135] (rplidar_ros) StderrLine: {'line': b'      |                    \x1b[01;35m\x1b[K^\x1b[m\x1b[K\n'}
[72.576885] (rplidar_ros) StderrLine: {'line': b'\x1b[01m\x1b[K/home/punished_venom/DroneControls/src/rplidar_ros/sdk/include/sl_lidar_cmd.h:324:20:\x1b[m\x1b[K \x1b[01;35m\x1b[Kwarning: \x1b[m\x1b[KISO C++ forbids zero-size array \xe2\x80\x98\x1b[01m\x1b[Kpayload\x1b[m\x1b[K\xe2\x80\x99 [\x1b[01;35m\x1b[K-Wpedantic\x1b[m\x1b[K]\n'}
[72.577636] (rplidar_ros) StderrLine: {'line': b'  324 |     sl_u8  payload[\x1b[01;35m\x1b[K0\x1b[m\x1b[K];\n'}
[72.578100] (rplidar_ros) StderrLine: {'line': b'      |                    \x1b[01;35m\x1b[K^\x1b[m\x1b[K\n'}
[72.582161] (rplidar_ros) StderrLine: {'line': b'\x1b[01m\x1b[K/home/punished_venom/DroneControls/src/rplidar_ros/sdk/src/sl_udp_channel.cpp:\x1b[m\x1b[K In member function \xe2\x80\x98\x1b[01m\x1b[Kvoid sl::UdpChannel::\x1b[01;32m\x1b[KsetStatus\x1b[m\x1b[K(_u32)\x1b[m\x1b[K\xe2\x80\x99:\n'}
[72.582945] (rplidar_ros) StderrLine: {'line': b'\x1b[01m\x1b[K/home/punished_venom/DroneControls/src/rplidar_ros/sdk/src/sl_udp_channel.cpp:112:29:\x1b[m\x1b[K \x1b[01;35m\x1b[Kwarning: \x1b[m\x1b[Kunused parameter \xe2\x80\x98\x1b[01m\x1b[Kflag\x1b[m\x1b[K\xe2\x80\x99 [\x1b[01;35m\x1b[K-Wunused-parameter\x1b[m\x1b[K]\n'}
[72.586917] (rplidar_ros) StderrLine: {'line': b'  112 |         void setStatus(\x1b[01;35m\x1b[K_u32 flag\x1b[m\x1b[K){}\n'}
[72.587592] (rplidar_ros) StderrLine: {'line': b'      |                        \x1b[01;35m\x1b[K~~~~~^~~~\x1b[m\x1b[K\n'}
[72.592103] (-) TimerEvent: {}
[72.600560] (rplidar_ros) StderrLine: {'line': b'\x1b[01m\x1b[K/home/punished_venom/DroneControls/src/rplidar_ros/sdk/src/sl_tcp_channel.cpp:\x1b[m\x1b[K In member function \xe2\x80\x98\x1b[01m\x1b[Kvoid sl::TcpChannel::\x1b[01;32m\x1b[KsetStatus\x1b[m\x1b[K(_u32)\x1b[m\x1b[K\xe2\x80\x99:\n'}
[72.601310] (rplidar_ros) StderrLine: {'line': b'\x1b[01m\x1b[K/home/punished_venom/DroneControls/src/rplidar_ros/sdk/src/sl_tcp_channel.cpp:109:29:\x1b[m\x1b[K \x1b[01;35m\x1b[Kwarning: \x1b[m\x1b[Kunused parameter \xe2\x80\x98\x1b[01m\x1b[Kflag\x1b[m\x1b[K\xe2\x80\x99 [\x1b[01;35m\x1b[K-Wunused-parameter\x1b[m\x1b[K]\n'}
[72.602048] (rplidar_ros) StderrLine: {'line': b'  109 |         void setStatus(\x1b[01;35m\x1b[K_u32 flag\x1b[m\x1b[K){}\n'}
[72.602694] (rplidar_ros) StderrLine: {'line': b'      |                        \x1b[01;35m\x1b[K~~~~~^~~~\x1b[m\x1b[K\n'}
[72.692413] (-) TimerEvent: {}
[72.795764] (-) TimerEvent: {}
[72.896648] (-) TimerEvent: {}
[72.997640] (-) TimerEvent: {}
[73.101259] (-) TimerEvent: {}
[73.202089] (-) TimerEvent: {}
[73.302816] (-) TimerEvent: {}
[73.403497] (-) TimerEvent: {}
[73.504235] (-) TimerEvent: {}
[73.604979] (-) TimerEvent: {}
[73.705704] (-) TimerEvent: {}
[73.806418] (-) TimerEvent: {}
[73.907142] (-) TimerEvent: {}
[74.007983] (-) TimerEvent: {}
[74.108780] (-) TimerEvent: {}
[74.209592] (-) TimerEvent: {}
[74.310257] (-) TimerEvent: {}
[74.410972] (-) TimerEvent: {}
[74.511676] (-) TimerEvent: {}
[74.612372] (-) TimerEvent: {}
[74.713067] (-) TimerEvent: {}
[74.813822] (-) TimerEvent: {}
[74.914534] (-) TimerEvent: {}
[75.015266] (-) TimerEvent: {}
[75.116047] (-) TimerEvent: {}
[75.216811] (-) TimerEvent: {}
[75.317491] (-) TimerEvent: {}
[75.418176] (-) TimerEvent: {}
[75.518884] (-) TimerEvent: {}
[75.619627] (-) TimerEvent: {}
[75.720306] (-) TimerEvent: {}
[75.821096] (-) TimerEvent: {}
[75.921926] (-) TimerEvent: {}
[76.022657] (-) TimerEvent: {}
[76.123286] (-) TimerEvent: {}
[76.223965] (-) TimerEvent: {}
[76.324720] (-) TimerEvent: {}
[76.425407] (-) TimerEvent: {}
[76.526103] (-) TimerEvent: {}
[76.626915] (-) TimerEvent: {}
[76.727819] (-) TimerEvent: {}
[76.828594] (-) TimerEvent: {}
[76.832292] (rplidar_ros) StdoutLine: {'line': b'[ 97%] \x1b[1m\x1b[32mLinking CXX executable rplidar_composition\x1b[0m\n'}
[76.928890] (-) TimerEvent: {}
[77.029912] (-) TimerEvent: {}
[77.130960] (-) TimerEvent: {}
[77.232094] (-) TimerEvent: {}
[77.332938] (-) TimerEvent: {}
[77.433803] (-) TimerEvent: {}
[77.534711] (-) TimerEvent: {}
[77.635519] (-) TimerEvent: {}
[77.736282] (-) TimerEvent: {}
[77.837003] (-) TimerEvent: {}
[77.937682] (-) TimerEvent: {}
[78.021919] (rplidar_ros) StdoutLine: {'line': b'[ 97%] Built target rplidar_composition\n'}
[78.037887] (-) TimerEvent: {}
[78.138520] (-) TimerEvent: {}
[78.239104] (-) TimerEvent: {}
[78.339746] (-) TimerEvent: {}
[78.440356] (-) TimerEvent: {}
[78.540973] (-) TimerEvent: {}
[78.641612] (-) TimerEvent: {}
[78.742207] (-) TimerEvent: {}
[78.842845] (-) TimerEvent: {}
[78.943487] (-) TimerEvent: {}
[79.044115] (-) TimerEvent: {}
[79.144761] (-) TimerEvent: {}
[79.245410] (-) TimerEvent: {}
[79.345984] (-) TimerEvent: {}
[79.446586] (-) TimerEvent: {}
[79.547181] (-) TimerEvent: {}
[79.647812] (-) TimerEvent: {}
[79.748422] (-) TimerEvent: {}
[79.849049] (-) TimerEvent: {}
[79.949677] (-) TimerEvent: {}
[80.050299] (-) TimerEvent: {}
[80.151007] (-) TimerEvent: {}
[80.251710] (-) TimerEvent: {}
[80.352290] (-) TimerEvent: {}
[80.452952] (-) TimerEvent: {}
[80.553602] (-) TimerEvent: {}
[80.654171] (-) TimerEvent: {}
[80.754819] (-) TimerEvent: {}
[80.855441] (-) TimerEvent: {}
[80.956030] (-) TimerEvent: {}
[81.056880] (-) TimerEvent: {}
[81.157505] (-) TimerEvent: {}
[81.258090] (-) TimerEvent: {}
[81.358733] (-) TimerEvent: {}
[81.459371] (-) TimerEvent: {}
[81.559958] (-) TimerEvent: {}
[81.660627] (-) TimerEvent: {}
[81.761200] (-) TimerEvent: {}
[81.861849] (-) TimerEvent: {}
[81.962456] (-) TimerEvent: {}
[82.063047] (-) TimerEvent: {}
[82.163687] (-) TimerEvent: {}
[82.264282] (-) TimerEvent: {}
[82.364888] (-) TimerEvent: {}
[82.465468] (-) TimerEvent: {}
[82.566052] (-) TimerEvent: {}
[82.666663] (-) TimerEvent: {}
[82.767248] (-) TimerEvent: {}
[82.867881] (-) TimerEvent: {}
[82.968517] (-) TimerEvent: {}
[83.069093] (-) TimerEvent: {}
[83.169719] (-) TimerEvent: {}
[83.270308] (-) TimerEvent: {}
[83.370907] (-) TimerEvent: {}
[83.471466] (-) TimerEvent: {}
[83.572043] (-) TimerEvent: {}
[83.672706] (-) TimerEvent: {}
[83.773399] (-) TimerEvent: {}
[83.874064] (-) TimerEvent: {}
[83.974742] (-) TimerEvent: {}
[84.075398] (-) TimerEvent: {}
[84.175981] (-) TimerEvent: {}
[84.276642] (-) TimerEvent: {}
[84.377249] (-) TimerEvent: {}
[84.477903] (-) TimerEvent: {}
[84.578526] (-) TimerEvent: {}
[84.679180] (-) TimerEvent: {}
[84.779785] (-) TimerEvent: {}
[84.880584] (-) TimerEvent: {}
[84.981630] (-) TimerEvent: {}
[85.082458] (-) TimerEvent: {}
[85.183191] (-) TimerEvent: {}
[85.284147] (-) TimerEvent: {}
[85.344363] (rplidar_ros) StdoutLine: {'line': b'[100%] \x1b[1m\x1b[32mLinking CXX executable rplidar_client\x1b[0m\n'}
[85.384376] (-) TimerEvent: {}
[85.485097] (-) TimerEvent: {}
[85.585996] (-) TimerEvent: {}
[85.686865] (-) TimerEvent: {}
[85.787701] (-) TimerEvent: {}
[85.888672] (-) TimerEvent: {}
[85.989385] (-) TimerEvent: {}
[86.090079] (-) TimerEvent: {}
[86.191225] (-) TimerEvent: {}
[86.292245] (-) TimerEvent: {}
[86.392876] (-) TimerEvent: {}
[86.493613] (-) TimerEvent: {}
[86.594137] (-) TimerEvent: {}
[86.650003] (rplidar_ros) StdoutLine: {'line': b'[100%] Built target rplidar_client\n'}
[86.686234] (rplidar_ros) CommandEnded: {'returncode': 0}
[86.689096] (rplidar_ros) JobProgress: {'identifier': 'rplidar_ros', 'progress': 'install'}
[86.689796] (rplidar_ros) Command: {'cmd': ['/usr/bin/cmake', '--install', '/home/punished_venom/DroneControls/build/rplidar_ros'], 'cwd': '/home/punished_venom/DroneControls/build/rplidar_ros', 'env': OrderedDict({'USER': 'punished_venom', 'SSH_CLIENT': '100.70.204.74 51792 22', 'XDG_SESSION_TYPE': 'tty', 'LD_LIBRARY_PATH': '/opt/ros/lyrical/lib/aarch64-linux-gnu:/opt/ros/lyrical/lib', 'SHLVL': '1', 'HOME': '/home/punished_venom', 'SSH_TTY': '/dev/pts/0', 'ROS_PYTHON_VERSION': '3', 'DBUS_SESSION_BUS_ADDRESS': 'unix:path=/run/user/1000/bus', 'ROS_DISTRO': 'lyrical', 'LOGNAME': 'punished_venom', 'XDG_SESSION_CLASS': 'user', 'ROS_VERSION': '2', 'TERM': 'xterm', 'XDG_SESSION_ID': '142', 'PATH': '/opt/ros/lyrical/bin:/usr/local/sbin:/usr/local/bin:/usr/sbin:/usr/bin:/sbin:/bin:/usr/games:/usr/local/games:/snap/bin', 'XDG_RUNTIME_DIR': '/run/user/1000', 'LANG': 'en_US.UTF-8', 'AMENT_PREFIX_PATH': '/opt/ros/lyrical', 'ROS_DOMAIN_ID': '101', 'SHELL': '/usr/bin/fish', 'ROS_AUTOMATIC_DISCOVERY_RANGE': 'SUBNET', 'PWD': '/home/punished_venom/DroneControls/build/rplidar_ros', 'LC_ALL': 'en_US.UTF-8', 'SSH_CONNECTION': '100.70.204.74 51792 100.71.17.45 22', 'XDG_DATA_DIRS': '/usr/local/share:/usr/share:/var/lib/snapd/desktop', 'PYTHONPATH': '/opt/ros/lyrical/lib/python3.14/site-packages', 'COLCON': '1', 'AMENT_CURRENT_PREFIX': '', 'CMAKE_PREFIX_PATH': '/opt/ros/lyrical'}), 'shell': False}
[86.694376] (-) TimerEvent: {}
[86.714419] (rplidar_ros) StdoutLine: {'line': b'-- Install configuration: ""\n'}
[86.715701] (rplidar_ros) StdoutLine: {'line': b'-- Execute custom install script\n'}
[86.717495] (rplidar_ros) StdoutLine: {'line': b'-- Symlinking: /home/punished_venom/DroneControls/install/rplidar_ros/share/rplidar_ros/launch/rplidar_a1_launch.py\n'}
[86.744462] (rplidar_ros) StdoutLine: {'line': b'-- Symlinking: /home/punished_venom/DroneControls/install/rplidar_ros/share/rplidar_ros/launch/rplidar_a2m12_launch.py\n'}
[86.771414] (rplidar_ros) StdoutLine: {'line': b'-- Symlinking: /home/punished_venom/DroneControls/install/rplidar_ros/share/rplidar_ros/launch/rplidar_a2m7_launch.py\n'}
[86.794516] (-) TimerEvent: {}
[86.798054] (rplidar_ros) StdoutLine: {'line': b'-- Symlinking: /home/punished_venom/DroneControls/install/rplidar_ros/share/rplidar_ros/launch/rplidar_a2m8_launch.py\n'}
[86.825009] (rplidar_ros) StdoutLine: {'line': b'-- Symlinking: /home/punished_venom/DroneControls/install/rplidar_ros/share/rplidar_ros/launch/rplidar_a3_launch.py\n'}
[86.853721] (rplidar_ros) StdoutLine: {'line': b'-- Symlinking: /home/punished_venom/DroneControls/install/rplidar_ros/share/rplidar_ros/launch/rplidar_c1_launch.py\n'}
[86.881309] (rplidar_ros) StdoutLine: {'line': b'-- Symlinking: /home/punished_venom/DroneControls/install/rplidar_ros/share/rplidar_ros/launch/rplidar_s1_launch.py\n'}
[86.894690] (-) TimerEvent: {}
[86.908864] (rplidar_ros) StdoutLine: {'line': b'-- Symlinking: /home/punished_venom/DroneControls/install/rplidar_ros/share/rplidar_ros/launch/rplidar_s1_tcp_launch.py\n'}
[86.935812] (rplidar_ros) StdoutLine: {'line': b'-- Symlinking: /home/punished_venom/DroneControls/install/rplidar_ros/share/rplidar_ros/launch/rplidar_s2_launch.py\n'}
[86.963196] (rplidar_ros) StdoutLine: {'line': b'-- Symlinking: /home/punished_venom/DroneControls/install/rplidar_ros/share/rplidar_ros/launch/rplidar_s2e_launch.py\n'}
[86.990218] (rplidar_ros) StdoutLine: {'line': b'-- Symlinking: /home/punished_venom/DroneControls/install/rplidar_ros/share/rplidar_ros/launch/rplidar_s3_launch.py\n'}
[86.994849] (-) TimerEvent: {}
[87.017450] (rplidar_ros) StdoutLine: {'line': b'-- Symlinking: /home/punished_venom/DroneControls/install/rplidar_ros/share/rplidar_ros/launch/rplidar_t1_launch.py\n'}
[87.045126] (rplidar_ros) StdoutLine: {'line': b'-- Symlinking: /home/punished_venom/DroneControls/install/rplidar_ros/share/rplidar_ros/launch/view_rplidar_a1_launch.py\n'}
[87.072523] (rplidar_ros) StdoutLine: {'line': b'-- Symlinking: /home/punished_venom/DroneControls/install/rplidar_ros/share/rplidar_ros/launch/view_rplidar_a2m12_launch.py\n'}
[87.095015] (-) TimerEvent: {}
[87.100417] (rplidar_ros) StdoutLine: {'line': b'-- Symlinking: /home/punished_venom/DroneControls/install/rplidar_ros/share/rplidar_ros/launch/view_rplidar_a2m7_launch.py\n'}
[87.127657] (rplidar_ros) StdoutLine: {'line': b'-- Symlinking: /home/punished_venom/DroneControls/install/rplidar_ros/share/rplidar_ros/launch/view_rplidar_a2m8_launch.py\n'}
[87.153530] (rplidar_ros) StdoutLine: {'line': b'-- Symlinking: /home/punished_venom/DroneControls/install/rplidar_ros/share/rplidar_ros/launch/view_rplidar_a3_launch.py\n'}
[87.180010] (rplidar_ros) StdoutLine: {'line': b'-- Symlinking: /home/punished_venom/DroneControls/install/rplidar_ros/share/rplidar_ros/launch/view_rplidar_c1_launch.py\n'}
[87.195247] (-) TimerEvent: {}
[87.207484] (rplidar_ros) StdoutLine: {'line': b'-- Symlinking: /home/punished_venom/DroneControls/install/rplidar_ros/share/rplidar_ros/launch/view_rplidar_s1_launch.py\n'}
[87.233907] (rplidar_ros) StdoutLine: {'line': b'-- Symlinking: /home/punished_venom/DroneControls/install/rplidar_ros/share/rplidar_ros/launch/view_rplidar_s1_tcp_launch.py\n'}
[87.260516] (rplidar_ros) StdoutLine: {'line': b'-- Symlinking: /home/punished_venom/DroneControls/install/rplidar_ros/share/rplidar_ros/launch/view_rplidar_s2_launch.py\n'}
[87.287281] (rplidar_ros) StdoutLine: {'line': b'-- Symlinking: /home/punished_venom/DroneControls/install/rplidar_ros/share/rplidar_ros/launch/view_rplidar_s2e_launch.py\n'}
[87.295405] (-) TimerEvent: {}
[87.314408] (rplidar_ros) StdoutLine: {'line': b'-- Symlinking: /home/punished_venom/DroneControls/install/rplidar_ros/share/rplidar_ros/launch/view_rplidar_s3_launch.py\n'}
[87.341732] (rplidar_ros) StdoutLine: {'line': b'-- Symlinking: /home/punished_venom/DroneControls/install/rplidar_ros/share/rplidar_ros/launch/view_rplidar_t1_launch.py\n'}
[87.368504] (rplidar_ros) StdoutLine: {'line': b'-- Symlinking: /home/punished_venom/DroneControls/install/rplidar_ros/share/rplidar_ros/rviz/rplidar_ros.rviz\n'}
[87.395556] (-) TimerEvent: {}
[87.397092] (rplidar_ros) StdoutLine: {'line': b'-- Symlinking: /home/punished_venom/DroneControls/install/rplidar_ros/lib/rplidar_ros/rplidar_node\n'}
[87.424528] (rplidar_ros) StdoutLine: {'line': b'-- Symlinking: /home/punished_venom/DroneControls/install/rplidar_ros/lib/rplidar_ros/rplidar_composition\n'}
[87.450975] (rplidar_ros) StdoutLine: {'line': b'-- Symlinking: /home/punished_venom/DroneControls/install/rplidar_ros/lib/rplidar_ros/rplidar_client\n'}
[87.478651] (rplidar_ros) StdoutLine: {'line': b'-- Symlinking: /home/punished_venom/DroneControls/install/rplidar_ros/share/ament_index/resource_index/package_run_dependencies/rplidar_ros\n'}
[87.495703] (-) TimerEvent: {}
[87.506117] (rplidar_ros) StdoutLine: {'line': b'-- Symlinking: /home/punished_venom/DroneControls/install/rplidar_ros/share/ament_index/resource_index/parent_prefix_path/rplidar_ros\n'}
[87.533900] (rplidar_ros) StdoutLine: {'line': b'-- Symlinking: /home/punished_venom/DroneControls/install/rplidar_ros/share/rplidar_ros/environment/ament_prefix_path.sh\n'}
[87.561807] (rplidar_ros) StdoutLine: {'line': b'-- Symlinking: /home/punished_venom/DroneControls/install/rplidar_ros/share/rplidar_ros/environment/ament_prefix_path.dsv\n'}
[87.589965] (rplidar_ros) StdoutLine: {'line': b'-- Symlinking: /home/punished_venom/DroneControls/install/rplidar_ros/share/rplidar_ros/environment/path.sh\n'}
[87.595899] (-) TimerEvent: {}
[87.618265] (rplidar_ros) StdoutLine: {'line': b'-- Symlinking: /home/punished_venom/DroneControls/install/rplidar_ros/share/rplidar_ros/environment/path.dsv\n'}
[87.645803] (rplidar_ros) StdoutLine: {'line': b'-- Symlinking: /home/punished_venom/DroneControls/install/rplidar_ros/share/rplidar_ros/local_setup.bash\n'}
[87.673714] (rplidar_ros) StdoutLine: {'line': b'-- Symlinking: /home/punished_venom/DroneControls/install/rplidar_ros/share/rplidar_ros/local_setup.fish\n'}
[87.696059] (-) TimerEvent: {}
[87.701022] (rplidar_ros) StdoutLine: {'line': b'-- Symlinking: /home/punished_venom/DroneControls/install/rplidar_ros/share/rplidar_ros/local_setup.sh\n'}
[87.728193] (rplidar_ros) StdoutLine: {'line': b'-- Symlinking: /home/punished_venom/DroneControls/install/rplidar_ros/share/rplidar_ros/local_setup.zsh\n'}
[87.756647] (rplidar_ros) StdoutLine: {'line': b'-- Symlinking: /home/punished_venom/DroneControls/install/rplidar_ros/share/rplidar_ros/local_setup.dsv\n'}
[87.784206] (rplidar_ros) StdoutLine: {'line': b'-- Symlinking: /home/punished_venom/DroneControls/install/rplidar_ros/share/rplidar_ros/package.dsv\n'}
[87.796385] (-) TimerEvent: {}
[87.811994] (rplidar_ros) StdoutLine: {'line': b'-- Symlinking: /home/punished_venom/DroneControls/install/rplidar_ros/share/ament_index/resource_index/packages/rplidar_ros\n'}
[87.839276] (rplidar_ros) StdoutLine: {'line': b'-- Symlinking: /home/punished_venom/DroneControls/install/rplidar_ros/share/rplidar_ros/cmake/ament_cmake_export_dependencies-extras.cmake\n'}
[87.867004] (rplidar_ros) StdoutLine: {'line': b'-- Symlinking: /home/punished_venom/DroneControls/install/rplidar_ros/share/rplidar_ros/cmake/ament_cmake_export_include_directories-extras.cmake\n'}
[87.895074] (rplidar_ros) StdoutLine: {'line': b'-- Symlinking: /home/punished_venom/DroneControls/install/rplidar_ros/share/rplidar_ros/cmake/rplidar_rosConfig.cmake\n'}
[87.896478] (-) TimerEvent: {}
[87.922434] (rplidar_ros) StdoutLine: {'line': b'-- Symlinking: /home/punished_venom/DroneControls/install/rplidar_ros/share/rplidar_ros/cmake/rplidar_rosConfig-version.cmake\n'}
[87.949176] (rplidar_ros) StdoutLine: {'line': b'-- Symlinking: /home/punished_venom/DroneControls/install/rplidar_ros/share/rplidar_ros/package.xml\n'}
[87.980858] (rplidar_ros) CommandEnded: {'returncode': 0}
[87.996781] (-) TimerEvent: {}
[88.043861] (rplidar_ros) JobEnded: {'identifier': 'rplidar_ros', 'rc': 0}
[88.051378] (-) EventReactorShutdown: {}
